{
  "train_loss": [
    4.7700183391571045,
    4.286876463890076,
    3.9939218401908874,
    3.8410591959953306,
    3.751943588256836,
    3.6402518272399904,
    3.5243861436843873,
    3.4218022108078,
    3.332541346549988,
    3.176224398612976,
    3.122135949134827,
    3.0272822856903074,
    2.9004917621612547,
    2.78361154794693,
    2.6969172835350035,
    2.564105200767517,
    2.4491838693618773,
    2.3103069067001343,
    2.188193053007126,
    2.145970791578293,
    1.9870701909065247,
    1.8176157891750335,
    1.7295913815498352,
    1.6412585139274598,
    1.5116801321506501,
    1.3899944603443146,
    1.2338046729564667,
    1.1302845031023026,
    1.0135292559862137,
    0.8916567146778107,
    0.8438316941261291,
    0.7118019908666611,
    0.6176768615841866,
    0.5676329806447029,
    0.46689388155937195,
    0.3862402394413948,
    0.3055730193853378,
    0.23549374043941498,
    0.1833428330719471,
    0.15431235134601592,
    0.13703325800597668,
    0.11488700471818447,
    0.09364008903503418,
    0.0737365573644638,
    0.05649629104882479,
    0.044106051605194804,
    0.03934618793427944,
    0.03288041017949581,
    0.02751128152012825,
    0.02429371951147914,
    0.023565238155424596,
    0.023626093100756407,
    0.02400002544745803,
    0.019054029043763875,
    0.017552118841558696,
    0.016261155204847454,
    0.016160735907033087,
    0.015809799870476128,
    0.015466302866116166,
    0.016037843329831956,
    0.015706376032903792,
    0.01508891866542399,
    0.01452251928858459,
    0.01329818731173873,
    0.013740219082683325,
    0.013740182109177112,
    0.01411805609241128,
    0.013727084547281266,
    0.013815985200926662,
    0.013756546890363097,
    0.013157422188669443,
    0.01349959271028638,
    0.01336693400517106,
    0.012999832024797797,
    0.013068264489993453,
    0.013035593274980783,
    0.01316348360851407,
    0.013137943483889103,
    0.013215044373646378,
    0.01290888893418014,
    0.012805884890258312,
    0.012833349499851465,
    0.012877402594313025,
    0.012464018911123276,
    0.012787349056452513
  ],
  "train_acc": [
    2.18,
    4.86,
    7.36,
    10.26,
    10.8,
    12.34,
    14.24,
    16.26,
    18.32,
    20.92,
    22.04,
    23.8,
    25.42,
    27.56,
    29.46,
    33.24,
    34.76,
    37.88,
    41.16,
    41.6,
    45.14,
    49.52,
    50.7,
    53.88,
    57.26,
    59.28,
    64.24,
    67.12,
    70.32,
    74.58,
    75.54,
    79.88,
    82.04,
    84.54,
    87.36,
    90.0,
    92.4,
    95.16,
    96.5,
    97.12,
    97.74,
    98.1,
    98.5,
    99.08,
    99.46,
    99.7,
    99.72,
    99.8,
    99.98,
    99.98,
    99.94,
    99.92,
    99.88,
    100.0,
    100.0,
    100.0,
    100.0,
    100.0,
    100.0,
    99.98,
    99.98,
    100.0,
    100.0,
    100.0,
    100.0,
    99.98,
    100.0,
    100.0,
    100.0,
    100.0,
    100.0,
    100.0,
    100.0,
    100.0,
    100.0,
    100.0,
    100.0,
    100.0,
    100.0,
    100.0,
    100.0,
    100.0,
    100.0,
    100.0,
    100.0
  ],
  "val_loss": [
    15.32007201910019,
    4.775056624412537,
    4.1195500016212465,
    3.9210446953773497,
    3.8619897603988647,
    4.010791212320328,
    3.699511933326721,
    3.7797814190387724,
    3.7468444466590882,
    3.676897996664047,
    3.720695513486862,
    3.631754070520401,
    3.6388604402542115,
    3.61797434091568,
    3.5631844103336334,
    3.632181113958359,
    3.535570704936981,
    3.5830616533756254,
    3.5723962485790253,
    3.404114896059036,
    3.540154242515564,
    3.6168754518032076,
    3.789124405384064,
    3.684608680009842,
    3.6801281452178953,
    3.575997018814087,
    3.7991328656673433,
    3.7212017476558685,
    3.7653927147388457,
    3.9628669798374174,
    3.8221883833408357,
    3.922463071346283,
    4.256995701789856,
    4.032188129425049,
    3.9851468205451965,
    3.953072559833527,
    3.9542316794395447,
    3.8881262242794037,
    3.9081068515777586,
    4.0440934777259825,
    3.9839663207530975,
    3.881684976816177,
    3.9360042095184324,
    3.8864004611968994,
    3.8704878807067873,
    3.811218446493149,
    3.8692755699157715,
    3.8147438526153565,
    3.7933614253997803,
    3.8126234650611877,
    3.764989161491394,
    3.8122224509716034,
    3.7764819383621218,
    3.77874094247818,
    3.7834784924983977,
    3.7588066160678864,
    3.7536328196525575,
    3.757263535261154,
    3.7564669787883758,
    3.7531888604164125,
    3.7556303322315214,
    3.7535896062850953,
    3.744953864812851,
    3.7400024592876435,
    3.7392942190170286,
    3.737687659263611,
    3.73974991440773,
    3.736114490032196,
    3.731347197294235,
    3.730864185094833,
    3.7287355720996858,
    3.731511187553406,
    3.7282268404960632,
    3.724753075838089,
    3.7264154493808745,
    3.726881432533264,
    3.730496895313263,
    3.725285655260086,
    3.717297387123108,
    3.7200364649295805,
    3.7198087692260744,
    3.7279072999954224,
    3.726392298936844,
    3.723786562681198,
    3.7270977437496184
  ],
  "val_acc": [
    1.36,
    5.44,
    7.74,
    8.73,
    10.58,
    9.3,
    12.89,
    12.97,
    13.4,
    14.49,
    16.03,
    16.58,
    17.0,
    17.93,
    18.55,
    19.04,
    20.61,
    21.09,
    20.63,
    22.95,
    22.4,
    21.97,
    20.84,
    24.35,
    24.26,
    24.37,
    24.89,
    25.3,
    25.85,
    24.99,
    26.99,
    26.72,
    24.75,
    26.73,
    27.38,
    28.1,
    29.0,
    28.96,
    28.45,
    29.04,
    30.22,
    30.71,
    30.93,
    30.6,
    31.19,
    32.07,
    31.5,
    32.19,
    32.4,
    32.19,
    32.41,
    32.18,
    32.03,
    32.43,
    32.59,
    32.4,
    32.66,
    32.69,
    32.74,
    32.67,
    32.45,
    32.36,
    32.58,
    32.53,
    32.79,
    32.81,
    32.77,
    32.81,
    32.84,
    32.77,
    32.89,
    32.74,
    32.66,
    32.69,
    32.79,
    32.65,
    32.85,
    32.98,
    32.91,
    32.72,
    32.84,
    32.75,
    32.79,
    32.76,
    32.8
  ],