{
  "train_loss": [
    2.308414578437805,
    2.284653902053833,
    1.977946698665619,
    1.4788593649864197,
    1.4090219140052795,
    2.364150047302246,
    2.9029186964035034,
    2.323764443397522,
    2.2861151695251465,
    1.7839186191558838,
    1.6052305698394775,
    1.3230020403862,
    1.1258931159973145,
    1.0555294752120972,
    1.0390859842300415,
    0.9192278683185577,
    0.8633086681365967,
    0.8164286613464355,
    0.8085189461708069,
    0.7613701522350311,
    0.7397667169570923,
    0.7286753356456757,
    0.7201482355594635,
    0.73480024933815,
    0.7176810503005981,
    0.6596999764442444,
    0.6583505570888519,
    0.6157617270946503,
    0.6058580279350281,
    0.6363214552402496,
    0.550835371017456,
    0.5507197380065918,
    0.5507976710796356,
    0.5125604420900345,
    0.5035693496465683,
    0.4588538706302643,
    0.473162978887558,
    0.4420688599348068,
    0.3951268792152405,
    0.3820035755634308,
    0.361543208360672,
    0.36486440896987915,
    0.3187740743160248,
    0.29252317547798157,
    0.2837716042995453,
    0.26997728645801544,
    0.23176486045122147,
    0.24288218468427658,
    0.2417110800743103,
    0.2050667628645897,
    0.1861509010195732,
    0.1812705099582672,
    0.15345700085163116,
    0.15697921440005302,
    0.15562888234853745,
    0.14576241374015808,
    0.12874490395188332,
    0.1132211983203888,
    0.11012957990169525,
    0.09503262862563133,
    0.08107976987957954,
    0.07580243423581123,
    0.09369513764977455,
    0.07889556512236595,
    0.0694991685450077,
    0.059055354446172714,
    0.05725236237049103,
    0.04745582118630409,
    0.03954719007015228,
    0.03690146468579769,
    0.03648745082318783,
    0.051728248596191406,
    0.09153550490736961,
    0.030565899796783924,
    0.027392291463911533,
    0.04900394566357136,
    0.029127290472388268,
    0.036908590234816074,
    0.033591482788324356,
    0.03335210122168064,
    0.03371034562587738,
    0.034072949551045895,
    0.026981927454471588,
    0.04842591844499111,
    0.02840057760477066
  ],
  "train_acc": [
    7.777777777777778,
    11.777777777777779,
    29.77777777777778,
    46.44444444444444,
    52.888888888888886,
    41.111111111111114,
    34.888888888888886,
    31.77777777777778,
    38.22222222222222,
    43.55555555555556,
    50.666666666666664,
    51.111111111111114,
    58.22222222222222,
    57.55555555555556,
    59.111111111111114,
    66.22222222222223,
    68.66666666666667,
    67.33333333333333,
    68.0,
    72.88888888888889,
    70.66666666666667,
    68.44444444444444,
    70.44444444444444,
    72.22222222222223,
    72.0,
    72.66666666666667,
    75.77777777777777,
    78.44444444444444,
    76.22222222222223,
    77.77777777777777,
    81.11111111111111,
    79.55555555555556,
    78.44444444444444,
    79.33333333333333,
    79.33333333333333,
    81.55555555555556,
    82.44444444444444,
    83.33333333333333,
    85.33333333333333,
    85.55555555555556,
    87.77777777777777,
    88.22222222222223,
    89.55555555555556,
    89.55555555555556,
    92.66666666666667,
    92.0,
    91.33333333333333,
    90.66666666666667,
    90.44444444444444,
    93.55555555555556,
    94.22222222222223,
    94.44444444444444,
    95.77777777777777,
    94.88888888888889,
    95.11111111111111,
    95.55555555555556,
    96.0,
    96.66666666666667,
    96.0,
    97.77777777777777,
    98.22222222222223,
    98.22222222222223,
    97.33333333333333,
    98.0,
    98.0,
    98.88888888888889,
    98.88888888888889,
    99.11111111111111,
    99.55555555555556,
    99.11111111111111,
    99.33333333333333,
    99.33333333333333,
    98.0,
    99.77777777777777,
    99.77777777777777,
    98.88888888888889,
    99.77777777777777,
    99.55555555555556,
    99.55555555555556,
    99.55555555555556,
    99.77777777777777,
    99.77777777777777,
    99.77777777777777,
    99.11111111111111,
    100.0
  ],
  "val_loss": [
    2.1924124092891297,
    2.1656301514855745,
    1.9930550805453597,
    1.725775221298481,
    1.727587625898164,
    4.103532593825768,
    4218.786259092134,
    834.8046875,
    2566.890721814386,
    1428.549177498653,
    721.9747598582301,
    379.69534459607354,
    124.91424718396416,
    71.10503847845669,
    35.60364256234005,
    21.139700725160797,
    13.330343049148034,
    9.115016772829254,
    6.650459536190691,
    6.278774393015895,
    4.978328474636736,
    3.7136221671926566,
    3.0661560749185495,
    3.3978483512483795,
    3.407571373314693,
    2.7472734697933854,
    2.8625118280279227,
    2.973577820021531,
    2.478954220640248,
    2.210835395188167,
    2.505895059684227,
    2.0380932627053094,
    1.673474640681826,
    1.6893260314546783,
    1.6699787563291089,
    1.6039223321552933,
    1.873215309504805,
    1.7101560337790127,
    1.5833001773932884,
    1.6661608527446616,
    1.8412265900907845,
    1.72131530991916,
    1.5941320698836754,
    1.7428010044426754,
    1.852425398497746,
    1.898722192336773,
    1.9135837143865124,
    1.8187112602694282,
    1.6915771796785553,
    1.6919654977732692,
    1.7467861052217155,
    1.8210067666810135,
    2.021270521755876,
    1.8977632728116265,
    1.723148646025822,
    1.7205510838278408,
    1.9123059223438132,
    1.8513614761418309,
    1.7262780666351318,
    1.6378124541249768,
    1.6982212272183648,
    1.8023120575937732,
    1.8171913336063255,
    1.7844643551727821,
    1.729972009001107,
    1.7005069296935509,
    1.7191598497588059,
    1.7612649736733272,
    1.7738488049342716,
    1.7534004244311103,
    1.7286576936984885,
    1.7107959533559864,
    1.7096791678461536,
    1.7373573615633209,
    1.7753592400715268,
    1.8106213972486298,
    1.8243854415827785,
    1.8303745409538006,
    1.8385401059841286,
    1.8464253195400895,
    1.856875415506034,
    1.8681714534759521,
    1.8726222556212853,
    1.8855124753097008,
    1.8839458514904153
  ],
  "val_acc": [
    8.885793871866296,
    23.21727019498607,
    38.31476323119777,
    36.740947075208915,
    42.53481894150418,
    32.77158774373259,
    12.785515320334262,
    11.7966573816156,
    11.7966573816156,
    11.852367688022284,
    12.214484679665738,
    15.013927576601672,
    17.158774373259053,
    20.278551532033426,
    27.813370473537603,
    26.657381615598887,
    27.841225626740947,
    33.99721448467967,
    39.23398328690808,
    35.626740947075206,
    33.1058495821727,
    39.289693593314766,
    41.22562674094708,
    34.637883008356546,
    35.069637883008355,
    48.85793871866295,
    35.12534818941504,
    34.540389972144844,
    43.64902506963789,
    52.04735376044568,
    44.17827298050139,
    50.306406685236766,
    61.65738161559889,
    59.66573816155989,
    58.77437325905292,
    64.15041782729806,
    57.39554317548747,
    62.92479108635097,
    62.36768802228412,
    66.86629526462396,
    62.089136490250695,
    62.56267409470752,
    67.31197771587743,
    65.61281337047353,
    62.50696378830084,
    61.4066852367688,
    64.33147632311977,
    63.80222841225627,
    67.52089136490251,
    69.24791086350974,
    66.40668523676881,
    64.3732590529248,
    62.07520891364903,
    64.33147632311977,
    68.31476323119777,
    69.28969359331477,
    65.55710306406685,
    66.97771587743732,
    68.21727019498607,
    70.45961002785515,
    70.18105849582173,
    68.52367688022284,
    69.15041782729806,
    69.6100278551532,
    70.77994428969359,
    71.82451253481894,
    72.14484679665738,
    71.67130919220055,
    71.33704735376044,
    71.51810584958217,
    71.92200557103064,
    72.24233983286908,
    72.29805013927577,
    71.14206128133705,
    70.18105849582173,
    69.35933147632312,
    69.30362116991644,
    69.10863509749304,
    68.983286908078,
    68.84401114206128,
    68.42618384401115,
    68.11977715877437,
    68.13370473537604,
    67.89693593314763,
    67.89693593314763
  ],