{
  "train_loss": [
    4.727930879592895,
    5.31692955493927,
    4.6601247549057,
    4.342953109741211,
    4.20029308795929,
    4.098851072788238,
    3.993174195289612,
    3.9135931968688964,
    3.8292086243629457,
    3.7495803475379943,
    3.693963313102722,
    3.6325186491012573,
    3.5549217104911803,
    3.506067681312561,
    3.384370446205139,
    3.326823425292969,
    3.2453301668167116,
    3.1602725982666016,
    3.023355853557587,
    2.9577322602272034,
    2.8099910020828247,
    2.7059299111366273,
    2.608932113647461,
    2.510643780231476,
    2.430083966255188,
    2.3584410786628722,
    2.1988631010055544,
    2.0757921278476714,
    1.9877403557300568,
    1.8993462562561034,
    1.8211297392845154,
    1.6784516453742981,
    1.5714857578277588,
    1.43818279504776,
    1.310946774482727,
    1.2151499927043914,
    1.0881662845611573,
    1.0318110823631286,
    0.9294653445482254,
    0.83641217648983,
    0.725918248295784,
    0.6135740160942078,
    0.4884251236915588,
    0.43485462963581084,
    0.35537729859352113,
    0.29837238490581514,
    0.25318084880709646,
    0.1874377205967903,
    0.1541749767959118,
    0.127322456240654,
    0.11081900484859944,
    0.09092536140233279,
    0.07387443408370017,
    0.05884750559926033,
    0.05176227279007435,
    0.044187189638614656,
    0.04032114092260599,
    0.03249042481184006,
    0.02982316045090556,
    0.029133137501776218,
    0.028893291112035514,
    0.027034528180956842,
    0.02608299646526575,
    0.023460670746862887,
    0.02471067039296031,
    0.021989215165376663,
    0.022474734485149382,
    0.02128969905897975,
    0.021678960230201483,
    0.0212942186743021,
    0.019754359638318418,
    0.019537759106606246,
    0.019681275449693204,
    0.019057296682149172,
    0.019055565958842634,
    0.01908905040472746,
    0.018589121103286744,
    0.0198629979044199,
    0.01787586184218526,
    0.018341569416224956,
    0.018113581649959087,
    0.018029723735526203,
    0.017866140604019164,
    0.017351984838023783,
    0.017568869283422828
  ],
  "train_acc": [
    0.78,
    1.64,
    2.66,
    3.62,
    4.34,
    6.36,
    7.32,
    8.28,
    9.02,
    10.4,
    11.36,
    11.94,
    13.72,
    14.78,
    16.1,
    17.6,
    19.26,
    20.26,
    24.02,
    23.94,
    28.26,
    30.06,
    30.42,
    34.78,
    34.9,
    36.44,
    40.3,
    43.16,
    45.38,
    47.26,
    50.28,
    52.68,
    55.32,
    59.26,
    62.92,
    65.32,
    69.46,
    69.8,
    73.6,
    76.68,
    79.84,
    83.78,
    87.58,
    89.32,
    91.78,
    93.4,
    94.78,
    97.02,
    97.58,
    98.16,
    98.54,
    98.88,
    99.34,
    99.5,
    99.72,
    99.8,
    99.76,
    99.9,
    99.94,
    99.9,
    99.88,
    99.96,
    99.9,
    99.98,
    99.92,
    99.96,
    99.96,
    99.94,
    99.98,
    99.98,
    99.98,
    99.98,
    99.98,
    99.98,
    99.98,
    100.0,
    100.0,
    99.98,
    100.0,
    99.94,
    99.98,
    100.0,
    99.98,
    100.0,
    100.0
  ],
  "val_loss": [
    4.671073067188263,
    8.63184496164322,
    5.683843195438385,
    4.258559918403625,
    4.166508853435516,
    4.079463303089142,
    3.975834596157074,
    3.9401283264160156,
    3.8930842995643617,
    3.9263613522052765,
    3.948970240354538,
    3.8267071723937987,
    3.8452982306480408,
    3.7014892280101774,
    3.9474078714847565,
    3.7587728083133696,
    3.751988810300827,
    3.690994942188263,
    3.496049737930298,
    3.538931304216385,
    3.4919578313827513,
    3.5265703916549684,
    3.5698689043521883,
    3.5321911573410034,
    3.4578855633735657,
    3.3363890409469605,
    3.420387548208237,
    3.4759562492370604,
    3.4440437614917756,
    3.4626687824726106,
    3.50808390378952,
    3.6829340755939484,
    3.7250457882881163,
    3.686933147907257,
    3.6268042862415313,
    3.879538708925247,
    3.8223794758319856,
    3.777201372385025,
    3.8486534655094147,
    4.022519165277481,
    3.8910152554512023,
    3.7659696340560913,
    4.013182592391968,
    3.9021093428134916,
    4.027343380451202,
    3.96659255027771,
    3.9448489964008333,
    4.000610727071762,
    3.946917563676834,
    4.000312465429306,
    3.963558775186539,
    3.9834451913833617,
    3.915634202957153,
    3.9338515222072603,
    3.948445677757263,
    3.9114941477775576,
    3.8890913903713225,
    3.8961080968379975,
    3.896572768688202,
    3.8884890198707582,
    3.9004843890666963,
    3.895199239253998,
    3.897448867559433,
    3.8957095682621,
    3.9001024782657625,
    3.9000905632972716,
    3.8942407071590424,
    3.8928559899330137,
    3.884120535850525,
    3.8849615454673767,
    3.888483452796936,
    3.8890326261520385,
    3.8839234709739685,
    3.878755050897598,
    3.8850412130355836,
    3.882731020450592,
    3.8866185665130617,
    3.8843157291412354,
    3.8753508269786834,
    3.8762425780296326,
    3.878998649120331,
    3.882695418596268,
    3.879858261346817,
    3.8799428939819336,
    3.882868355512619
  ],
  "val_acc": [
    0.84,
    1.37,
    1.94,
    4.11,
    5.46,
    7.07,
    7.31,
    8.04,
    9.15,
    8.29,
    8.7,
    11.39,
    11.13,
    13.57,
    11.37,
    12.99,
    13.42,
    15.04,
    17.58,
    16.69,
    18.68,
    18.84,
    18.88,
    19.79,
    20.34,
    22.8,
    22.57,
    22.77,
    23.12,
    23.38,
    23.14,
    22.45,
    23.64,
    23.08,
    24.84,
    22.99,
    24.42,
    24.44,
    24.98,
    23.85,
    25.76,
    27.08,
    26.52,
    26.19,
    27.4,
    26.94,
    28.3,
    28.47,
    28.7,
    29.29,
    29.62,
    29.92,
    29.5,
    30.11,
    30.13,
    30.13,
    30.29,
    30.49,
    30.69,
    30.85,
    30.57,
    30.4,
    30.64,
    30.61,
    30.6,
    30.56,
    30.52,
    30.8,
    30.57,
    30.79,
    30.68,
    30.81,
    30.65,
    30.69,
    30.59,
    30.6,
    30.61,
    30.63,
    30.69,
    30.76,
    30.71,
    30.65,
    30.63,
    30.77,
    30.69
  ],