{
  "train_loss": [
    2.3091255956225925,
    1.163725111219618,
    0.7183717787265778,
    0.5793592888447974,
    0.5461760883529981,
    0.39310026582744384,
    0.25943058398034835,
    0.223069179803133,
    0.20468398390544784,
    0.1490545394933886,
    0.13749400857422087,
    0.08617208691106902,
    0.09399270204206307,
    0.09909807631952895,
    0.05077625185044275,
    0.04007415116454164,
    0.06434146909871036,
    0.06416933947346276,
    0.035709563099468745,
    0.03171105051620139,
    0.016741223212900676,
    0.006387572059692401,
    0.003958843396200488,
    0.005013243684920276,
    0.003792096220422536,
    0.002423305755655747,
    0.004050916076974115,
    0.0062769015122386106,
    0.03773973051769038,
    0.0330173514990343,
    0.01588205211252595,
    0.017583006249171577,
    0.0077314257505349815,
    0.003957099205258096,
    0.001614489426881644,
    0.000993164388799212,
    0.0012175843096176526,
    0.002020251939635879,
    0.0008871287908631428,
    0.0013713819603759071,
    0.0009387620161255149,
    0.0005043192357132082,
    0.0004878623611956654,
    0.0010992215138685424,
    0.0036175661067924616,
    0.019317038006394997,
    0.014661598746897653,
    0.011055535051531883,
    0.008272504640950097,
    0.002525247498447748,
    0.0022852662615251676,
    0.001510800066171214,
    0.0006595897842392636,
    0.001288053977785037,
    0.0011645158554327078,
    0.0026285200775520126,
    0.0005520401775558841,
    0.0003001999517032851,
    0.001480411888830228,
    0.0025481699194642715,
    0.0006081325300328899,
    0.00033828798223112244,
    0.00031579427438070223,
    0.00020711325143767882,
    0.00019059372738815405,
    0.00014109443418419687,
    0.0006185036685969357,
    0.005923274424882645,
    0.00924537266817222,
    0.002437049278038709,
    0.0033773851702992236,
    0.003118672607848162,
    0.0003674306561960192,
    0.0009372458375259561,
    0.0004102880617817088,
    0.00046877864992388315,
    0.0011372106990974215,
    0.0002701077369743467,
    0.00033212136339797225,
    0.0003266034752111106,
    0.00027377474351750506,
    0.00022945157090564154,
    0.0002645953342531963,
    0.0003716815437858006,
    0.0009812815541307726
  ],
  "train_acc": [
    8.144444444444444,
    56.37777777777778,
    73.52222222222223,
    79.66666666666667,
    80.3,
    86.17777777777778,
    90.73333333333333,
    92.1,
    92.95555555555555,
    95.0111111111111,
    95.27777777777777,
    97.23333333333333,
    97.26666666666667,
    96.53333333333333,
    98.4888888888889,
    98.85555555555555,
    98.0,
    97.92222222222222,
    98.9,
    98.91111111111111,
    99.46666666666667,
    99.78888888888889,
    99.9,
    99.87777777777778,
    99.91111111111111,
    99.97777777777777,
    99.87777777777778,
    99.93333333333334,
    98.87777777777778,
    98.97777777777777,
    99.61111111111111,
    99.42222222222222,
    99.75555555555556,
    99.9,
    99.97777777777777,
    99.97777777777777,
    99.9888888888889,
    99.93333333333334,
    99.97777777777777,
    99.9888888888889,
    99.9888888888889,
    99.9888888888889,
    100.0,
    99.95555555555555,
    99.96666666666667,
    99.34444444444445,
    99.47777777777777,
    99.64444444444445,
    99.76666666666667,
    99.96666666666667,
    99.9,
    99.95555555555555,
    99.9888888888889,
    99.95555555555555,
    99.97777777777777,
    99.92222222222222,
    99.9888888888889,
    100.0,
    99.9888888888889,
    99.95555555555555,
    99.9888888888889,
    100.0,
    100.0,
    100.0,
    100.0,
    100.0,
    100.0,
    99.94444444444444,
    99.74444444444444,
    99.96666666666667,
    99.94444444444444,
    99.95555555555555,
    100.0,
    99.9888888888889,
    100.0,
    99.9888888888889,
    99.9888888888889,
    100.0,
    100.0,
    100.0,
    100.0,
    100.0,
    100.0,
    100.0,
    100.0
  ],
  "val_loss": [
    2.2519094697360336,
    1.9374180004514496,
    2.372699601896878,
    1.3875003847582588,
    1.5921906787773659,
    1.8974516309540848,
    1.5079945202531486,
    1.4208487894000679,
    2.295960794235098,
    1.4817414818138912,
    1.202223578403736,
    1.7361754179000854,
    1.920975426147724,
    1.5210113607603928,
    1.4029099550740471,
    0.9113087386920534,
    2.1360425866883377,
    1.364670938458936,
    1.293774557524714,
    1.5728065022106827,
    1.1019531899485095,
    1.2582317076880356,
    1.1884508708427692,
    1.5471247763469302,
    1.2416612896425971,
    1.3655914787588448,
    1.3464122681782162,
    1.3503460596347678,
    1.9583474397659302,
    1.2709822572510818,
    1.3897636101163666,
    1.3161379181105515,
    1.4264466043176323,
    1.2817130027146175,
    1.4232255919226284,
    1.3815514527518173,
    1.2957894082727104,
    1.3285469638890233,
    1.2780143947436893,
    1.382593216567204,
    1.2751276410859207,
    1.311204614310429,
    1.3601225696761032,
    1.3011094290634682,
    1.4524543223709896,
    1.5923080300462658,
    1.7773108030187672,
    1.649630552735822,
    1.610921454840693,
    1.477594338614365,
    1.4810077404153759,
    1.4019961727076564,
    1.3926443950883274,
    1.4624409593384842,
    1.4210448717248851,
    1.4059813844746556,
    1.36682823197595,
    1.356069437388716,
    1.3508543125514327,
    1.4638233184814453,
    1.4237738929945847,
    1.428606966446186,
    1.4086853080782398,
    1.3823303539177467,
    1.3737970076758286,
    1.3378325413013328,
    1.39942388287906,
    1.4238633349024017,
    1.5202062890447419,
    1.480816647924226,
    1.4881561830126007,
    1.5145003384557263,
    1.4989866696555039,
    1.4923958202888226,
    1.493981172298563,
    1.4732871959949363,
    1.5024534093922581,
    1.4844467989329635,
    1.4747449344602124,
    1.4885302309332222,
    1.4659493133939545,
    1.5302240334708115,
    1.4598132104709232,
    1.486265203048443,
    1.5130780894180824
  ],
  "val_acc": [
    2.33983286908078,
    64.66573816155989,
    62.01949860724234,
    59.24791086350975,
    70.13927576601671,
    60.543175487465184,
    62.68802228412256,
    73.45403899721448,
    54.83286908077994,
    72.82729805013928,
    69.98607242339833,
    71.5041782729805,
    60.12534818941504,
    64.42896935933148,
    72.70194986072423,
    81.23955431754875,
    71.71309192200557,
    74.24791086350974,
    75.26462395543176,
    70.974930362117,
    79.24791086350974,
    79.87465181058496,
    83.24512534818942,
    74.28969359331477,
    80.96100278551532,
    79.54038997214485,
    80.18105849582173,
    80.41782729805014,
    68.91364902506963,
    79.13649025069638,
    80.25069637883009,
    80.82172701949861,
    80.83565459610028,
    80.66852367688023,
    78.84401114206128,
    79.94428969359332,
    81.97771587743732,
    81.2116991643454,
    82.6740947075209,
    80.5292479108635,
    82.1866295264624,
    81.64345403899722,
    81.94986072423399,
    82.17270194986072,
    76.72701949860725,
    78.70473537604457,
    79.05292479108635,
    77.9108635097493,
    79.8050139275766,
    81.1142061281337,
    81.62952646239555,
    82.36768802228413,
    82.01949860724234,
    81.65738161559888,
    81.96378830083566,
    81.22562674094708,
    82.47910863509749,
    82.45125348189416,
    83.45403899721448,
    80.37604456824512,
    81.32311977715878,
    81.10027855153203,
    81.90807799442896,
    81.47632311977716,
    81.88022284122563,
    82.36768802228413,
    82.38161559888579,
    79.83286908077994,
    80.89136490250696,
    80.87743732590529,
    81.22562674094708,
    80.20891364902506,
    80.66852367688023,
    80.79387186629526,
    81.03064066852367,
    80.96100278551532,
    80.98885793871867,
    81.2116991643454,
    80.98885793871867,
    80.87743732590529,
    81.22562674094708,
    80.44568245125348,
    81.10027855153203,
    81.43454038997214,
    80.44568245125348
  ],