{
  "train_loss": [
    2.415553569793701,
    2.3603159189224243,
    2.1573790311813354,
    2.0105358958244324,
    1.9163867235183716,
    1.7345712780952454,
    1.8064231276512146,
    1.7573899626731873,
    1.6233006119728088,
    1.435539186000824,
    1.3838253021240234,
    1.2592589259147644,
    1.1809068322181702,
    1.0377533435821533,
    0.9919501841068268,
    0.884758323431015,
    0.8468338847160339,
    0.855991780757904,
    0.7085863947868347,
    0.6589227020740509,
    0.6396866142749786,
    0.5422090888023376,
    0.5498505234718323,
    0.4950355887413025,
    0.42621247470378876,
    0.4297122210264206,
    0.3480260819196701,
    0.3099951893091202,
    0.2872595489025116,
    0.23033514618873596,
    0.2349134311079979,
    0.17784904688596725,
    0.2126338630914688,
    0.15465528517961502,
    0.155349463224411,
    0.12084339186549187,
    0.14605099707841873,
    0.11359168216586113,
    0.14762475341558456,
    0.07868929207324982,
    0.09036986157298088,
    0.08641675114631653,
    0.06726195104420185,
    0.059165697544813156,
    0.042799304239451885,
    0.04282563179731369,
    0.040482571348547935,
    0.03046499751508236,
    0.036821252666413784,
    0.025740222074091434,
    0.02175800036638975,
    0.016271164175122976,
    0.014564519748091698,
    0.013974697329103947,
    0.018754273653030396,
    0.018155967816710472,
    0.01409983029589057,
    0.010052995756268501,
    0.01045862352475524,
    0.011893082410097122,
    0.010637510567903519,
    0.009052283829078078,
    0.008288707118481398,
    0.00639352947473526,
    0.007068431004881859,
    0.006874286802485585,
    0.008400063030421734,
    0.00526131596416235,
    0.006217179354280233,
    0.006815729662775993,
    0.0052220013458281755,
    0.00658332509920001,
    0.007226824760437012,
    0.0052467642817646265,
    0.0053823215421289206,
    0.005431714467704296,
    0.005464153829962015,
    0.0043166144751012325,
    0.005472723627462983,
    0.006863580550998449,
    0.00678991200402379,
    0.004795656772330403,
    0.005693583283573389,
    0.004592680372297764,
    0.004605230176821351
  ],
  "train_acc": [
    10.6,
    13.4,
    21.8,
    28.2,
    28.8,
    36.6,
    36.4,
    35.2,
    40.0,
    46.0,
    47.4,
    52.6,
    57.4,
    62.2,
    63.6,
    68.4,
    69.8,
    69.2,
    73.8,
    76.2,
    76.8,
    82.2,
    81.8,
    83.2,
    86.2,
    85.2,
    88.2,
    89.2,
    90.0,
    92.8,
    93.0,
    94.8,
    92.6,
    95.6,
    94.6,
    97.0,
    96.2,
    97.2,
    95.0,
    97.8,
    97.4,
    97.6,
    98.6,
    98.8,
    99.0,
    99.0,
    99.4,
    99.4,
    99.0,
    100.0,
    99.6,
    100.0,
    100.0,
    99.8,
    99.8,
    99.8,
    100.0,
    100.0,
    100.0,
    100.0,
    100.0,
    100.0,
    100.0,
    100.0,
    100.0,
    100.0,
    100.0,
    100.0,
    100.0,
    100.0,
    100.0,
    100.0,
    100.0,
    100.0,
    100.0,
    100.0,
    100.0,
    100.0,
    100.0,
    100.0,
    100.0,
    100.0,
    100.0,
    100.0,
    100.0
  ],
  "val_loss": [
    2.3774602234363558,
    2.605567145347595,
    2.284339356422424,
    2.128296858072281,
    2.232421875,
    2.7050953567028047,
    2.4132044911384583,
    4.495381700992584,
    3.785222226381302,
    3.2710620880126955,
    3.4244068443775175,
    3.769237142801285,
    3.467513370513916,
    3.301217994093895,
    3.129857563972473,
    3.2263102173805236,
    3.345879763364792,
    2.978807157278061,
    2.77539576292038,
    3.2929307341575624,
    3.272453612089157,
    3.4997340738773346,
    3.000428146123886,
    2.8642678916454316,
    3.422769325971603,
    3.4715814352035523,
    3.4452490389347075,
    3.1829305052757264,
    3.1496423542499543,
    3.096974605321884,
    3.1145954191684724,
    2.9525460302829742,
    3.181125509738922,
    3.844515413045883,
    3.5386596798896788,
    3.396011072397232,
    3.307958370447159,
    3.050451600551605,
    2.9595348834991455,
    3.2601345002651216,
    3.445636475086212,
    3.3243277609348296,
    3.1245220959186555,
    3.1887460470199587,
    3.2163974046707153,
    3.147776907682419,
    3.0457263767719267,
    3.018230378627777,
    3.0806863069534303,
    3.126843750476837,
    3.1456236481666564,
    3.154602187871933,
    3.174396902322769,
    3.1835786938667296,
    3.196261203289032,
    3.211821788549423,
    3.218804109096527,
    3.2294787585735323,
    3.24192852973938,
    3.235102665424347,
    3.214880222082138,
    3.199740892648697,
    3.191192311048508,
    3.182720589637756,
    3.183222770690918,
    3.1827349245548247,
    3.1873416900634766,
    3.195754259824753,
    3.1990803301334383,
    3.2004343032836915,
    3.2016297399997713,
    3.2011267066001894,
    3.2046268224716186,
    3.2061378002166747,
    3.20931299328804,
    3.205690932273865,
    3.2037513136863707,
    3.1999180257320403,
    3.1978811860084533,
    3.1964170396327973,
    3.1952434122562408,
    3.1940103828907014,
    3.195608252286911,
    3.1959316194057465,
    3.19352308511734
  ],
  "val_acc": [
    9.11,
    12.99,
    17.14,
    20.62,
    18.63,
    18.71,
    25.71,
    15.77,
    17.99,
    22.48,
    23.17,
    22.22,
    23.72,
    26.57,
    27.44,
    28.75,
    30.99,
    32.07,
    33.2,
    32.54,
    33.35,
    30.51,
    34.93,
    38.42,
    34.1,
    33.65,
    35.32,
    37.41,
    38.29,
    38.46,
    39.0,
    40.37,
    38.78,
    35.76,
    37.81,
    37.48,
    37.91,
    40.81,
    41.29,
    39.7,
    36.95,
    37.75,
    40.52,
    41.09,
    41.16,
    41.99,
    43.16,
    43.33,
    42.9,
    42.73,
    42.66,
    42.8,
    43.24,
    43.39,
    43.55,
    43.22,
    43.21,
    43.32,
    42.94,
    42.88,
    43.1,
    43.22,
    43.19,
    43.44,
    43.36,
    43.37,
    43.46,
    43.59,
    43.73,
    43.79,
    43.8,
    43.84,
    43.71,
    43.75,
    43.78,
    43.72,
    43.7,
    43.78,
    43.75,
    43.71,
    43.7,
    43.69,
    43.65,
    43.67,
    43.7
  ],