{
  "train_loss": [
    4.732470095157623,
    4.540812253952026,
    4.241058254241944,
    3.9851047933101653,
    3.8379733145236967,
    3.674149388074875,
    3.5544649004936217,
    3.458641505241394,
    3.3510800659656526,
    3.266929489374161,
    3.1521892726421354,
    3.072192043066025,
    3.033167541027069,
    2.9430471539497374,
    2.8265314638614654,
    2.723065859079361,
    2.6704667031764986,
    2.5153420984745027,
    2.3761130034923554,
    2.2942193388938903,
    2.2567032039165498,
    2.0373448938131333,
    1.9709701061248779,
    1.8591502279043197,
    1.7639725923538208,
    1.6184468418359756,
    1.5374902397394181,
    1.5537487417459488,
    1.5031776040792466,
    1.390403965115547,
    1.3018158704042435,
    1.1233267337083817,
    1.0479329913854598,
    0.9587168321013451,
    1.0526480853557587,
    1.0970797374844552,
    0.8813870549201965,
    0.8670328259468079,
    0.7576006807386875,
    0.7138046652078629,
    0.7504348561167717,
    0.6125077821314335,
    0.46114407107234,
    0.43707206919789315,
    0.3735182210803032,
    0.3386412341147661,
    0.44732532389461993,
    0.31624263264238833,
    0.3301444433629513,
    0.215299666300416,
    0.19832176603376866,
    0.11246198881417513,
    0.1766838075593114,
    0.13248652331531047,
    0.11790626719594002,
    0.12003032397478819,
    0.08234843546524644,
    0.13462946517392993,
    0.12237979359924793,
    0.061091333907097575,
    0.07746158577501774,
    0.07686940878629685,
    0.08755351705476641,
    0.05285794977098703,
    0.04316515377722681,
    0.061334108002483845,
    0.04355448610149324,
    0.034311633463948964,
    0.04404366733506322,
    0.043000738974660634,
    0.056185526540502906,
    0.029241534462198616,
    0.028853345266543328,
    0.02845734590664506,
    0.02641986231319606,
    0.025009139254689217,
    0.023781151231378316,
    0.021719780238345265,
    0.021156078157946467,
    0.021243464900180697,
    0.02336651145014912,
    0.019424450909718873,
    0.019564941967837514,
    0.018790820660069586,
    0.019042351609095932
  ],
  "train_acc": [
    0.96,
    2.47,
    5.19,
    8.71,
    10.97,
    12.51,
    15.28,
    16.7,
    18.98,
    19.67,
    22.23,
    23.53,
    24.55,
    26.57,
    28.95,
    30.26,
    31.72,
    34.69,
    37.22,
    39.08,
    39.27,
    44.29,
    45.83,
    48.56,
    50.18,
    53.56,
    56.48,
    55.42,
    56.96,
    60.06,
    62.45,
    66.69,
    68.56,
    71.98,
    69.78,
    67.28,
    73.89,
    74.43,
    78.47,
    79.26,
    77.7,
    81.51,
    86.71,
    87.64,
    89.33,
    90.92,
    86.96,
    91.25,
    90.78,
    94.64,
    95.1,
    98.04,
    96.24,
    97.42,
    97.73,
    97.77,
    98.86,
    97.49,
    97.57,
    99.45,
    98.92,
    99.01,
    98.66,
    99.37,
    99.71,
    99.41,
    99.51,
    99.79,
    99.5,
    99.86,
    99.24,
    99.86,
    99.94,
    99.82,
    99.9,
    99.94,
    99.96,
    99.97,
    99.95,
    99.95,
    99.96,
    99.98,
    99.99,
    99.98,
    99.98
  ],
  "val_loss": [
    4.701226043701172,
    4.42251980304718,
    4.110786110162735,
    3.973563915491104,
    3.839701551198959,
    3.633703702688217,
    3.7510714650154116,
    3.6696136832237243,
    3.683283877372742,
    3.5932862877845766,
    3.4005659222602844,
    3.438424342870712,
    3.447338616847992,
    3.6499145567417144,
    3.3436853766441343,
    3.560237330198288,
    3.383888816833496,
    3.257907176017761,
    3.016815948486328,
    2.9686495423316956,
    3.23639919757843,
    2.8697156488895414,
    3.088475984334946,
    2.825279492139816,
    2.6138517558574677,
    2.7696064472198487,
    2.7990067899227142,
    2.701344537734985,
    2.929902720451355,
    2.805069535970688,
    2.6880799263715742,
    2.6673895001411436,
    2.6000042974948885,
    2.867634665966034,
    2.9169226467609404,
    2.9114185333251954,
    2.74855352640152,
    2.486820513010025,
    2.604990041255951,
    2.5785911977291107,
    2.6440412521362306,
    2.5134644985198973,
    2.680470532178879,
    2.6426035106182098,
    2.5373466670513154,
    2.856825989484787,
    2.6301095724105834,
    2.5982417464256287,
    2.567085599899292,
    2.4753470569849014,
    2.4569529414176943,
    2.4829247415065767,
    2.565201848745346,
    2.514499604701996,
    2.480072355270386,
    2.4587957084178926,
    2.5109502971172333,
    2.490088129043579,
    2.4756244242191316,
    2.4435220777988436,
    2.48327499628067,
    2.452231678366661,
    2.4568511843681335,
    2.410086154937744,
    2.4003230810165403,
    2.396471604704857,
    2.3964030385017394,
    2.3932700037956236,
    2.382112818956375,
    2.3709692537784575,
    2.399192664027214,
    2.375419020652771,
    2.3775738298892977,
    2.3784927904605864,
    2.376279520988464,
    2.3653109967708588,
    2.371919184923172,
    2.370776969194412,
    2.3582083940505982,
    2.358019769191742,
    2.357925924658775,
    2.3598288178443907,
    2.3577597796916963,
    2.3588811635971068,
    2.3570102214813233
  ],
  "val_acc": [
    0.92,
    4.03,
    7.29,
    9.18,
    10.93,
    14.62,
    13.28,
    15.67,
    15.55,
    17.46,
    18.98,
    17.71,
    19.85,
    19.33,
    20.6,
    21.74,
    23.18,
    24.26,
    28.42,
    28.93,
    27.21,
    32.17,
    29.07,
    33.07,
    36.72,
    34.25,
    34.89,
    36.4,
    35.06,
    35.95,
    37.46,
    40.88,
    40.41,
    37.27,
    37.96,
    37.64,
    40.76,
    43.4,
    42.18,
    43.4,
    43.44,
    44.6,
    44.02,
    44.2,
    45.46,
    44.38,
    45.88,
    46.7,
    47.73,
    47.52,
    49.21,
    48.93,
    47.8,
    48.89,
    49.43,
    49.93,
    50.05,
    49.64,
    48.89,
    50.35,
    50.05,
    50.22,
    50.34,
    51.07,
    51.08,
    50.9,
    51.08,
    51.23,
    51.14,
    51.48,
    51.01,
    51.09,
    51.4,
    51.43,
    51.71,
    51.61,
    51.88,
    51.84,
    51.79,
    51.7,
    51.73,
    51.75,
    51.72,
    51.7,
    51.85
  ],