{
  "train_loss": [
    2.311495141549544,
    0.9653542112897743,
    0.4961602095175873,
    0.3870152428068898,
    0.32162331798198546,
    0.27379256495359267,
    0.2143310389735482,
    0.17326247700574723,
    0.1468136501075192,
    0.13213231452656063,
    0.11877127624624832,
    0.10678796484981748,
    0.102719066537578,
    0.08563021063508297,
    0.08440360431136056,
    0.07691697449296374,
    0.06870266396171329,
    0.07075522902993146,
    0.0673378679626198,
    0.06219827922971242,
    0.052214872134341436,
    0.05269448734311895,
    0.04853954355084253,
    0.04554512405725704,
    0.046005450776481834,
    0.048602538601368324,
    0.042735638890669427,
    0.03532059990737418,
    0.040680362753019755,
    0.034493008027890355,
    0.02961791944901713,
    0.058200724745719606,
    0.027549754640362648,
    0.031642855748280206,
    0.02428399732294069,
    0.02829984907029112,
    0.02143365212329875,
    0.024593546843706546,
    0.018642979995506306,
    0.02288012933621014,
    0.026826948961983857,
    0.02423393221661999,
    0.022991646820711056,
    0.020738806471027518,
    0.013093015804770403,
    0.01128756455860143,
    0.012586555957651317,
    0.005320618611056654,
    0.007395368566821245,
    0.006146415382814171,
    0.002953466146374756,
    0.007153563740509774,
    0.0019838882630706807,
    0.0032498954427534377,
    0.005576065852272388,
    0.0032073445092299317,
    0.001825726394269044,
    0.0012570595122683285,
    0.001106308717928848,
    0.0011976298665103968,
    0.0011032809389606964,
    0.001173567418101646,
    0.0011582899126303594,
    0.0013134807615477423,
    0.001075226765930314,
    0.0011147269036552063,
    0.0010557313375598328,
    0.0012021107716215986,
    0.0015626166082669938,
    0.0011141395652058154,
    0.0010931036396703514,
    0.0010614860409325709,
    0.0011540592409305232,
    0.0010126471940814306,
    0.000968499105180275,
    0.0009572982142510062,
    0.0009735804920968473,
    0.001100977458752988,
    0.0010116102563518905,
    0.001004283913061954,
    0.0009569448143751783,
    0.0009835610326263122,
    0.0009694247878955634,
    0.0009450222198872573,
    0.000992509326434546
  ],
  "train_acc": [
    7.855555555555555,
    67.74666666666667,
    82.18666666666667,
    86.01777777777778,
    88.5,
    90.30222222222223,
    92.38666666666667,
    94.00666666666666,
    94.74,
    95.31777777777778,
    95.70666666666666,
    96.26222222222222,
    96.4088888888889,
    97.00444444444445,
    97.04222222222222,
    97.30666666666667,
    97.6,
    97.54,
    97.70222222222222,
    97.88,
    98.15333333333334,
    98.17333333333333,
    98.41333333333333,
    98.48,
    98.43777777777778,
    98.36,
    98.53333333333333,
    98.88888888888889,
    98.68,
    98.89111111111112,
    99.03333333333333,
    98.04444444444445,
    99.14666666666666,
    98.91777777777777,
    99.2311111111111,
    99.12222222222222,
    99.33111111111111,
    99.25333333333333,
    99.43777777777778,
    99.31777777777778,
    99.14222222222222,
    99.23555555555555,
    99.30444444444444,
    99.37333333333333,
    99.63777777777777,
    99.65333333333334,
    99.6288888888889,
    99.88888888888889,
    99.80444444444444,
    99.85777777777778,
    99.94666666666667,
    99.82,
    99.98444444444445,
    99.92888888888889,
    99.89333333333333,
    99.94222222222223,
    99.98,
    99.98666666666666,
    99.99333333333334,
    99.9888888888889,
    99.99111111111111,
    99.9888888888889,
    99.99111111111111,
    99.98666666666666,
    99.99777777777778,
    99.99333333333334,
    99.99555555555555,
    99.99333333333334,
    99.98,
    99.99555555555555,
    99.99333333333334,
    99.99555555555555,
    99.99555555555555,
    99.99777777777778,
    100.0,
    100.0,
    100.0,
    99.99333333333334,
    99.99777777777778,
    100.0,
    100.0,
    100.0,
    100.0,
    100.0,
    99.99777777777778
  ],
  "val_loss": [
    2.3199222005646805,
    1.3460191529372643,
    3.046501406307878,
    1.1363143139872058,
    1.376064810259589,
    1.286540623368888,
    0.9487408954521706,
    0.8053290525387073,
    2.624927849605166,
    3.7094162003747346,
    2.4619071689145318,
    0.8639719075170057,
    1.4904068893399731,
    1.0253790904735696,
    1.5919064612224185,
    0.8809388464894788,
    0.7535306338606209,
    0.9864447445705019,
    1.4124526730899154,
    0.6574279398753725,
    2.2585384599093734,
    1.6067866004746536,
    1.1313267596836747,
    0.6239613867525396,
    0.5247555272332554,
    0.9616053001634006,
    0.7358242304160677,
    4.772554381140347,
    0.5166982832396853,
    0.5838145911693573,
    0.8361105672244368,
    1.680292713231054,
    0.7299189310649346,
    0.5787974303138668,
    0.644070807202109,
    0.6415507197380066,
    0.5533725454889494,
    0.7732863677986737,
    0.492290820541053,
    0.5512176669877151,
    0.5215803127864311,
    0.5863829718196186,
    0.6636682707687904,
    0.7660449075287786,
    0.723785243286141,
    0.48084445965701134,
    0.808494522653777,
    0.5413899378016077,
    0.5313328278475794,
    0.5659592884496368,
    0.659068894797358,
    0.4604674356764761,
    0.47352160551938516,
    0.6882219777025026,
    0.5988223550134691,
    0.440570784540012,
    0.4749205487555471,
    0.44306594120531245,
    0.4307858739690534,
    0.4894400842744729,
    0.4338569874907362,
    0.4195654209831665,
    0.41139435562594184,
    0.705524142831564,
    0.39387140397367804,
    0.42079270759533194,
    0.3836785373759681,
    0.4318565048020461,
    0.47222721602382334,
    0.376479755765919,
    0.5730021105244242,
    0.37879531907624214,
    0.3955799377812394,
    0.4037957937809928,
    0.4058541363940157,
    0.4104025253447993,
    0.40873281696233255,
    0.39896419914118175,
    0.4202700238032588,
    0.4070333359313422,
    0.4171291538353624,
    0.3868654800643181,
    0.3939993698792211,
    0.39660151315660314,
    0.4098950461323919
  ],
  "val_acc": [
    7.548746518105849,
    69.67966573816156,
    43.41225626740947,
    68.23119777158774,
    60.0,
    63.21727019498607,
    74.34540389972145,
    81.16991643454038,
    55.79387186629526,
    62.01949860724234,
    62.1866295264624,
    79.20612813370474,
    71.90807799442896,
    77.6740947075209,
    61.420612813370475,
    74.67966573816156,
    84.65181058495821,
    79.08077994428969,
    69.16434540389972,
    83.17548746518106,
    52.04735376044568,
    65.75208913649026,
    73.95543175487465,
    85.73816155988858,
    87.42339832869081,
    76.0724233983287,
    83.34261838440112,
    56.64345403899721,
    88.8857938718663,
    84.17827298050139,
    79.88857938718662,
    68.91364902506963,
    84.06685236768803,
    84.83286908077994,
    83.7883008356546,
    86.22562674094708,
    87.31197771587743,
    80.73816155988858,
    88.60724233983287,
    87.8133704735376,
    86.10027855153203,
    86.97771587743732,
    85.01392757660167,
    83.31476323119777,
    83.99721448467966,
    90.33426183844011,
    82.96657381615599,
    89.17827298050139,
    88.85793871866295,
    88.45403899721448,
    82.9108635097493,
    89.44289693593315,
    89.13649025069638,
    84.958217270195,
    86.16991643454038,
    90.86350974930362,
    89.86072423398329,
    89.5125348189415,
    89.76323119777159,
    87.88300835654596,
    89.8050139275766,
    90.13927576601671,
    90.16713091922006,
    81.82451253481894,
    91.1142061281337,
    90.27855153203343,
    90.94707520891365,
    89.63788300835654,
    88.64902506963789,
    91.39275766016713,
    85.15320334261838,
    90.75208913649026,
    90.02785515320335,
    90.06963788300835,
    90.041782729805,
    89.81894150417827,
    90.0974930362117,
    90.20891364902506,
    89.66573816155989,
    90.06963788300835,
    89.86072423398329,
    90.6824512534819,
    90.40389972144847,
    90.30640668523677,
    89.98607242339833
  ],