{
  "train_loss": [
    4.730184260679751,
    4.149409752719256,
    3.5703970011399715,
    3.2126396663334904,
    2.842852845483897,
    2.535678962055518,
    2.2816728110216102,
    2.0453571683290055,
    1.8514534155933224,
    1.7117742987311617,
    1.5844426994421044,
    1.4746292677460884,
    1.388091958298975,
    1.3183638380498302,
    1.253650620883825,
    1.1948600222869796,
    1.1502504294015923,
    1.108484802197437,
    1.079483404451487,
    1.0584193927292922,
    1.033894230212484,
    0.9978312180966747,
    0.9542819726832059,
    0.9391918288809913,
    0.9057671287838294,
    0.8856954094098539,
    0.8416862141112892,
    0.8264096795904393,
    0.8097101261421126,
    0.7802340512981221,
    0.7796518449880638,
    0.7353918607137642,
    0.7125680087780466,
    0.702742939092675,
    0.6745762603015316,
    0.6620479002594948,
    0.6283079473947992,
    0.6159114142765805,
    0.5971135744939045,
    0.5702952631578153,
    0.543824411320443,
    0.5288461933330614,
    0.5095788398567511,
    0.47919520005887867,
    0.4531526816438656,
    0.4393094866251459,
    0.40835475769578194,
    0.39266330186201603,
    0.3652609576072012,
    0.34214775423918453,
    0.32263575365044633,
    0.29765138151694315,
    0.2621420567132989,
    0.2259440821956615,
    0.20972029697530123,
    0.18697751549129582,
    0.16118242302719427,
    0.1376468159106313,
    0.10995152794128778,
    0.08873742280946094,
    0.0734270858027193,
    0.05801217298840686,
    0.04273584865185679,
    0.039936783067806035,
    0.0301963054736582,
    0.02340774884333416,
    0.01888902445931976,
    0.016315439582935402,
    0.01546444542877072,
    0.012390663909098628,
    0.012129394209240469,
    0.010997541716835481,
    0.011354224193290028,
    0.010465212180564294,
    0.009831203670450012,
    0.010192236490072492,
    0.009981279216269602,
    0.009704252666964824,
    0.009387312423703926,
    0.00936924435949067,
    0.009426528514286846,
    0.009039152099998022,
    0.009466430169948357,
    0.008875369474443853,
    0.009326565647212674
  ],
  "train_acc": [
    0.908,
    7.394,
    15.09,
    21.05,
    27.93,
    33.898,
    38.976,
    44.432,
    48.982,
    52.314,
    54.882,
    58.0,
    59.912,
    61.63,
    63.682,
    64.85,
    66.426,
    67.454,
    68.19,
    68.84,
    69.32,
    70.262,
    71.658,
    71.864,
    72.86,
    73.366,
    74.452,
    75.146,
    75.412,
    76.404,
    76.402,
    77.628,
    78.288,
    78.53,
    79.266,
    79.576,
    80.748,
    80.92,
    81.61,
    82.46,
    83.08,
    83.622,
    84.07,
    84.902,
    85.976,
    86.346,
    87.318,
    87.65,
    88.474,
    89.32,
    89.988,
    90.782,
    91.956,
    93.136,
    93.602,
    94.586,
    95.31,
    96.16,
    97.078,
    97.762,
    98.306,
    98.722,
    99.18,
    99.264,
    99.512,
    99.71,
    99.804,
    99.846,
    99.862,
    99.922,
    99.928,
    99.948,
    99.942,
    99.956,
    99.954,
    99.942,
    99.946,
    99.958,
    99.96,
    99.958,
    99.952,
    99.968,
    99.974,
    99.982,
    99.968
  ],
  "val_loss": [
    4.708698141574859,
    3.790875869989395,
    3.50267915725708,
    3.023525732755661,
    2.9477200329303743,
    2.681471049785614,
    2.356060802936554,
    2.179558429121971,
    2.17188478410244,
    2.6092047572135924,
    2.0047665894031526,
    2.101975992321968,
    1.7530748784542083,
    1.9329631447792053,
    1.8486333459615707,
    1.7888106495141982,
    1.6729694992303847,
    1.7823806434869767,
    1.634183269739151,
    1.5097425073385238,
    1.7740506023168563,
    1.639670205116272,
    1.5868026047945023,
    1.7871823728084564,
    1.5800679504871369,
    1.5343088567256928,
    1.6976020693778993,
    1.6505559891462327,
    1.667147433757782,
    1.74159893989563,
    1.4853016287088394,
    1.5080282717943192,
    1.5070702970027923,
    1.6112799257040025,
    2.04401952624321,
    1.564128439128399,
    1.6178531140089034,
    1.7907702445983886,
    1.7545252978801726,
    1.658552449941635,
    1.5918860971927642,
    1.581303310394287,
    1.5212293475866319,
    1.4933745235204696,
    1.659827220439911,
    1.4003038555383682,
    1.4924040883779526,
    1.538551676273346,
    1.4548056870698929,
    1.7363369584083557,
    1.620361989736557,
    1.447529637813568,
    1.5764771431684494,
    1.4387562930583955,
    1.394172528386116,
    1.3574201732873916,
    1.3064954936504365,
    1.3287222415208817,
    1.241366595029831,
    1.2302116677165031,
    1.1746052488684655,
    1.145940823853016,
    1.13008993268013,
    1.108799932897091,
    1.0854961171746254,
    1.041882947087288,
    1.0195244878530503,
    1.0169871404767037,
    0.9975563079118729,
    0.9969231709837914,
    0.9867477267980576,
    0.9804848745465279,
    0.9798382699489594,
    0.9719442814588547,
    0.9692658677697181,
    0.9676239386200904,
    0.9645735740661621,
    0.9652178481221199,
    0.9639506205916405,
    0.9621296852827073,
    0.9631939381361008,
    0.9624673575162888,
    0.9612940162420273,
    0.9611520946025849,
    0.9598805949091911
  ],
  "val_acc": [
    0.91,
    12.33,
    16.74,
    25.79,
    26.57,
    33.33,
    38.76,
    42.24,
    43.52,
    40.27,
    47.73,
    47.81,
    52.9,
    50.03,
    52.85,
    53.16,
    55.02,
    53.74,
    56.39,
    58.86,
    54.97,
    56.92,
    58.16,
    54.04,
    58.29,
    58.83,
    57.0,
    56.97,
    58.16,
    56.06,
    60.78,
    60.6,
    61.34,
    58.88,
    51.54,
    60.36,
    60.32,
    58.22,
    58.43,
    60.62,
    60.46,
    60.87,
    63.2,
    62.19,
    60.68,
    65.38,
    63.36,
    63.99,
    64.91,
    59.91,
    62.28,
    65.44,
    64.56,
    66.51,
    67.26,
    68.15,
    68.69,
    69.0,
    70.67,
    70.73,
    71.96,
    72.52,
    73.36,
    73.38,
    74.49,
    74.76,
    75.19,
    74.9,
    75.37,
    75.62,
    75.8,
    75.92,
    75.69,
    75.86,
    76.02,
    75.82,
    75.98,
    76.03,
    75.96,
    75.98,
    75.84,
    75.9,
    76.03,
    75.99,
    75.84
  ],