{
  "train_loss": [
    2.4043236494064333,
    1.9087478667497635,
    1.5872331589460373,
    1.4518393188714982,
    1.3209632873535155,
    1.2516450107097625,
    1.17110977768898,
    1.1709066122770309,
    1.0023500934243201,
    0.9196553260087967,
    0.8585334181785583,
    0.8583263859152794,
    0.781506584584713,
    0.7305075377225876,
    0.7432972498238086,
    0.6516434848308563,
    0.6783305361866951,
    0.6350632943212986,
    0.5893081270158291,
    0.6734383396804333,
    0.5354817919433117,
    0.5031651847064496,
    0.4786837577819824,
    0.47056073099374773,
    0.41128431670367716,
    0.3945644937455654,
    0.4753843225538731,
    0.36437894850969316,
    0.431438148021698,
    0.3651783250272274,
    0.37282669693231585,
    0.3214560467749834,
    0.3281357452273369,
    0.27102211080491545,
    0.23183780014514924,
    0.2509202715009451,
    0.2888766326010227,
    0.2617809385061264,
    0.21789588816463948,
    0.16793367080390453,
    0.14318239949643613,
    0.1743130275979638,
    0.143989123031497,
    0.18698451519012452,
    0.1940220022574067,
    0.13003369849175214,
    0.1636645320802927,
    0.16532507818192244,
    0.11115596303716302,
    0.18027638774365187,
    0.1133755411952734,
    0.09848762187175453,
    0.05813293037936092,
    0.047061400534585116,
    0.04337647696956992,
    0.07717466391623021,
    0.05220256224274635,
    0.07244074777700008,
    0.053982338309288024,
    0.034357780730351804,
    0.02997449229005724,
    0.026717538386583327,
    0.026678207563236356,
    0.05423602643422783,
    0.07605087673291563,
    0.0388341945130378,
    0.029244881810154767,
    0.028465061215683818,
    0.01829923056066036,
    0.01804245274979621,
    0.015519020694773645,
    0.014793727872893214,
    0.01455596344312653,
    0.012476267095189541,
    0.01000185365555808,
    0.013500916911289096,
    0.01992823528125882,
    0.02066240674466826,
    0.014118410169612617,
    0.04857774391421117,
    0.01524679398862645,
    0.010577558278600917,
    0.009705186414066702,
    0.009901479515247048,
    0.01067538869101554
  ],
  "train_acc": [
    10.99,
    29.6,
    40.82,
    46.49,
    52.02,
    54.58,
    57.88,
    57.56,
    64.32,
    66.75,
    69.23,
    69.0,
    72.06,
    74.37,
    73.93,
    77.49,
    76.39,
    77.28,
    80.15,
    75.76,
    81.48,
    82.39,
    83.78,
    83.55,
    84.95,
    86.39,
    83.33,
    87.79,
    85.09,
    87.24,
    87.07,
    89.09,
    88.72,
    90.28,
    92.01,
    91.6,
    90.13,
    90.65,
    92.18,
    94.0,
    95.13,
    93.83,
    95.03,
    93.79,
    93.09,
    95.62,
    94.55,
    94.27,
    96.99,
    93.93,
    96.13,
    96.49,
    98.18,
    98.65,
    98.88,
    97.4,
    98.44,
    97.58,
    98.29,
    99.06,
    99.1,
    99.35,
    99.4,
    99.12,
    97.81,
    98.95,
    99.38,
    99.24,
    99.63,
    99.56,
    99.7,
    99.74,
    99.76,
    99.78,
    99.86,
    99.76,
    99.81,
    99.79,
    99.8,
    99.67,
    99.88,
    99.8,
    99.86,
    99.86,
    99.83
  ],
  "val_loss": [
    2.383429676294327,
    1.9549363911151887,
    1.9505010277032853,
    1.667628914117813,
    1.516016998887062,
    2.0779394924640657,
    2.619302213191986,
    1.324473187327385,
    1.2567043513059617,
    1.380758598446846,
    1.6022491097450255,
    1.2489589214324952,
    1.059816087782383,
    1.005556771159172,
    1.1997134044766427,
    0.8439197152853012,
    0.9919245049357415,
    1.0088464796543122,
    1.316374123096466,
    0.9953714087605476,
    0.857643823325634,
    0.7645568147301673,
    0.8053344756364822,
    0.7297820024192333,
    0.7351910084486007,
    0.9252318814396858,
    1.2098252892494201,
    0.7912766456604003,
    0.9444950357079506,
    0.7996303111314773,
    0.7582035213708878,
    0.8291503071784974,
    0.9312932938337326,
    0.6924817144870759,
    0.9476977035403251,
    0.7970656923949718,
    0.8310534670948982,
    0.7257463730871677,
    0.7952889159321785,
    0.7983734279870986,
    0.7345227062702179,
    0.7634844109416008,
    0.8904918976128101,
    0.915033546090126,
    0.7825967632234097,
    0.8981364354491234,
    0.7740870252251625,
    0.7150343246757984,
    0.7909558571875095,
    0.7680145278573036,
    0.8067254029214382,
    0.7758367963135242,
    0.7628339469432831,
    0.7585131078958511,
    0.8393835708498955,
    0.8459373757243156,
    0.8169304862618446,
    0.7882611081004143,
    0.783796376734972,
    0.7961701259016991,
    0.7986029855906963,
    0.8312943682074547,
    0.8208009608089923,
    0.8378982745110989,
    0.8752952076494693,
    0.8435023173689842,
    0.8196166463196277,
    0.8493850663304329,
    0.8238819286227226,
    0.8395511150360108,
    0.8451836913824081,
    0.8284207127988339,
    0.8407228291034698,
    0.8348275765776634,
    0.8436429977416993,
    0.8397248923778534,
    0.8353618092834949,
    0.8437618553638458,
    0.8441746287047863,
    0.8487471401691437,
    0.8431221723556519,
    0.8400071144104004,
    0.8443470731377601,
    0.843882092833519,
    0.8453673548996449
  ],
  "val_acc": [
    11.56,
    29.52,
    35.61,
    43.49,
    48.69,
    41.85,
    38.81,
    53.35,
    57.98,
    57.54,
    55.69,
    59.86,
    65.39,
    66.8,
    64.57,
    71.76,
    68.26,
    67.77,
    60.74,
    69.46,
    71.83,
    75.47,
    73.96,
    76.81,
    76.65,
    72.98,
    64.94,
    75.34,
    72.32,
    75.93,
    77.56,
    75.72,
    74.19,
    79.19,
    75.09,
    77.97,
    77.44,
    79.26,
    78.95,
    78.63,
    80.35,
    79.47,
    78.05,
    77.76,
    79.36,
    78.38,
    80.64,
    80.75,
    80.39,
    80.2,
    80.07,
    80.95,
    81.72,
    81.76,
    81.0,
    80.89,
    81.41,
    81.47,
    81.83,
    82.34,
    82.1,
    81.99,
    82.35,
    81.89,
    81.21,
    82.33,
    82.23,
    82.28,
    82.54,
    82.28,
    82.43,
    82.3,
    82.4,
    82.31,
    82.35,
    82.74,
    82.59,
    82.53,
    82.33,
    82.46,
    82.41,
    82.33,
    82.45,
    82.58,
    82.35
  ],