{
  "train_loss": [
    4.729596814330743,
    4.152496834190524,
    3.5755379905506057,
    3.2032136831964766,
    2.8247537564258187,
    2.518373336110796,
    2.2674939839207395,
    2.0108161155058415,
    1.846766466388897,
    1.6867678877042265,
    1.5738066264561243,
    1.47374705210024,
    1.3738902801153612,
    1.301782980257151,
    1.2418958623798526,
    1.188843655951169,
    1.1266191933228045,
    1.106808282586993,
    1.066597191654906,
    1.047545775771141,
    1.0260833623457928,
    0.9891435242429072,
    0.9379375169471819,
    0.9369563512047943,
    0.8900205496014381,
    0.8806602331448574,
    0.8566102279084069,
    0.8289123472510552,
    0.792347036150037,
    0.7708298600449854,
    0.7599760853514379,
    0.7301011921799913,
    0.7191791063060566,
    0.6968758893864495,
    0.6675033044754243,
    0.6691937668591129,
    0.617805230830397,
    0.6252969413691637,
    0.5850145327193397,
    0.5752979025852923,
    0.5391039072859044,
    0.5339708840664552,
    0.5039891443994581,
    0.48270862488722316,
    0.4489435063941138,
    0.4275446958383735,
    0.3986727210636042,
    0.3821692880319089,
    0.3584480402725084,
    0.32542973346247966,
    0.3205551182737156,
    0.2800905832982793,
    0.2522541213856668,
    0.22971731097418435,
    0.21217276342213154,
    0.18508096955412504,
    0.16437844472120003,
    0.13906181732914885,
    0.11798682238678543,
    0.09723063381578849,
    0.07314997884844031,
    0.05923043425213926,
    0.04119387816409675,
    0.03323087171290298,
    0.026175629727694452,
    0.02118697050217615,
    0.018655780075612118,
    0.016083861344817037,
    0.014129920159371532,
    0.012349954183802617,
    0.012260422676003404,
    0.011477403817888426,
    0.010754917729265836,
    0.010393462112952709,
    0.010418121881155791,
    0.009958502299589465,
    0.009704738653416992,
    0.009951282751138265,
    0.009740187373126343,
    0.00935870254108188,
    0.009342690269291704,
    0.009090680557740281,
    0.009333354192880951,
    0.00935883197591317,
    0.009389441926032305
  ],
  "train_acc": [
    0.89,
    7.314,
    14.866,
    21.4,
    28.214,
    34.32,
    39.484,
    45.384,
    49.112,
    52.902,
    55.79,
    57.94,
    60.364,
    62.26,
    63.784,
    65.392,
    67.046,
    67.462,
    68.536,
    69.154,
    69.678,
    70.666,
    71.998,
    71.882,
    73.716,
    73.656,
    74.408,
    74.848,
    76.064,
    76.552,
    77.092,
    77.836,
    78.136,
    78.752,
    79.576,
    79.53,
    80.938,
    80.826,
    81.9,
    82.314,
    83.35,
    83.39,
    84.218,
    85.076,
    85.936,
    86.638,
    87.394,
    88.102,
    88.942,
    89.918,
    90.01,
    91.402,
    92.274,
    93.06,
    93.58,
    94.516,
    95.2,
    96.034,
    96.874,
    97.554,
    98.268,
    98.694,
    99.276,
    99.454,
    99.652,
    99.752,
    99.8,
    99.868,
    99.91,
    99.932,
    99.914,
    99.95,
    99.954,
    99.954,
    99.946,
    99.962,
    99.976,
    99.952,
    99.968,
    99.974,
    99.962,
    99.968,
    99.962,
    99.962,
    99.952
  ],
  "val_loss": [
    4.70923627614975,
    3.81269149184227,
    3.422082245349884,
    2.9940410912036897,
    2.927673023939133,
    2.8196048200130464,
    2.32998930811882,
    2.128618210554123,
    2.149806886911392,
    2.0091868191957474,
    1.9818594723939895,
    1.9091951072216033,
    1.9221591085195542,
    1.9522936373949051,
    2.105780580639839,
    1.5687933802604674,
    1.711555576324463,
    1.6658870488405229,
    1.5364476889371872,
    1.775994685292244,
    1.7944367796182632,
    1.4601917326450349,
    1.657605242729187,
    1.558473962545395,
    1.4522381395101547,
    1.5360720217227937,
    1.5954581379890442,
    1.5454065293073653,
    1.7190698504447937,
    1.5716082334518433,
    1.7248282611370087,
    1.414870050549507,
    1.5786161690950393,
    1.5404642522335052,
    1.5763928681612014,
    1.5347484409809113,
    1.7912267386913299,
    1.4986795037984848,
    1.548111018538475,
    1.6122743785381317,
    1.5607696533203126,
    1.466734951734543,
    1.4567868530750274,
    1.4246191084384918,
    1.8224561542272568,
    1.423217311501503,
    1.5425805047154426,
    1.5274660140275955,
    1.3770423859357834,
    1.3842949360609054,
    1.3239380568265915,
    1.4261760324239732,
    1.4030140310525894,
    1.4374844014644623,
    1.3594323441386222,
    1.2716690748929977,
    1.2964800998568535,
    1.264984667301178,
    1.2478810966014862,
    1.2191430404782295,
    1.1763632044196128,
    1.1278913035988807,
    1.0939035087823867,
    1.0386406928300858,
    1.0189772129058838,
    1.0240478962659836,
    0.9970716953277587,
    0.9707200199365615,
    0.9642290815711021,
    0.9544268190860749,
    0.9539293676614762,
    0.9498995289206504,
    0.9413882613182067,
    0.9393968194723129,
    0.9387648165225982,
    0.9365812554955483,
    0.9352260172367096,
    0.9354061171412468,
    0.9339788079261779,
    0.931906321644783,
    0.9332183882594108,
    0.9318471223115921,
    0.9308620616793633,
    0.931805071234703,
    0.9311939775943756
  ],
  "val_acc": [
    0.94,
    11.63,
    18.08,
    24.62,
    27.56,
    30.34,
    38.72,
    43.86,
    43.62,
    46.72,
    47.05,
    49.6,
    50.19,
    49.76,
    47.59,
    57.08,
    55.16,
    55.06,
    58.43,
    54.26,
    54.1,
    59.54,
    56.44,
    58.29,
    60.81,
    59.64,
    59.06,
    59.3,
    55.25,
    58.76,
    56.83,
    62.28,
    59.65,
    60.16,
    60.47,
    61.44,
    57.47,
    62.3,
    60.63,
    60.99,
    61.92,
    62.46,
    64.13,
    64.59,
    58.17,
    65.16,
    62.41,
    62.68,
    65.63,
    65.76,
    67.5,
    65.9,
    66.39,
    66.43,
    67.67,
    69.03,
    68.86,
    69.99,
    70.33,
    70.87,
    71.99,
    72.83,
    73.4,
    74.69,
    74.96,
    74.91,
    75.2,
    75.85,
    75.92,
    76.0,
    76.01,
    76.4,
    76.41,
    76.6,
    76.46,
    76.38,
    76.49,
    76.76,
    76.7,
    76.77,
    76.65,
    76.69,
    76.83,
    76.55,
    76.79
  ],