{
  "train_loss": [
    2.3091276023122997,
    1.5570858154031966,
    0.8667024622360865,
    0.691385245985455,
    0.7086798358294699,
    0.6323776228560342,
    0.4892417896125052,
    0.4185273200273514,
    0.44936767634418273,
    0.4085152612792121,
    0.3437757343053818,
    0.2832897930509514,
    0.31383685312337345,
    0.5205816229184469,
    0.2382554149048196,
    0.1512307237005896,
    0.21236065423323047,
    0.43027905085020596,
    0.26892385797368157,
    0.20674382315741646,
    0.08245905183462633,
    0.06301948340195748,
    0.05501834122050139,
    0.08157508985863791,
    0.07377337265966667,
    0.05089902300905022,
    0.017152741354139935,
    0.006770570112469916,
    0.012321498232065804,
    0.00784643891448569,
    0.03233532183286217,
    0.12427109844672184,
    0.049083295847392745,
    0.047811052192830376,
    0.05665732777884437,
    0.01622398945619352,
    0.018045185153217364,
    0.03482038376387209,
    0.010587437100993056,
    0.0024918044380481457,
    0.0026189802427122938,
    0.0020142038192716427,
    0.0009480787945600847,
    0.0006352913038022558,
    0.0039451606878881445,
    0.03167842026030283,
    0.005089595368998643,
    0.0019694448654061286,
    0.001809676082403813,
    0.0016735767947264118,
    0.0029919598455308005,
    0.006246028658804587,
    0.0022354802672958207,
    0.0013131791832468782,
    0.0007043144343899459,
    0.0006987363028909183,
    0.0006294087652349845,
    0.0005637146007049725,
    0.0005301025650826179,
    0.0007770026503648195,
    0.001032499098881898,
    0.0008965390435251822,
    0.0006346141494254374,
    0.0008500040320440247,
    0.0005590731994339472,
    0.0004665617614389501,
    0.0005035965663814244,
    0.0006832527667736738,
    0.00041034448966254585,
    0.0005165864042485029,
    0.0005699627856504068,
    0.0004918229258489899,
    0.0004804537262922774,
    0.0006545355524091671,
    0.0012316716836519642,
    0.0006197320868118873,
    0.0005954254649825291,
    0.000501378855713281,
    0.0004810408883915645,
    0.0006032609421203637,
    0.0005172422210711779,
    0.0006499738180233786,
    0.0005152599183525632,
    0.000493870008439343,
    0.0014385603103114085
  ],
  "train_acc": [
    8.155555555555555,
    44.58888888888889,
    67.73333333333333,
    75.04444444444445,
    74.35555555555555,
    76.78888888888889,
    81.92222222222222,
    84.96666666666667,
    84.23333333333333,
    85.53333333333333,
    88.05555555555556,
    90.5111111111111,
    89.71111111111111,
    82.81111111111112,
    91.66666666666667,
    95.05555555555556,
    93.06666666666666,
    86.33333333333333,
    91.25555555555556,
    92.9,
    97.24444444444444,
    97.94444444444444,
    98.15555555555555,
    97.36666666666666,
    97.77777777777777,
    98.31111111111112,
    99.38888888888889,
    99.76666666666667,
    99.62222222222222,
    99.83333333333333,
    99.24444444444444,
    95.83333333333333,
    98.27777777777777,
    98.58888888888889,
    98.27777777777777,
    99.4888888888889,
    99.62222222222222,
    98.81111111111112,
    99.65555555555555,
    99.95555555555555,
    99.92222222222222,
    99.97777777777777,
    99.97777777777777,
    99.97777777777777,
    99.96666666666667,
    99.02222222222223,
    99.91111111111111,
    99.9888888888889,
    99.97777777777777,
    99.97777777777777,
    99.92222222222222,
    99.82222222222222,
    99.94444444444444,
    99.97777777777777,
    100.0,
    99.9888888888889,
    99.9888888888889,
    99.9888888888889,
    100.0,
    100.0,
    99.97777777777777,
    99.9888888888889,
    100.0,
    99.9888888888889,
    100.0,
    100.0,
    100.0,
    100.0,
    100.0,
    100.0,
    100.0,
    100.0,
    100.0,
    100.0,
    99.9888888888889,
    99.9888888888889,
    100.0,
    100.0,
    100.0,
    100.0,
    100.0,
    100.0,
    100.0,
    100.0,
    99.9888888888889
  ],
  "val_loss": [
    2.2519104151890197,
    1.3347518238528022,
    1.6572503920259147,
    2.1389361208882827,
    3.473112648931043,
    1.730993525735263,
    5.416442040739389,
    2.539786827975306,
    5.604080455056552,
    3.746286573081181,
    2.4430364288132767,
    3.1743590585116683,
    24.489831924438477,
    1.7965610150633187,
    2.0753747348127694,
    2.2237650279341072,
    6.879384484784357,
    3.0901708109625456,
    2.032671780421816,
    2.1031006204670875,
    3.1290287519323416,
    2.1118962148140215,
    1.776891028572773,
    2.7887913111982674,
    1.8513410296933404,
    1.8447138276593438,
    1.5747542052433408,
    1.4957632956833675,
    1.734821081161499,
    1.8659865773957351,
    1.9302948425556052,
    1.8917499205161785,
    1.5856291713385746,
    1.2246698141098022,
    1.3183151082745914,
    1.723579081995734,
    1.7502148562464221,
    1.4097139835357666,
    1.6133894982009098,
    1.6070783878194874,
    1.418763834854652,
    1.341786816202361,
    1.2571201345016216,
    1.1982192150477706,
    1.4521594581932857,
    1.110381163399795,
    0.9445694520555693,
    1.0291409389726047,
    0.9802320948962507,
    0.8853138438586531,
    0.905060350894928,
    1.0687345369108792,
    1.0498274194783177,
    1.0079572385755078,
    0.9628819206665302,
    0.9237733133907976,
    0.9572888838833776,
    0.8992170485956915,
    0.920842220043314,
    0.9382229056851618,
    0.8770733681218378,
    0.8215450048446655,
    0.8088649799083841,
    0.8998259470380586,
    0.871246572198539,
    0.8483837514088072,
    0.8543969310563186,
    0.8349967187848585,
    0.8202038468985722,
    0.8281732037149626,
    0.8076445172572958,
    0.8478219180271543,
    0.837067567068955,
    0.8341724173776035,
    0.817443296827119,
    0.8124408742477154,
    0.8253173930891629,
    0.8266565738053158,
    0.8053942281624367,
    0.8015588275317488,
    0.798449325150457,
    0.842027485370636,
    0.8030169955615339,
    0.8210677525092815,
    0.8277917504310608
  ],
  "val_acc": [
    2.33983286908078,
    64.06685236768803,
    63.8857938718663,
    65.83565459610028,
    37.8133704735376,
    49.09470752089136,
    25.389972144846798,
    46.22562674094708,
    48.48189415041783,
    44.289693593314766,
    68.27298050139275,
    52.646239554317546,
    36.1142061281337,
    58.760445682451255,
    61.04456824512535,
    70.40389972144847,
    51.4066852367688,
    52.674094707520894,
    55.26462395543175,
    66.71309192200557,
    61.90807799442897,
    74.3732590529248,
    76.23955431754875,
    65.96100278551532,
    69.38718662952647,
    74.10863509749304,
    79.69359331476323,
    81.93593314763231,
    78.64902506963789,
    78.17548746518106,
    76.96378830083566,
    73.71866295264624,
    70.45961002785515,
    79.05292479108635,
    80.32033426183844,
    81.76880222841226,
    79.79108635097494,
    78.64902506963789,
    82.93871866295265,
    78.87186629526462,
    83.35654596100278,
    81.55988857938719,
    82.64623955431755,
    82.74373259052925,
    75.57103064066852,
    80.6267409470752,
    82.11699164345404,
    81.33704735376044,
    81.43454038997214,
    83.13370473537604,
    81.47632311977716,
    81.74094707520891,
    83.09192200557104,
    81.85236768802228,
    82.61838440111421,
    83.23119777158774,
    82.2284122562674,
    82.98050139275766,
    82.70194986072423,
    82.86908077994428,
    82.57660167130919,
    83.85793871866295,
    83.67688022284122,
    82.68802228412257,
    83.008356545961,
    83.42618384401115,
    83.17548746518106,
    82.82729805013928,
    83.60724233983287,
    83.03621169916434,
    83.67688022284122,
    82.60445682451254,
    82.95264623955431,
    83.27298050139275,
    83.11977715877437,
    83.24512534818942,
    82.79944289693593,
    83.13370473537604,
    83.37047353760445,
    83.24512534818942,
    83.46796657381616,
    82.8133704735376,
    83.27298050139275,
    83.50974930362116,
    82.86908077994428
  ],