{
  "train_loss": [
    4.729596814330743,
    3.8995749184063504,
    3.2593937832482007,
    2.78849429257062,
    2.3650840125521837,
    2.0606472565203298,
    1.8016072383948736,
    1.6022556186938772,
    1.4747789058150078,
    1.3634988294572246,
    1.2780137880116094,
    1.2111589786957722,
    1.1461582746432752,
    1.0961985405610533,
    1.0467858597332118,
    1.0179162554594936,
    0.9736015057685424,
    0.9481348453127608,
    0.9008905562211056,
    0.876849852046188,
    0.8464539084507494,
    0.8235670319017099,
    0.7879222515894442,
    0.7750849225083176,
    0.7432040417072724,
    0.7158788016864231,
    0.7032946995934661,
    0.6602756289803252,
    0.647596289156651,
    0.6262837669679097,
    0.6060881439824494,
    0.5744290625562474,
    0.5730449903984459,
    0.5255069018018489,
    0.49884197176719197,
    0.4864616500479834,
    0.46442667075565885,
    0.4453651345506006,
    0.4333862739862228,
    0.4060752155373291,
    0.3804168390984438,
    0.3437401302614991,
    0.3203853538297877,
    0.30037217480795725,
    0.28226232665533924,
    0.27169641206155015,
    0.2389052562719705,
    0.22470290936073478,
    0.21092430137249887,
    0.17712248508267256,
    0.1643875362161471,
    0.14070320353672214,
    0.11536178855719614,
    0.10076820046393847,
    0.08675348644658011,
    0.0742188707298162,
    0.053949134975519716,
    0.04752940927841225,
    0.034931687733196486,
    0.026713192695751786,
    0.02451078120467006,
    0.019734401346127292,
    0.016191068504537855,
    0.015645983614673724,
    0.013308627269591908,
    0.012880425781429726,
    0.01209525602432538,
    0.011627614077617775,
    0.011205351170228452,
    0.010751743287760384,
    0.010595666425188586,
    0.010535699664615095,
    0.009863637314102024,
    0.009909646709126477,
    0.010148290504359317,
    0.009571444157663048,
    0.009391443404768194,
    0.00989552966689653,
    0.009502726454972004,
    0.00941517674934347,
    0.009634602413398727,
    0.009377266574955108,
    0.009420240276531145,
    0.009411956019680567,
    0.009394984221922196
  ],
  "train_acc": [
    0.89,
    10.566,
    20.554,
    29.344,
    37.586,
    44.124,
    49.864,
    54.804,
    58.092,
    60.734,
    62.998,
    64.692,
    66.492,
    67.826,
    69.204,
    70.128,
    71.204,
    71.7,
    72.87,
    73.674,
    74.558,
    75.11,
    76.14,
    76.624,
    77.432,
    78.094,
    78.406,
    79.682,
    80.054,
    80.932,
    81.162,
    82.1,
    82.056,
    83.73,
    84.598,
    84.884,
    85.484,
    86.188,
    86.454,
    87.258,
    88.04,
    89.368,
    90.19,
    90.678,
    91.282,
    91.714,
    92.782,
    93.226,
    93.738,
    94.952,
    95.212,
    96.108,
    96.93,
    97.422,
    97.856,
    98.264,
    98.902,
    99.112,
    99.47,
    99.646,
    99.656,
    99.784,
    99.888,
    99.878,
    99.922,
    99.914,
    99.916,
    99.942,
    99.94,
    99.958,
    99.946,
    99.962,
    99.97,
    99.964,
    99.944,
    99.97,
    99.974,
    99.958,
    99.962,
    99.964,
    99.96,
    99.976,
    99.962,
    99.974,
    99.964
  ],
  "val_loss": [
    4.70923627614975,
    3.5830990970134735,
    3.1813962042331694,
    3.1039284229278565,
    2.3811341643333437,
    2.376904636621475,
    1.9247025042772292,
    1.8955639451742172,
    1.7378121852874755,
    1.7180210262537003,
    1.8533279657363892,
    2.1451330125331878,
    1.662931227684021,
    1.4971472650766373,
    1.7644905000925064,
    1.4634802967309952,
    1.5691747546195984,
    1.6224945843219758,
    1.5651278764009475,
    1.726819959282875,
    1.5122596204280854,
    1.442572647333145,
    1.6512926369905472,
    1.4599309414625168,
    1.397888422012329,
    1.5270755529403686,
    1.5652934640645981,
    1.4544005870819092,
    1.6321367561817168,
    1.4242039352655411,
    1.6175309091806411,
    1.3959552854299546,
    1.6302532702684402,
    1.4544523060321808,
    1.470811441540718,
    1.5856785833835603,
    1.435795995593071,
    1.4709631651639938,
    1.4045875370502472,
    1.5227781414985657,
    1.4449281603097917,
    1.4994711846113205,
    1.3978885143995285,
    1.477201697230339,
    1.4359027713537216,
    1.3699951618909836,
    1.3643674805760384,
    1.3865721851587296,
    1.310070636868477,
    1.3196278840303421,
    1.2747206553816794,
    1.3605214536190033,
    1.3246641963720323,
    1.2265000268816948,
    1.1728456273674965,
    1.182086466252804,
    1.1128690853714942,
    1.1216455742716789,
    1.0618087723851204,
    1.0654145419597625,
    0.9975608646869659,
    0.9879909694194794,
    0.9976897239685059,
    0.9744746536016464,
    0.9577941089868546,
    0.9601729318499566,
    0.9488008886575698,
    0.9416856423020363,
    0.9352935701608658,
    0.9302696838974953,
    0.9311656475067138,
    0.9287721127271652,
    0.9269651085138321,
    0.9249242261052132,
    0.9206035017967225,
    0.9194343745708465,
    0.9200361862778663,
    0.9204058811068535,
    0.9199754551053048,
    0.9181322634220124,
    0.919829273223877,
    0.9197208404541015,
    0.9186969563364983,
    0.9190374955534935,
    0.9183654993772506
  ],
  "val_acc": [
    0.94,
    16.05,
    22.54,
    26.97,
    38.72,
    39.34,
    47.27,
    48.7,
    52.36,
    53.28,
    51.79,
    49.06,
    55.6,
    58.99,
    54.92,
    59.33,
    57.42,
    57.43,
    58.26,
    54.64,
    59.3,
    61.79,
    57.51,
    61.15,
    62.61,
    60.77,
    60.58,
    62.0,
    59.47,
    62.55,
    60.52,
    63.51,
    60.23,
    63.76,
    63.05,
    61.37,
    64.58,
    63.53,
    64.44,
    64.18,
    63.88,
    64.3,
    65.66,
    64.99,
    65.38,
    66.94,
    67.4,
    67.63,
    68.3,
    68.89,
    69.28,
    68.34,
    68.81,
    71.1,
    72.31,
    71.44,
    73.16,
    73.13,
    73.63,
    74.55,
    75.01,
    75.07,
    75.36,
    76.01,
    76.12,
    76.03,
    76.36,
    76.43,
    76.54,
    76.76,
    76.84,
    76.58,
    76.73,
    76.82,
    76.73,
    76.89,
    76.83,
    76.88,
    76.88,
    76.85,
    76.96,
    76.91,
    76.89,
    76.96,
    76.92
  ],