{
  "train_loss": [
    4.730184260679751,
    3.7365232365471974,
    3.0803798862865994,
    2.6158028001687965,
    2.247738998763415,
    1.989550833799401,
    1.7380594380047856,
    1.5537956959130812,
    1.4130857361822713,
    1.2869148713593581,
    1.179517603650385,
    1.0839446187019348,
    0.9968941643530008,
    0.9138769841924006,
    0.8466644177631456,
    0.789788273524265,
    0.7136795669794083,
    0.6511204013106774,
    0.5939210096792299,
    0.5435076374180463,
    0.4897640317070241,
    0.44060057614530834,
    0.3907030753943385,
    0.35988952736465296,
    0.3199961060772137,
    0.2930805544768061,
    0.2532692756123689,
    0.22081555635193173,
    0.20122837564166712,
    0.19009445767317498,
    0.1666767851506569,
    0.1594893815261977,
    0.1348833138009115,
    0.12751622889571043,
    0.11220540216534722,
    0.1072263083591753,
    0.09191991820247197,
    0.08123078845365315,
    0.08633320022146312,
    0.07269122153140452,
    0.07275289359825607,
    0.06369266887100375,
    0.05073644403292208,
    0.04583867096665258,
    0.042764906467375706,
    0.042106047381970046,
    0.04259304163920484,
    0.04038588824795977,
    0.031590489124195,
    0.025801919966137836,
    0.021916266606778513,
    0.021110059301444918,
    0.020702354845172743,
    0.018015395785795942,
    0.01634143646426347,
    0.02040529169132743,
    0.01809044058638986,
    0.015054364422602313,
    0.01287736893603008,
    0.010166510103308424,
    0.008007029067292544,
    0.008702863819127408,
    0.006927271503052313,
    0.007083748258194145,
    0.0048398858171469555,
    0.004852552159644226,
    0.004310616685555088,
    0.004214615362686846,
    0.003413281788365269,
    0.0029904422586622213,
    0.0024719278836546807,
    0.0027308024975948738,
    0.002478193371866744,
    0.0022556519797202485,
    0.0020038421852015226,
    0.002044720410390719,
    0.0015582264834903276,
    0.00165594100823854,
    0.0013818791062198104,
    0.0013238104013963698,
    0.0011718496645364805,
    0.0013998398474597002,
    0.0011875719308368483,
    0.0010355338533688098,
    0.0012130600874542677
  ],
  "train_acc": [
    0.908,
    12.822,
    23.516,
    32.46,
    40.046,
    45.678,
    51.81,
    56.086,
    59.498,
    62.604,
    65.454,
    68.006,
    70.298,
    72.184,
    74.282,
    75.848,
    77.902,
    79.728,
    81.158,
    82.626,
    84.438,
    85.938,
    87.412,
    88.27,
    89.538,
    90.526,
    91.812,
    92.878,
    93.368,
    93.78,
    94.61,
    94.742,
    95.716,
    95.912,
    96.356,
    96.59,
    97.168,
    97.466,
    97.254,
    97.744,
    97.69,
    98.018,
    98.494,
    98.626,
    98.758,
    98.772,
    98.734,
    98.824,
    99.104,
    99.308,
    99.482,
    99.422,
    99.422,
    99.56,
    99.58,
    99.424,
    99.558,
    99.616,
    99.706,
    99.768,
    99.84,
    99.788,
    99.858,
    99.854,
    99.914,
    99.892,
    99.928,
    99.92,
    99.93,
    99.948,
    99.948,
    99.938,
    99.94,
    99.954,
    99.956,
    99.95,
    99.96,
    99.958,
    99.976,
    99.968,
    99.972,
    99.966,
    99.976,
    99.982,
    99.97
  ],
  "val_loss": [
    4.708698141574859,
    3.339414042234421,
    3.1597713947296144,
    2.5871338069438936,
    2.323889452219009,
    2.2778969168663026,
    2.0455597013235094,
    1.9463029384613038,
    1.7476695418357848,
    2.0721878498792647,
    1.710428935289383,
    1.693261843919754,
    1.5372042506933212,
    1.508701393008232,
    1.4332638680934906,
    1.4998353123664856,
    1.3963726907968521,
    1.5393573611974716,
    1.5151097297668457,
    1.3851882934570312,
    1.4918307781219482,
    1.4963757365942,
    1.5558004319667815,
    1.608633530139923,
    1.5693006068468094,
    1.5362242102622985,
    1.60984757989645,
    1.618606549501419,
    1.6859481036663055,
    1.6611490488052367,
    1.7559858828783035,
    1.7071466237306594,
    1.6691473931074143,
    1.7238367259502412,
    1.7663956612348557,
    1.7458576291799546,
    1.761067008972168,
    1.8264708012342452,
    1.7117427796125413,
    1.785789692401886,
    1.8528860181570053,
    1.7670615464448929,
    1.782319474220276,
    1.8292701870203019,
    1.8581314474344253,
    1.9033573895692826,
    1.8934954285621644,
    1.8245694667100907,
    1.8477451235055924,
    1.7916909605264664,
    1.8234653651714325,
    1.8351126790046692,
    1.8363534033298492,
    1.8488259375095368,
    1.8111184686422348,
    1.920488354563713,
    1.8558850586414337,
    1.8894511133432388,
    1.8638982385396958,
    1.8870962053537368,
    1.841449174284935,
    1.869986715912819,
    1.8617520809173584,
    1.833159002661705,
    1.8668327033519745,
    1.85114606320858,
    1.8291859865188598,
    1.814862248301506,
    1.8506075620651246,
    1.8317923218011856,
    1.8371961414813995,
    1.8363224744796753,
    1.8289621412754058,
    1.8188180476427078,
    1.8241982579231262,
    1.831461837887764,
    1.8174910366535186,
    1.8118246734142303,
    1.8141307979822159,
    1.8134748548269273,
    1.8155497014522552,
    1.809657171368599,
    1.8147589921951295,
    1.8136550962924958,
    1.8238055884838105
  ],
  "val_acc": [
    0.91,
    19.17,
    23.72,
    34.79,
    39.36,
    41.79,
    47.2,
    49.65,
    52.93,
    49.75,
    54.8,
    56.31,
    59.55,
    59.35,
    62.46,
    60.93,
    63.47,
    61.94,
    63.04,
    64.72,
    64.96,
    65.52,
    65.06,
    63.91,
    65.69,
    66.76,
    65.99,
    67.26,
    65.63,
    66.23,
    67.04,
    66.64,
    68.22,
    68.19,
    67.54,
    68.55,
    68.26,
    67.17,
    68.72,
    68.68,
    68.49,
    68.68,
    69.64,
    68.91,
    69.23,
    69.4,
    69.33,
    70.22,
    69.9,
    70.38,
    70.4,
    70.71,
    70.5,
    70.57,
    71.29,
    69.98,
    70.32,
    70.86,
    71.41,
    70.93,
    71.34,
    71.3,
    71.56,
    72.11,
    71.75,
    71.89,
    72.1,
    71.93,
    71.96,
    72.21,
    72.15,
    72.09,
    72.28,
    72.27,
    72.24,
    72.57,
    72.38,
    72.68,
    72.57,
    72.72,
    72.61,
    72.54,
    72.72,
    72.68,
    72.54
  ],