{
  "train_loss": [
    4.729596814330743,
    3.996198655391226,
    3.382927021201776,
    2.9584711522472147,
    2.576964368625563,
    2.259489575210883,
    2.028305243472664,
    1.81212068577202,
    1.6821931241726389,
    1.5580402314662933,
    1.4705503436983849,
    1.351174030985151,
    1.254636962194832,
    1.1875464417496506,
    1.1296421617877728,
    1.0833928229249254,
    1.0264708135201006,
    1.002050600793897,
    0.9681223655233577,
    0.938337678811988,
    0.8998459988102621,
    0.8829846373017953,
    0.8398800416260349,
    0.833022482845248,
    0.7927216720216128,
    0.7667866385712916,
    0.7532599154783755,
    0.7252423018217087,
    0.6929697195182041,
    0.680052499077758,
    0.6556192802227273,
    0.6264985494163572,
    0.6132488123008183,
    0.5881089323333332,
    0.5641490292488313,
    0.5408312121824342,
    0.5075816746268954,
    0.49507253921153593,
    0.47844160880361286,
    0.46417517260629304,
    0.4349976189586581,
    0.4046483298345488,
    0.38968708366155624,
    0.37398264838420614,
    0.3405064027376321,
    0.32714427414597297,
    0.29199709469566537,
    0.2599150473061873,
    0.24660577959552102,
    0.22337040312740267,
    0.21629255873208142,
    0.18053980369348915,
    0.15495572448232953,
    0.13718983173674468,
    0.11287028072591947,
    0.10103008721251877,
    0.0814555169900461,
    0.06275294266869219,
    0.05039439649720277,
    0.04115163811425469,
    0.03141160178169304,
    0.02536142051543052,
    0.02032305671814449,
    0.0179478360758144,
    0.016227296843402544,
    0.013780152703141223,
    0.013133992165403098,
    0.0123971115289332,
    0.011533051349070608,
    0.011075392004330548,
    0.010767212596113736,
    0.010628301792835094,
    0.010111954607240552,
    0.009923543046912824,
    0.009915060335200052,
    0.009775769723370215,
    0.009490508075366368,
    0.00964229086851131,
    0.009646227521517751,
    0.009361642400962206,
    0.009450128601331795,
    0.009356478858758144,
    0.009386624903323091,
    0.009402065948887291,
    0.009354041834665957
  ],
  "train_acc": [
    0.89,
    8.98,
    17.994,
    25.652,
    33.022,
    39.712,
    44.662,
    49.858,
    52.964,
    55.84,
    57.984,
    61.174,
    63.674,
    65.272,
    66.74,
    68.128,
    69.864,
    70.322,
    71.262,
    71.986,
    73.198,
    73.492,
    74.738,
    74.926,
    76.054,
    76.718,
    77.084,
    78.066,
    79.002,
    79.046,
    79.914,
    80.608,
    80.916,
    81.618,
    82.53,
    83.234,
    84.14,
    84.596,
    85.022,
    85.542,
    86.342,
    87.298,
    87.984,
    88.418,
    89.348,
    89.858,
    91.048,
    92.068,
    92.508,
    93.278,
    93.442,
    94.78,
    95.572,
    96.172,
    97.046,
    97.37,
    98.022,
    98.666,
    99.028,
    99.266,
    99.532,
    99.674,
    99.804,
    99.818,
    99.854,
    99.928,
    99.908,
    99.918,
    99.942,
    99.952,
    99.944,
    99.958,
    99.968,
    99.964,
    99.946,
    99.964,
    99.966,
    99.956,
    99.968,
    99.972,
    99.966,
    99.974,
    99.97,
    99.978,
    99.962
  ],
  "val_loss": [
    4.70923627614975,
    3.624920380115509,
    3.170600575208664,
    2.7989592254161835,
    2.726709133386612,
    2.670199030637741,
    2.1170958787202836,
    1.9303544968366624,
    2.0619411170482635,
    2.017965292930603,
    1.8779330193996429,
    1.7813894599676132,
    1.7194565445184709,
    1.7299455851316452,
    2.038822963833809,
    1.486974060535431,
    1.6035761654376983,
    1.7141366690397262,
    1.4782968133687973,
    1.5726619601249694,
    1.7783233165740966,
    1.4336527198553086,
    1.7172550588846207,
    1.6018127232789994,
    1.4834418594837189,
    1.5166973501443863,
    1.6040327966213226,
    1.4553397446870804,
    1.5680443316698074,
    1.558349961042404,
    1.4867706775665284,
    1.5692428827285767,
    1.5497267901897431,
    1.518033492565155,
    1.507293951511383,
    1.4986745297908783,
    1.4846882075071335,
    1.716754510998726,
    1.4662255972623826,
    1.5366858392953873,
    1.4031378716230392,
    1.5952824264764787,
    1.376696091890335,
    1.7471580654382706,
    1.477142721414566,
    1.5647257208824157,
    1.5543311327695846,
    1.4827391117811204,
    1.4503730475902556,
    1.4645336911082267,
    1.4388084322214127,
    1.3379206478595733,
    1.3300391718745233,
    1.2834774106740952,
    1.1875932142138481,
    1.2948102623224258,
    1.1948430389165878,
    1.153456936776638,
    1.0909297212958335,
    1.0930418133735658,
    1.0763722524046897,
    1.044873720407486,
    1.025659441947937,
    1.003298680484295,
    0.9978158116340637,
    0.9836825519800186,
    0.9677713617682457,
    0.9609624519944191,
    0.9572967618703843,
    0.9517643436789512,
    0.9493515864014626,
    0.9512270808219909,
    0.9442379213869572,
    0.9426372274756432,
    0.9368745692074298,
    0.93764678388834,
    0.9341618806123734,
    0.9352550059556961,
    0.934047244489193,
    0.9340423516929149,
    0.9367261797189712,
    0.9335382074117661,
    0.9334770768880845,
    0.9327334813773632,
    0.931870287656784
  ],
  "val_acc": [
    0.94,
    14.48,
    22.02,
    29.28,
    33.09,
    33.61,
    44.02,
    47.9,
    46.24,
    47.8,
    49.98,
    53.05,
    53.48,
    53.32,
    49.91,
    58.28,
    56.73,
    55.26,
    60.02,
    57.7,
    54.8,
    60.67,
    56.34,
    58.45,
    60.58,
    60.31,
    59.48,
    62.95,
    59.67,
    60.15,
    61.62,
    60.35,
    60.49,
    61.54,
    60.59,
    62.41,
    63.19,
    58.85,
    63.6,
    63.16,
    64.79,
    62.07,
    66.43,
    60.83,
    64.02,
    63.47,
    64.23,
    64.61,
    65.51,
    65.73,
    66.5,
    68.06,
    67.88,
    68.94,
    70.93,
    69.97,
    71.68,
    72.62,
    73.28,
    73.1,
    73.85,
    74.47,
    75.0,
    75.15,
    75.58,
    75.15,
    75.33,
    75.62,
    75.83,
    75.89,
    76.04,
    75.93,
    76.18,
    76.21,
    76.34,
    76.29,
    76.33,
    76.27,
    76.25,
    76.2,
    76.22,
    76.28,
    76.27,
    76.32,
    76.24
  ],