{
  "train_loss": [
    2.3085465828577676,
    1.369607624080446,
    0.7872385481993357,
    0.6036258604791429,
    0.35960278246137833,
    0.36897701770067215,
    0.23064797040488985,
    0.2299860537879997,
    0.1548197745449013,
    0.08743258627752463,
    0.060556000305546656,
    0.03961268817591998,
    0.02825497856570615,
    0.027081676500125065,
    0.01903717398333053,
    0.013879205035563145,
    0.0063937799552352065,
    0.009661964483610872,
    0.013643792688122226,
    0.010974036523192707,
    0.039655624966447554,
    0.06001252887977494,
    0.09513583696550793,
    0.07145841419696808,
    0.08324401618705855,
    0.05334226766394244,
    0.03063347904632489,
    0.019002074259333313,
    0.013713008853503399,
    0.009778557694517076,
    0.0038731747513843905,
    0.0018272293705700173,
    0.0009023599058208573,
    0.003646125080801236,
    0.0007011143413061897,
    0.0016167403114700897,
    0.0003159187302420226,
    0.0004093256801651377,
    0.0002562843850076509,
    0.00016643096104316,
    0.00015864541799399175,
    0.00014348198076024547,
    0.0002596221578035814,
    0.00017723431665217504,
    0.00014831433590087626,
    0.00014194199239783402,
    0.00013952909042321457,
    0.00012482384206830629,
    0.00011752052321551471,
    0.00011723733122279454,
    0.00011957106107729487,
    0.00010758709322544746,
    0.00010308585681034149,
    0.0002766548920286975,
    0.00019501736945433853,
    0.0001242810485564405,
    0.0003163763241092157,
    9.114536078413948e-05,
    0.00010516892830815373,
    0.00011774088852689601,
    0.00010210011977404874,
    0.00011246025133004878,
    9.626541517112248e-05,
    0.00014775302042835392,
    9.825464601615547e-05,
    8.176545694974872e-05,
    0.00010122843276702851,
    7.847865749176385e-05,
    8.163590326956991e-05,
    0.00011191901608577205,
    9.466115968987449e-05,
    0.0001149775531909351,
    7.253344301716425e-05,
    8.95040347030671e-05,
    8.039328430539981e-05,
    7.956650370033458e-05,
    8.633670990497599e-05,
    7.453747154310501e-05,
    0.00015214070541939387,
    9.197602048516273e-05,
    0.00011557211392856616,
    6.980687895621586e-05,
    7.048929283983953e-05,
    8.722416047627728e-05,
    8.241508658102248e-05
  ],
  "train_acc": [
    8.311111111111112,
    48.75555555555555,
    71.77777777777777,
    77.8,
    87.93333333333334,
    87.15555555555555,
    92.64444444444445,
    92.4888888888889,
    95.02222222222223,
    97.5111111111111,
    98.15555555555555,
    98.84444444444445,
    99.22222222222223,
    99.24444444444444,
    99.42222222222222,
    99.6,
    99.91111111111111,
    99.73333333333333,
    99.4888888888889,
    99.71111111111111,
    98.55555555555556,
    98.13333333333334,
    97.26666666666667,
    97.46666666666667,
    97.28888888888889,
    98.15555555555555,
    99.11111111111111,
    99.55555555555556,
    99.6,
    99.75555555555556,
    99.93333333333334,
    99.97777777777777,
    100.0,
    99.97777777777777,
    100.0,
    99.97777777777777,
    100.0,
    100.0,
    100.0,
    100.0,
    100.0,
    100.0,
    100.0,
    100.0,
    100.0,
    100.0,
    100.0,
    100.0,
    100.0,
    100.0,
    100.0,
    100.0,
    100.0,
    100.0,
    100.0,
    100.0,
    100.0,
    100.0,
    100.0,
    100.0,
    100.0,
    100.0,
    100.0,
    100.0,
    100.0,
    100.0,
    100.0,
    100.0,
    100.0,
    100.0,
    100.0,
    100.0,
    100.0,
    100.0,
    100.0,
    100.0,
    100.0,
    100.0,
    100.0,
    100.0,
    100.0,
    100.0,
    100.0,
    100.0,
    100.0
  ],
  "val_loss": [
    2.2153976621298956,
    2.8027556600241827,
    2.292960454677713,
    2.7601036861025054,
    1.9201481424528977,
    4.497303214566461,
    1.6412493442666942,
    2.3474675211413154,
    1.8371965844055702,
    2.0816725985757234,
    1.8046020803780392,
    1.7611515152043309,
    1.6089029723200305,
    1.6639075361449143,
    1.7977455278922772,
    1.6296764817731133,
    1.3609498554262622,
    1.7526443251248063,
    1.542009398855012,
    2.0864558096589714,
    1.809538775476916,
    2.459796979509551,
    3.0204163008722764,
    3.096859537321946,
    2.5774325091263344,
    3.020797080007093,
    1.437505738488559,
    1.4747347132912998,
    1.6605953800267186,
    1.4568246931865299,
    1.3548652796909726,
    1.597598486933215,
    1.5893792366159374,
    1.3965894847080624,
    1.3934977835622326,
    1.364918170304134,
    1.3891167188512867,
    1.4104359437679421,
    1.344943706331582,
    1.3527025642066166,
    1.340779263397743,
    1.3572350370472874,
    1.3453133763938114,
    1.3598106318506702,
    1.338750070539014,
    1.3385496016206413,
    1.3301309038852822,
    1.3541139898629024,
    1.360886549127513,
    1.3731070263632412,
    1.3444688320159912,
    1.346662529583635,
    1.3510788473589668,
    1.4596127148332267,
    1.3671829001656894,
    1.3500422403730195,
    1.3461284637451172,
    1.3547314364334633,
    1.3595817171294113,
    1.3521276589097648,
    1.3431082593983616,
    1.349583103738982,
    1.3480907925244034,
    1.348706471508947,
    1.3633519575513642,
    1.3640553170237049,
    1.3691275201994797,
    1.3641086775681068,
    1.3648232879309818,
    1.3717022764271702,
    1.3369889053805122,
    1.3650879366644497,
    1.370255573042508,
    1.3668927529762531,
    1.356773701207391,
    1.3587627123142112,
    1.3672723852354904,
    1.3592322489310955,
    1.35162222796473,
    1.3580728440449155,
    1.3674960629693393,
    1.3642791468521644,
    1.3655384614549835,
    1.3613374726525669,
    1.3623460366808136
  ],
  "val_acc": [
    9.052924791086351,
    31.211699164345404,
    49.09470752089136,
    37.74373259052925,
    62.84122562674095,
    51.68523676880223,
    75.6267409470752,
    51.991643454039,
    61.35097493036211,
    60.52924791086351,
    60.543175487465184,
    68.41225626740948,
    69.8050139275766,
    72.06128133704735,
    68.48189415041783,
    69.025069637883,
    77.64623955431755,
    72.46518105849582,
    75.12534818941504,
    62.45125348189415,
    70.40389972144847,
    59.9025069637883,
    46.37883008356546,
    50.0,
    61.37883008356546,
    53.022284122562674,
    71.39275766016713,
    74.4150417827298,
    74.26183844011142,
    72.07520891364902,
    76.85236768802228,
    69.74930362116991,
    70.89136490250696,
    76.44846796657382,
    76.68523676880223,
    76.90807799442896,
    75.66852367688023,
    75.05571030640668,
    77.06128133704735,
    76.67130919220055,
    77.00557103064067,
    76.39275766016713,
    76.85236768802228,
    77.14484679665738,
    77.2284122562674,
    77.21448467966574,
    77.47910863509749,
    76.85236768802228,
    76.76880222841226,
    76.46239554317549,
    76.90807799442896,
    76.97771587743732,
    77.25626740947075,
    74.45682451253482,
    77.01949860724234,
    77.21448467966574,
    77.31197771587743,
    77.27019498607243,
    77.31197771587743,
    77.56267409470752,
    77.52089136490251,
    77.59052924791087,
    77.63231197771587,
    77.45125348189416,
    77.46518105849582,
    77.50696378830084,
    77.47910863509749,
    77.47910863509749,
    77.2284122562674,
    77.43732590529248,
    77.75766016713092,
    77.57660167130919,
    77.42339832869081,
    77.42339832869081,
    77.35376044568245,
    77.43732590529248,
    77.33983286908078,
    77.47910863509749,
    77.64623955431755,
    77.50696378830084,
    77.56267409470752,
    77.46518105849582,
    77.35376044568245,
    77.45125348189416,
    77.39554317548746
  ],