{
  "train_loss": [
    2.308552715513441,
    1.9496445523367987,
    0.9999537799093459,
    0.8674843245082431,
    0.6860540078745948,
    1.0224096145894792,
    0.792186740371916,
    0.6945858200391134,
    0.6100232799847921,
    0.5291235066122479,
    0.4822396967146132,
    0.5116514580117332,
    0.40440760718451607,
    0.32087791628307766,
    0.24402915106879342,
    0.19286855392985874,
    0.10284628553522958,
    0.06966794985863897,
    0.09096257595552339,
    0.08054360105759567,
    0.0839347190534075,
    0.05082324840542343,
    0.041352627229773335,
    0.03787539495776097,
    0.07266390318464902,
    0.04617975290036864,
    0.029909670766856935,
    0.028282090555876493,
    0.014254283987813525,
    0.013298973867980143,
    0.005520967197500997,
    0.0016929232369875535,
    0.0006770594603343246,
    0.00042935691696281236,
    0.0006759513489669189,
    0.00046203938998385437,
    0.0003533902345225215,
    0.0003272693340679527,
    0.00031935780094095715,
    0.0002144785984354611,
    0.00019474050471520363,
    0.00019133645441292578,
    0.00026386487580667663,
    0.0002407495497512476,
    0.00025063247893639427,
    0.00022629694851477526,
    0.00020968660990345396,
    0.00021918142576598458,
    0.0002605796398711391,
    0.00029976369680500485,
    0.0003304294384886614,
    0.00026434132450958714,
    0.000226966919500329,
    0.00039581818257122196,
    0.0003369754421227198,
    0.00035588495585317205,
    0.0003318476915915704,
    0.000230703978256012,
    0.0002347689611876073,
    0.00029549753526225686,
    0.000260697393969167,
    0.0002727607360510673,
    0.0002386331640688392,
    0.0003745762644232147,
    0.0002654397701715223,
    0.00026711381441499625,
    0.00030754377237624593,
    0.00025125440798648115,
    0.00023329979497551298,
    0.000279579199236145,
    0.0002842102468194854,
    0.0002617851973304318,
    0.0002334748537072705,
    0.00029480182032178465,
    0.00025654823548393324,
    0.0003246782992694837,
    0.0002758415632544913,
    0.0002612934282903249,
    0.00041617816653645906,
    0.0003005243262224313,
    0.0002870999475514206,
    0.00024521140100356814,
    0.00026483455844249367,
    0.00027447427419247106,
    0.0005981786024575639
  ],
  "train_acc": [
    8.28888888888889,
    36.46666666666667,
    63.111111111111114,
    67.8,
    74.37777777777778,
    64.2,
    70.66666666666667,
    75.17777777777778,
    77.53333333333333,
    81.37777777777778,
    83.08888888888889,
    82.06666666666666,
    86.08888888888889,
    88.71111111111111,
    91.02222222222223,
    93.64444444444445,
    96.57777777777778,
    97.68888888888888,
    96.84444444444445,
    97.44444444444444,
    97.17777777777778,
    98.22222222222223,
    98.8,
    98.84444444444445,
    97.84444444444445,
    98.4888888888889,
    99.06666666666666,
    99.13333333333334,
    99.53333333333333,
    99.64444444444445,
    99.88888888888889,
    100.0,
    100.0,
    100.0,
    99.97777777777777,
    100.0,
    100.0,
    100.0,
    100.0,
    100.0,
    100.0,
    100.0,
    100.0,
    100.0,
    100.0,
    100.0,
    100.0,
    100.0,
    100.0,
    100.0,
    100.0,
    100.0,
    100.0,
    100.0,
    100.0,
    100.0,
    100.0,
    100.0,
    100.0,
    100.0,
    100.0,
    100.0,
    100.0,
    100.0,
    100.0,
    100.0,
    100.0,
    100.0,
    100.0,
    100.0,
    100.0,
    100.0,
    100.0,
    100.0,
    100.0,
    100.0,
    100.0,
    100.0,
    100.0,
    100.0,
    100.0,
    100.0,
    100.0,
    100.0,
    99.97777777777777
  ],
  "val_loss": [
    2.2154132744361617,
    1.728130916069294,
    9.376423737098431,
    3.9643140990158607,
    5.501965983160611,
    7.201907404537859,
    2.6937922362623543,
    2.264499047706867,
    9.452431695214633,
    1.7943292424596589,
    5.3958455529706235,
    5.118391670029739,
    3.600275350028071,
    2.415096324065636,
    4.549059810309575,
    1.3399160730427708,
    1.6842523073327953,
    2.4755822584546845,
    2.258761130530259,
    1.2907354482289017,
    2.932716673818128,
    2.2563073265141456,
    2.677257829699023,
    3.316306500599302,
    5.6007101700223725,
    2.5048724782877954,
    2.4984090657069764,
    1.8385373148424873,
    2.0947209637740563,
    1.87791023788781,
    1.606485942314411,
    1.65970234829804,
    1.6397947895115819,
    1.652703124901344,
    1.6175440015463993,
    1.5369012828530937,
    1.5184750351412544,
    1.5429378891813343,
    1.530206224014019,
    1.5183174157964772,
    1.5043442989217823,
    1.4816307939332107,
    1.4655024244867523,
    1.4662120568341221,
    1.4623527382982189,
    1.4376057263078361,
    1.412577080315557,
    1.4038351404255833,
    1.3906286071086753,
    1.4295731371846692,
    1.3954172956532445,
    1.3517597379355595,
    1.3446092811124077,
    1.3595104608042488,
    1.337062116326957,
    1.328769311822694,
    1.3452251820728696,
    1.3195847704492767,
    1.328730753783522,
    1.287362511815696,
    1.2877062559127808,
    1.2736144661903381,
    1.283015286100322,
    1.2771470937235603,
    1.2803850852209946,
    1.2773319565016648,
    1.2828672014433762,
    1.2864052283352818,
    1.2645248339093964,
    1.2768465732706005,
    1.2596051836835926,
    1.276308536529541,
    1.255498405160575,
    1.273308242189473,
    1.258337637473797,
    1.2618920741410091,
    1.2711724618385578,
    1.2750078912439018,
    1.2696131940545707,
    1.2555654994372665,
    1.2773869900867856,
    1.2724150028722039,
    1.2662960578655373,
    1.265693777594073,
    1.2624786701695672
  ],
  "val_acc": [
    9.038997214484679,
    53.259052924791085,
    34.610027855153206,
    39.44289693593315,
    29.415041782729805,
    22.479108635097493,
    43.119777158774376,
    54.83286908077994,
    32.01949860724234,
    48.48189415041783,
    38.4958217270195,
    40.571030640668525,
    51.8941504178273,
    62.28412256267409,
    40.61281337047354,
    72.42339832869081,
    70.33426183844011,
    67.60445682451254,
    61.559888579387184,
    74.54038997214485,
    68.11977715877437,
    74.30362116991644,
    69.8050139275766,
    56.476323119777156,
    61.61559888579387,
    63.80222841225627,
    64.49860724233983,
    75.64066852367688,
    78.87186629526462,
    77.24233983286908,
    78.03621169916434,
    80.01392757660167,
    80.23676880222841,
    79.91643454038997,
    80.01392757660167,
    80.47353760445682,
    80.40389972144847,
    80.22284122562674,
    80.12534818941504,
    80.02785515320335,
    80.08356545961003,
    79.98607242339833,
    80.20891364902506,
    79.86072423398329,
    79.65181058495821,
    80.11142061281338,
    80.3899721448468,
    79.958217270195,
    80.26462395543176,
    79.16434540389972,
    79.24791086350974,
    79.87465181058496,
    79.74930362116991,
    79.74930362116991,
    79.69359331476323,
    79.79108635097494,
    79.35933147632312,
    79.49860724233983,
    79.34540389972145,
    79.81894150417827,
    79.81894150417827,
    79.84679665738162,
    79.72144846796657,
    79.69359331476323,
    79.58217270194986,
    79.63788300835654,
    79.38718662952647,
    79.3732590529248,
    79.52646239554318,
    79.65181058495821,
    79.91643454038997,
    79.69359331476323,
    79.67966573816156,
    79.73537604456824,
    79.72144846796657,
    79.59610027855153,
    79.58217270194986,
    79.38718662952647,
    79.73537604456824,
    79.72144846796657,
    79.70752089136491,
    79.54038997214485,
    79.72144846796657,
    79.70752089136491,
    79.52646239554318
  ],