{
  "train_loss": [
    3.6187183078454463,
    2.8048467514466267,
    2.324658283165523,
    2.0072046585228978,
    1.7609286071086416,
    1.5797544024428543,
    1.4306336087839944,
    1.2991183965790027,
    1.1922429681432491,
    1.09348932395176,
    0.9951507786707002,
    0.915561993815461,
    0.8366593855376147,
    0.7669477444522235,
    0.7056037482558465,
    0.633129076233932,
    0.5731371046633137,
    0.5160000660285657,
    0.4684340018703013,
    0.4126699267297375,
    0.371767950605373,
    0.3309290427334455,
    0.2976739002125604,
    0.2637900958712004,
    0.2310552535464569,
    0.20643769120987582,
    0.1825364856619616,
    0.17304336249220129,
    0.14291331111168376,
    0.13129878678948295,
    0.1259583564741271,
    0.11865765095821448,
    0.09995237173398538,
    0.09428554896873478,
    0.08274307105766267,
    0.08080975791173321,
    0.07750331215104278,
    0.05755980656843404,
    0.06374813282710252,
    0.05944108447934292,
    0.04983822835077133,
    0.04419064192025333,
    0.040163598565042626,
    0.03862780740256516,
    0.036369635001281084,
    0.034004883408280354,
    0.03318391440968428,
    0.030563977594506377,
    0.021264144226585572,
    0.022059083588383332,
    0.02049094754299719,
    0.015582688253762543,
    0.013116756247413553,
    0.011680031987619872,
    0.012797347663150986,
    0.013532223329613251,
    0.011204556443215328,
    0.010395372661818959,
    0.009651997652289704,
    0.007756471471167265,
    0.005985926952550416,
    0.005456541939899895,
    0.005120401071118457,
    0.005055382635149801,
    0.004735581471694025,
    0.004208901570397144,
    0.0040422889361827995,
    0.00367403257316292,
    0.0036142934526540147,
    0.0030948110221771107,
    0.003148387214145148,
    0.0026497494241362915,
    0.0025655248853358992,
    0.0022552755969571787,
    0.0020673035905929282,
    0.002234269056928924,
    0.0020060362119099354,
    0.0017862890852075927,
    0.0016585827706505222,
    0.001642858531748952,
    0.0015495601983275265,
    0.0014853019820293412,
    0.001499629928878917,
    0.0013192468931618128,
    0.0016072498857487962
  ],
  "train_acc": [
    14.362,
    28.162,
    38.118,
    45.078,
    50.892,
    55.406,
    58.882,
    62.352,
    65.118,
    67.536,
    70.264,
    72.72,
    74.678,
    76.458,
    78.152,
    80.216,
    81.868,
    83.642,
    85.07,
    86.644,
    87.894,
    89.268,
    90.302,
    91.434,
    92.48,
    93.308,
    94.042,
    94.448,
    95.534,
    95.846,
    95.994,
    96.248,
    96.84,
    97.06,
    97.472,
    97.432,
    97.626,
    98.272,
    97.998,
    98.174,
    98.534,
    98.706,
    98.796,
    98.89,
    98.954,
    99.03,
    99.068,
    99.116,
    99.46,
    99.42,
    99.478,
    99.622,
    99.674,
    99.77,
    99.684,
    99.668,
    99.718,
    99.778,
    99.802,
    99.842,
    99.904,
    99.902,
    99.9,
    99.906,
    99.924,
    99.916,
    99.926,
    99.922,
    99.936,
    99.942,
    99.938,
    99.946,
    99.962,
    99.956,
    99.962,
    99.948,
    99.96,
    99.962,
    99.964,
    99.964,
    99.966,
    99.974,
    99.976,
    99.982,
    99.964
  ],
  "val_loss": [
    3.2346741020679475,
    2.8659749269485473,
    2.498628091812134,
    2.1550746113061905,
    1.9341422230005265,
    1.8476346880197525,
    1.676670464873314,
    1.6961366683244705,
    1.5531607210636138,
    1.6250871181488038,
    1.4769063234329223,
    1.4622937262058258,
    1.5438591361045837,
    1.421101713180542,
    1.4439464211463928,
    1.477733924984932,
    1.3703388571739197,
    1.466634887456894,
    1.4926139414310455,
    1.4614201039075851,
    1.505381280183792,
    1.438970611989498,
    1.54815933406353,
    1.6212118119001389,
    1.4960808008909225,
    1.5331225246191025,
    1.5798836171627044,
    1.6217803299427032,
    1.6775525033473968,
    1.625328329205513,
    1.7067967057228088,
    1.6869151622056962,
    1.6489046573638917,
    1.7126345068216324,
    1.7367471694946288,
    1.7994360417127608,
    1.767911496758461,
    1.7850220203399658,
    1.7767198771238326,
    1.877503126859665,
    1.7688672065734863,
    1.8115533351898194,
    1.8515241473913193,
    1.8037280976772307,
    1.8946980267763138,
    1.8398877024650573,
    1.853571355342865,
    1.8066870778799058,
    1.8225131690502168,
    1.8642911583185195,
    1.8558328777551651,
    1.8466355502605438,
    1.8364152282476425,
    1.8444942116737366,
    1.8465132653713225,
    1.876638513803482,
    1.8520091891288757,
    1.8493641078472138,
    1.866265270113945,
    1.8442154675722122,
    1.8487830072641374,
    1.853462392091751,
    1.8468951433897018,
    1.8573588579893112,
    1.8304455250501632,
    1.8299183011054994,
    1.8496930330991745,
    1.8469696760177612,
    1.8374558717012406,
    1.8466512501239776,
    1.8583777040243148,
    1.8470635116100311,
    1.8421431958675385,
    1.8368712276220323,
    1.8389304846525192,
    1.8355888664722442,
    1.8414546698331833,
    1.8489699423313142,
    1.8403598248958588,
    1.8364323765039443,
    1.839481371641159,
    1.841761365532875,
    1.8355050384998322,
    1.8408104866743087,
    1.8402599573135376
  ],
  "val_acc": [
    20.07,
    28.73,
    36.63,
    42.91,
    48.15,
    50.6,
    54.2,
    54.66,
    57.77,
    56.94,
    59.35,
    60.44,
    59.88,
    62.38,
    63.16,
    63.32,
    65.22,
    63.59,
    63.85,
    65.42,
    65.68,
    66.32,
    65.64,
    65.89,
    67.07,
    66.99,
    67.63,
    67.26,
    67.16,
    67.48,
    67.51,
    67.99,
    68.44,
    68.17,
    68.62,
    67.56,
    69.03,
    68.6,
    68.85,
    68.15,
    69.16,
    69.37,
    69.17,
    69.61,
    69.13,
    69.49,
    70.21,
    69.98,
    70.54,
    70.55,
    70.51,
    70.98,
    71.28,
    71.35,
    71.31,
    70.88,
    70.86,
    71.15,
    71.1,
    71.79,
    71.86,
    71.86,
    71.94,
    71.93,
    72.14,
    72.01,
    72.19,
    72.14,
    72.17,
    72.48,
    72.1,
    72.34,
    72.37,
    72.38,
    72.52,
    72.57,
    72.56,
    72.41,
    72.48,
    72.45,
    72.59,
    72.45,
    72.57,
    72.57,
    72.56
  ],