{
  "train_loss": [
    2.4017805566593093,
    1.6945478660719735,
    1.3020214742543745,
    1.0910673348271116,
    0.9355066920421562,
    0.80947558521008,
    0.7156610324674723,
    0.6319887840322086,
    0.5785638828362737,
    0.531906927574654,
    0.4877083826125885,
    0.4535923615402105,
    0.4201356896332332,
    0.3984714348097237,
    0.3777169053043638,
    0.353385858389796,
    0.3333298339679533,
    0.3148750218049604,
    0.30400263358439716,
    0.2850055734113771,
    0.27597077449365537,
    0.24886148392545934,
    0.2313811271166315,
    0.21999427991710147,
    0.20123719408804056,
    0.19987851373699247,
    0.18127310675169742,
    0.17256127354898015,
    0.16115461107419463,
    0.14601419888892953,
    0.13906822243363273,
    0.12833022447873135,
    0.12023950313046879,
    0.11668725798324663,
    0.10758905424451341,
    0.10590233750717372,
    0.09544432387516207,
    0.08635966272606534,
    0.08229998543820514,
    0.07676623991633556,
    0.07089661932265272,
    0.06394897605653624,
    0.059847595113120516,
    0.05676737445292576,
    0.05764129802546635,
    0.04552088400387034,
    0.04722989173796104,
    0.04168697837169985,
    0.03649857967417231,
    0.03543486334003356,
    0.03181589568718052,
    0.029830636911578858,
    0.025651280866812308,
    0.020369086134228474,
    0.021847354889638265,
    0.022343628214225555,
    0.019078626287317057,
    0.017558276912254492,
    0.01294547475860169,
    0.012391284353168662,
    0.01222549486318508,
    0.008208219061144722,
    0.008351317880679948,
    0.006596422338013642,
    0.008114271921525015,
    0.005997649841669861,
    0.004040379597427091,
    0.003756482034226124,
    0.0026926777743715414,
    0.002898679263107253,
    0.0022446790734072554,
    0.0018201210284819447,
    0.0012083532087022572,
    0.0015966672089030463,
    0.0011407715267022448,
    0.001061354352398722,
    0.0009659144267729693,
    0.001122311013000863,
    0.0009205229683045348,
    0.0008823505598099603,
    0.0006829477122441951,
    0.0007378735808186098,
    0.0007078933784455608,
    0.0006819341680260995,
    0.0008220563987026475
  ],
  "train_acc": [
    10.842,
    37.282,
    52.518,
    60.866,
    66.636,
    71.148,
    74.882,
    78.01,
    79.762,
    81.446,
    83.076,
    84.126,
    85.406,
    86.128,
    86.894,
    87.77,
    88.318,
    88.966,
    89.438,
    89.918,
    90.382,
    91.172,
    91.988,
    92.282,
    92.894,
    92.95,
    93.702,
    93.958,
    94.376,
    94.844,
    95.102,
    95.46,
    95.648,
    95.856,
    96.156,
    96.248,
    96.672,
    96.966,
    97.126,
    97.32,
    97.502,
    97.696,
    97.878,
    97.984,
    98.024,
    98.454,
    98.31,
    98.554,
    98.734,
    98.746,
    98.892,
    98.974,
    99.086,
    99.306,
    99.27,
    99.284,
    99.338,
    99.384,
    99.552,
    99.574,
    99.58,
    99.746,
    99.718,
    99.78,
    99.726,
    99.804,
    99.874,
    99.88,
    99.926,
    99.916,
    99.944,
    99.948,
    99.978,
    99.956,
    99.974,
    99.984,
    99.978,
    99.968,
    99.978,
    99.98,
    99.986,
    99.988,
    99.988,
    99.986,
    99.988
  ],
  "val_loss": [
    2.389699524641037,
    1.4029343605041504,
    1.3044453293085099,
    1.1236310720443725,
    0.9454803720116616,
    0.8602615803480148,
    0.9452777937054634,
    0.815260934829712,
    0.6562672317028045,
    0.6450806900858879,
    0.8092275135219097,
    0.589853648841381,
    0.6168351866304874,
    0.5836229413747788,
    0.5682698540389538,
    0.5096590526401996,
    0.47649436965584757,
    0.5196752473711967,
    0.5110312525182963,
    0.5219593100249768,
    0.4782252099364996,
    0.44084677249193194,
    0.46995999440550806,
    0.4332637503743172,
    0.3682531323283911,
    0.4119655776768923,
    0.43536988720297815,
    0.33834064966067673,
    0.42531670406460764,
    0.4020024221390486,
    0.3952271595597267,
    0.3426448743790388,
    0.4935836113989353,
    0.3382763393223286,
    0.38064656145870684,
    0.38369720578193667,
    0.40345708206295966,
    0.4159864477813244,
    0.4391890663653612,
    0.3786621019244194,
    0.3930386766791344,
    0.3957644309848547,
    0.4224796358495951,
    0.38617570623755454,
    0.3678249571472406,
    0.37126195803284645,
    0.3987082738429308,
    0.3967949330806732,
    0.38240738548338415,
    0.3756604243069887,
    0.42757389768958093,
    0.4156278859823942,
    0.3836505327373743,
    0.42373417541384695,
    0.38975050710141657,
    0.3990196526050568,
    0.4205617219209671,
    0.41245677396655084,
    0.4271888088434935,
    0.4444835353642702,
    0.4167559377849102,
    0.43620903939008715,
    0.4273463409394026,
    0.42015768587589264,
    0.4339637544006109,
    0.40062479227781295,
    0.4042903266847134,
    0.4091543357819319,
    0.40211663395166397,
    0.41190609596669675,
    0.4042644780129194,
    0.41022337041795254,
    0.39204025119543073,
    0.4124884884804487,
    0.4095645632594824,
    0.400234429910779,
    0.40467954352498053,
    0.4079332582652569,
    0.41089270561933516,
    0.4095884546637535,
    0.41090554259717466,
    0.4106937061995268,
    0.4109484702348709,
    0.4081129614263773,
    0.40685396604239943
  ],
  "val_acc": [
    11.35,
    47.9,
    53.24,
    59.57,
    67.24,
    70.49,
    69.33,
    73.38,
    77.49,
    78.78,
    73.53,
    80.52,
    79.61,
    81.33,
    81.76,
    83.99,
    84.85,
    84.18,
    83.86,
    83.41,
    84.91,
    86.44,
    85.9,
    87.14,
    88.87,
    87.59,
    86.77,
    89.32,
    87.91,
    88.9,
    88.59,
    89.65,
    86.82,
    90.8,
    89.43,
    89.9,
    89.75,
    89.85,
    89.18,
    90.71,
    90.55,
    90.37,
    90.39,
    90.63,
    91.44,
    91.07,
    91.19,
    91.17,
    91.56,
    91.51,
    91.6,
    91.72,
    91.91,
    91.93,
    92.33,
    92.16,
    91.95,
    92.08,
    92.38,
    92.06,
    92.63,
    92.48,
    92.75,
    92.93,
    92.72,
    92.99,
    92.8,
    92.97,
    93.03,
    93.05,
    92.96,
    93.02,
    93.18,
    93.0,
    93.04,
    93.13,
    93.08,
    93.11,
    93.1,
    93.12,
    93.2,
    93.18,
    93.06,
    93.15,
    93.08
  ],