{
  "train_loss": [
    2.4017805566593093,
    1.4743682085251322,
    1.0734667619880365,
    0.8498150250133203,
    0.7122551546413072,
    0.6173236830806246,
    0.5358427737136277,
    0.46623003604460733,
    0.4254383542099778,
    0.3848196578269102,
    0.3494467773303694,
    0.324114949271387,
    0.29564434365958586,
    0.2793046461836416,
    0.258543391845056,
    0.24065483772024818,
    0.22112174514605074,
    0.20919038602436074,
    0.20337958021887712,
    0.1786670370065436,
    0.17029948920315627,
    0.1580004814860164,
    0.14439544503634072,
    0.14344047257030496,
    0.1282710853431906,
    0.1229648442976937,
    0.11808462895224897,
    0.10301848576993358,
    0.1024824368235256,
    0.08946967033707366,
    0.09047121900532927,
    0.07914245489756672,
    0.0759650735108524,
    0.06910337884055108,
    0.06651613157603661,
    0.05802296694102032,
    0.05480671957211227,
    0.0516464848698554,
    0.04354681795919124,
    0.047836318065659425,
    0.0425637664168845,
    0.03528242760661001,
    0.034187475632762115,
    0.03373115260287055,
    0.034699424692638675,
    0.025406140458713075,
    0.024712096222638324,
    0.020037152957674876,
    0.020221363337311362,
    0.019524477789302032,
    0.019002265585538913,
    0.02119069956646928,
    0.014602870564273444,
    0.011299802550490071,
    0.011219147535466246,
    0.012490536282266661,
    0.010268437477750513,
    0.007967271425848,
    0.006729358691236299,
    0.005541445982237988,
    0.0054048808947578545,
    0.005142387402086068,
    0.004682827756795985,
    0.004780391671523162,
    0.005841073660789965,
    0.003303209630331014,
    0.0026599337376623858,
    0.002313881190052691,
    0.002457795561542521,
    0.0018947834393415808,
    0.0015962025392990634,
    0.0015336193509381479,
    0.0011897902090544337,
    0.0013922879952216896,
    0.0010913766852669994,
    0.001035302542713536,
    0.0011746220266568529,
    0.0008060783130178829,
    0.0008572743897590898,
    0.0007960800855879806,
    0.0006559523745654958,
    0.0008368825178784354,
    0.0007416400929621292,
    0.000653150294919196,
    0.0006042133125781535
  ],
  "train_acc": [
    10.842,
    45.716,
    61.522,
    69.796,
    75.146,
    78.532,
    81.322,
    83.934,
    85.186,
    86.608,
    87.904,
    88.702,
    89.726,
    90.202,
    91.0,
    91.54,
    92.228,
    92.642,
    92.892,
    93.702,
    93.968,
    94.438,
    94.932,
    94.92,
    95.47,
    95.806,
    95.87,
    96.344,
    96.352,
    96.8,
    96.756,
    97.246,
    97.278,
    97.574,
    97.65,
    98.006,
    98.098,
    98.164,
    98.442,
    98.286,
    98.468,
    98.79,
    98.764,
    98.866,
    98.78,
    99.128,
    99.152,
    99.324,
    99.284,
    99.324,
    99.302,
    99.256,
    99.486,
    99.624,
    99.584,
    99.582,
    99.62,
    99.76,
    99.76,
    99.834,
    99.826,
    99.828,
    99.868,
    99.844,
    99.812,
    99.908,
    99.942,
    99.944,
    99.918,
    99.944,
    99.96,
    99.95,
    99.97,
    99.962,
    99.964,
    99.974,
    99.964,
    99.984,
    99.982,
    99.982,
    99.986,
    99.986,
    99.98,
    99.992,
    99.99
  ],
  "val_loss": [
    2.389699524641037,
    1.269514900445938,
    1.1116019263863564,
    0.9467272654175758,
    0.7102016106247901,
    0.7788285970687866,
    0.7296769231557846,
    0.7019711524248123,
    0.6235885493457317,
    0.5177693732082844,
    0.6739950075745582,
    0.45924723371863363,
    0.5600798226892948,
    0.4870282180607319,
    0.39122469797730447,
    0.37595677748322487,
    0.5094598561525345,
    0.391634876281023,
    0.4749608144164085,
    0.39844808550551536,
    0.39772503897547723,
    0.4621740646660328,
    0.4139487907290459,
    0.3404055252671242,
    0.36554894521832465,
    0.37783307731151583,
    0.39058428071439266,
    0.45584438256919385,
    0.36215168684720994,
    0.3699065450578928,
    0.38712293058633807,
    0.3902815129607916,
    0.3982923552393913,
    0.38524143025279045,
    0.3951501067727804,
    0.3954119898378849,
    0.38322457261383536,
    0.3795703161507845,
    0.3971189856529236,
    0.3994522146880627,
    0.3669032096862793,
    0.3817705553025007,
    0.4227299101650715,
    0.38221967592835426,
    0.39622831493616106,
    0.4365907657891512,
    0.39818938411772253,
    0.40074821300804614,
    0.3950618878006935,
    0.39949719719588755,
    0.41972435638308525,
    0.40477140471339224,
    0.4117798574268818,
    0.44202778227627276,
    0.41484571136534215,
    0.41238304488360883,
    0.431192259863019,
    0.4329698298126459,
    0.4519528470933437,
    0.44359831139445305,
    0.44676382541656495,
    0.4449005570262671,
    0.43975222744047643,
    0.4328520201146603,
    0.46434563733637335,
    0.44270232431590556,
    0.42857910618185996,
    0.45674000196158887,
    0.44420127421617506,
    0.4394966311752796,
    0.4465002350509167,
    0.4515096515417099,
    0.4452468167990446,
    0.45011335872113706,
    0.44442682825028895,
    0.43904969580471515,
    0.4399191617965698,
    0.4377979554235935,
    0.4394311647862196,
    0.43944802321493626,
    0.43914012983441353,
    0.44193979538977146,
    0.4404974304139614,
    0.4371721025556326,
    0.4378374584019184
  ],
  "val_acc": [
    11.35,
    53.84,
    62.09,
    68.05,
    76.02,
    73.53,
    77.82,
    78.15,
    79.79,
    82.99,
    79.15,
    85.08,
    82.83,
    84.5,
    87.11,
    88.21,
    84.44,
    87.61,
    85.98,
    87.81,
    88.29,
    86.52,
    87.71,
    90.32,
    89.47,
    89.87,
    89.4,
    87.95,
    90.09,
    90.52,
    90.33,
    90.09,
    89.92,
    90.7,
    90.52,
    90.89,
    91.07,
    90.94,
    90.83,
    91.36,
    91.52,
    91.56,
    91.42,
    91.68,
    91.9,
    91.39,
    91.74,
    92.11,
    92.56,
    92.46,
    92.09,
    92.54,
    92.49,
    92.22,
    92.76,
    92.81,
    92.5,
    92.82,
    92.63,
    92.77,
    93.01,
    92.57,
    93.01,
    93.13,
    92.65,
    92.91,
    93.11,
    92.95,
    93.16,
    93.05,
    92.99,
    93.18,
    93.34,
    93.3,
    93.3,
    93.41,
    93.44,
    93.56,
    93.52,
    93.53,
    93.58,
    93.44,
    93.46,
    93.6,
    93.51
  ],