{
  "train_loss": [
    2.308414578437805,
    2.2539021968841553,
    2.045695662498474,
    1.8838526010513306,
    1.5547255873680115,
    1.3279380202293396,
    1.080156683921814,
    0.8580989241600037,
    0.6345478594303131,
    0.8707574009895325,
    2.0755468010902405,
    1.56209397315979,
    1.4007171988487244,
    1.3199893236160278,
    1.3606311678886414,
    1.3641009330749512,
    1.3005696535110474,
    1.5252603888511658,
    1.3113932609558105,
    1.0404727160930634,
    1.1229557394981384,
    0.9497277438640594,
    0.9692818522453308,
    0.8328709304332733,
    0.7521450221538544,
    0.649683803319931,
    0.5847895443439484,
    0.5036007761955261,
    0.4990757256746292,
    0.3967995196580887,
    0.40292416512966156,
    0.3062228113412857,
    0.27963705360889435,
    0.2972460687160492,
    0.2826104015111923,
    0.18827932327985764,
    0.22225389629602432,
    0.17640777677297592,
    0.1156243272125721,
    0.13480951264500618,
    0.08092359080910683,
    0.07860564440488815,
    0.06661236844956875,
    0.0413493262603879,
    0.03726542741060257,
    0.030227250419557095,
    0.02303752675652504,
    0.013401863165199757,
    0.018526100553572178,
    0.013883535750210285,
    0.015283441636711359,
    0.006019860040396452,
    0.020476896315813065,
    0.007521201157942414,
    0.015086324885487556,
    0.004282414796762168,
    0.00420315470546484,
    0.007676437497138977,
    0.004425581195391715,
    0.0025564561365172267,
    0.003648334532044828,
    0.007489156792871654,
    0.004375432385131717,
    0.006910781958140433,
    0.002908312133513391,
    0.0021011619828641415,
    0.003203945409040898,
    0.003168107010424137,
    0.0018612524145282805,
    0.001132694276748225,
    0.001396242034388706,
    0.001989439595490694,
    0.016817472060211003,
    0.0010718239936977625,
    0.0011245469795539975,
    0.002665020292624831,
    0.0009537961450405419,
    0.0010580890229903162,
    0.0010800040327012539,
    0.0011993906809948385,
    0.001386786112561822,
    0.0019816281856037676,
    0.0009247443231288344,
    0.0033138388535007834,
    0.0008629685617052019
  ],
  "train_acc": [
    7.777777777777778,
    12.222222222222221,
    24.0,
    30.22222222222222,
    49.55555555555556,
    61.333333333333336,
    67.33333333333333,
    75.11111111111111,
    79.33333333333333,
    72.0,
    49.77777777777778,
    58.0,
    57.333333333333336,
    62.22222222222222,
    64.66666666666667,
    56.22222222222222,
    55.77777777777778,
    54.666666666666664,
    58.44444444444444,
    60.666666666666664,
    59.111111111111114,
    63.77777777777778,
    65.77777777777777,
    71.33333333333333,
    71.55555555555556,
    76.22222222222223,
    78.22222222222223,
    81.55555555555556,
    80.66666666666667,
    88.22222222222223,
    87.55555555555556,
    90.44444444444444,
    91.33333333333333,
    89.11111111111111,
    88.22222222222223,
    93.33333333333333,
    91.11111111111111,
    93.33333333333333,
    96.66666666666667,
    95.77777777777777,
    97.11111111111111,
    97.77777777777777,
    97.33333333333333,
    98.88888888888889,
    99.55555555555556,
    99.33333333333333,
    99.33333333333333,
    99.77777777777777,
    99.33333333333333,
    100.0,
    99.55555555555556,
    100.0,
    99.77777777777777,
    99.77777777777777,
    99.55555555555556,
    100.0,
    100.0,
    100.0,
    100.0,
    100.0,
    100.0,
    99.77777777777777,
    100.0,
    99.77777777777777,
    100.0,
    100.0,
    99.77777777777777,
    100.0,
    100.0,
    100.0,
    100.0,
    100.0,
    99.55555555555556,
    100.0,
    100.0,
    100.0,
    100.0,
    100.0,
    100.0,
    100.0,
    100.0,
    100.0,
    100.0,
    100.0,
    100.0
  ],
  "val_loss": [
    2.1924124092891297,
    2.18582192782698,
    2.188128117857308,
    2.1390538462277116,
    2.0832514927305024,
    1.8443120553575714,
    2.214910129020954,
    2.8571775617270636,
    3.4846981804946373,
    2.9647942247061896,
    4.263162941768251,
    39.22829009746683,
    7.067198079207848,
    8.9004283773488,
    15.781981994365823,
    80.82431030273438,
    190.46045395423627,
    246.69789228768184,
    250.85667735132677,
    285.496251599542,
    196.2251923659752,
    134.81767115099677,
    92.4048448759934,
    43.81755348731731,
    21.640745426046436,
    15.668137846321896,
    8.789350345216949,
    5.996912166990083,
    4.434542392862254,
    3.3684181262706887,
    3.911188273594297,
    2.5645358398042877,
    2.1959867888483506,
    2.41898801408965,
    2.616972799958854,
    2.309971390099361,
    3.0061597001963647,
    3.098343742304835,
    2.4867345300214043,
    2.4554092267463945,
    2.7938170761897645,
    3.1906164267967485,
    2.817720783167872,
    2.3970759038267464,
    2.2909778397658775,
    2.521634632143481,
    2.052646225896375,
    2.141349636275193,
    2.175490116250926,
    2.1598709903914353,
    2.0673878028475006,
    2.051760776289578,
    2.054964772586165,
    2.126476053533883,
    2.108312286179641,
    2.0396555456621894,
    2.02610156453889,
    2.037445931599058,
    2.0743574602850554,
    2.1007043739845015,
    2.1330652771324945,
    2.186128460127732,
    2.1865692426418435,
    2.1417623634996086,
    2.101685038928328,
    2.0926071117664207,
    2.1035528840689826,
    2.137061324612848,
    2.192484243162747,
    2.2462850356924124,
    2.284228637300689,
    2.2877244784914215,
    2.265609917969539,
    2.2297990568752946,
    2.208721744603124,
    2.1975013469827585,
    2.1795615492195917,
    2.1684566736221313,
    2.1641057935254326,
    2.1584604115321717,
    2.159509671145472,
    2.1627711427622827,
    2.1571293452690385,
    2.1646804357397147,
    2.1626441149876037
  ],
  "val_acc": [
    8.885793871866296,
    26.657381615598887,
    20.055710306406684,
    15.64066852367688,
    18.565459610027855,
    27.98050139275766,
    10.459610027855152,
    9.164345403899722,
    10.250696378830083,
    19.025069637883007,
    34.23398328690808,
    14.763231197771587,
    23.426183844011142,
    26.100278551532032,
    12.172701949860723,
    16.39275766016713,
    16.39275766016713,
    16.37883008356546,
    12.479108635097493,
    11.90807799442897,
    12.311977715877438,
    11.824512534818941,
    11.880222841225626,
    18.18941504178273,
    18.84401114206128,
    18.119777158774372,
    22.089136490250695,
    16.25348189415042,
    20.32033426183844,
    25.515320334261837,
    23.5933147632312,
    37.82729805013928,
    50.4874651810585,
    46.54596100278552,
    48.71866295264624,
    54.610027855153206,
    41.92200557103064,
    45.79387186629526,
    57.84122562674095,
    54.8050139275766,
    53.42618384401114,
    43.09192200557103,
    52.618384401114206,
    60.87743732590529,
    59.79108635097493,
    51.211699164345404,
    66.00278551532034,
    65.69637883008356,
    64.94428969359332,
    65.51532033426184,
    65.94707520891365,
    66.83844011142061,
    66.8941504178273,
    65.36211699164346,
    65.98885793871867,
    67.27019498607243,
    68.07799442896936,
    67.49303621169916,
    66.6016713091922,
    66.08635097493037,
    65.5849582172702,
    65.47353760445682,
    65.77994428969359,
    66.6016713091922,
    67.38161559888579,
    67.6740947075209,
    67.95264623955431,
    67.42339832869081,
    66.32311977715878,
    64.958217270195,
    63.92757660167131,
    63.53760445682451,
    63.871866295264624,
    65.0,
    65.5849582172702,
    65.89136490250696,
    66.35097493036211,
    66.5041782729805,
    66.67130919220055,
    66.74094707520891,
    66.76880222841226,
    66.68523676880223,
    66.71309192200557,
    66.57381615598885,
    66.61559888579387
  ],