{
  "train_loss": [
    2.4043236494064333,
    2.0941167056560515,
    1.7315277099609374,
    1.5417917549610138,
    1.433871504664421,
    1.353270673751831,
    1.3011334121227265,
    1.2608775794506073,
    1.129580420255661,
    1.0415347173810006,
    1.0107690796256066,
    1.0225352048873901,
    0.9206751182675361,
    0.8713228195905686,
    0.854407674074173,
    0.7825865611433983,
    0.7916138336062432,
    0.7644518628716469,
    0.7239251926541328,
    0.8386541172862053,
    0.673837423324585,
    0.6615988746285438,
    0.6230487316846848,
    0.6187745325267315,
    0.5503638632595539,
    0.48679074794054034,
    0.5494838640093803,
    0.4654029317200184,
    0.552923172712326,
    0.4622263379395008,
    0.4417213164269924,
    0.40720357447862626,
    0.4127834394574165,
    0.3902988344430923,
    0.34627913124859333,
    0.3646580681204796,
    0.340244922041893,
    0.3306863114237785,
    0.30040938667953015,
    0.2368285283446312,
    0.2551630884408951,
    0.24434504210948943,
    0.22607999555766584,
    0.20257532894611358,
    0.23093929849565029,
    0.21573617085814475,
    0.2747188465669751,
    0.18755301237106323,
    0.15134853180497884,
    0.2117575742304325,
    0.1681217297911644,
    0.14651833456009627,
    0.12487521106377245,
    0.08913073488511145,
    0.062061363365501165,
    0.07816965961828828,
    0.1053609972819686,
    0.06600016001611948,
    0.061774713825434445,
    0.048012343049049375,
    0.06627568788826466,
    0.039485133299604055,
    0.03641218184493482,
    0.05498797791078687,
    0.1259825955145061,
    0.06282812696881593,
    0.044210308836773037,
    0.027915660780854522,
    0.019214689498767257,
    0.019163043866865338,
    0.01758473980007693,
    0.01849000557558611,
    0.017094205901958048,
    0.012473819602746516,
    0.01416515550808981,
    0.015950305119622497,
    0.01901043262332678,
    0.014798646746203303,
    0.014822761446703225,
    0.04664384773932397,
    0.01334722398314625,
    0.010981406676000916,
    0.01048708992311731,
    0.013050467416178435,
    0.011337862315122038
  ],
  "train_acc": [
    10.99,
    23.66,
    35.8,
    42.5,
    47.15,
    50.78,
    53.32,
    54.82,
    59.61,
    62.52,
    63.99,
    63.61,
    67.1,
    69.03,
    69.28,
    72.69,
    72.51,
    72.2,
    75.31,
    70.34,
    76.52,
    76.73,
    78.94,
    78.52,
    80.27,
    83.13,
    80.51,
    84.53,
    81.03,
    83.59,
    84.62,
    86.27,
    85.68,
    85.85,
    88.03,
    87.47,
    88.64,
    88.26,
    89.15,
    91.73,
    91.35,
    91.41,
    92.25,
    92.87,
    92.31,
    92.56,
    89.99,
    93.4,
    95.41,
    92.31,
    94.4,
    95.03,
    95.83,
    97.06,
    98.16,
    97.64,
    96.46,
    97.89,
    98.11,
    98.7,
    97.81,
    98.9,
    98.98,
    99.09,
    95.98,
    98.31,
    98.9,
    99.35,
    99.66,
    99.58,
    99.68,
    99.65,
    99.7,
    99.85,
    99.77,
    99.67,
    99.73,
    99.71,
    99.76,
    99.79,
    99.83,
    99.81,
    99.87,
    99.88,
    99.86
  ],
  "val_loss": [
    2.383429676294327,
    1.894002765417099,
    1.7378223836421967,
    1.5825343638658524,
    1.529359769821167,
    1.722337108850479,
    1.572083780169487,
    1.420377266407013,
    1.192794343829155,
    1.483173394203186,
    1.6962535083293915,
    1.2112981244921683,
    1.2850000739097596,
    1.7789515674114227,
    1.2515440672636031,
    1.066274957358837,
    1.2658124715089798,
    1.195192462205887,
    2.0132681369781493,
    1.0826985254883765,
    0.9051732420921326,
    0.9826657846570015,
    0.875367172062397,
    0.8642424061894417,
    0.7883255042135715,
    1.032168160378933,
    1.1178765282034875,
    1.024543209373951,
    0.798761710524559,
    0.9364826664328575,
    0.9407943665981293,
    0.7877427190542221,
    0.8571349412202836,
    0.7614094227552414,
    0.8526139780879021,
    0.8638339504599571,
    1.051233896613121,
    0.7896236285567284,
    0.7321795143187046,
    0.8149271592497825,
    0.8415745928883552,
    0.7179659143090248,
    0.7982844680547714,
    0.8449003264307976,
    0.7586766727268696,
    0.9233211889863014,
    0.7881552010774613,
    0.729001647233963,
    0.8115220326930285,
    0.8017996981739998,
    0.8306332707405091,
    0.7235309675335884,
    0.7246170356869698,
    0.7167736118659377,
    0.7312252413481474,
    0.8080657847225666,
    0.8290582060813904,
    0.7483752712607383,
    0.783560163155198,
    0.7826818354427815,
    0.8308020263910294,
    0.768512662500143,
    0.7676459843292832,
    0.8151843383908272,
    0.8528189377859234,
    0.7526740461587906,
    0.7557680137455464,
    0.7574229419231415,
    0.7543717183172702,
    0.7781239584088325,
    0.7915884666144848,
    0.7859594039618969,
    0.799174889922142,
    0.7886587087064981,
    0.7903155125677586,
    0.8012851692736149,
    0.7955481566488742,
    0.8025537475943565,
    0.8017102882266045,
    0.7994253925979138,
    0.8056660152971744,
    0.7991064257919789,
    0.8015736296772957,
    0.7966974377632141,
    0.8050769560039044
  ],
  "val_acc": [
    11.56,
    29.48,
    35.93,
    41.91,
    46.69,
    41.98,
    48.44,
    50.94,
    58.34,
    52.26,
    50.8,
    58.9,
    59.13,
    51.05,
    61.54,
    64.9,
    62.26,
    61.64,
    48.79,
    66.08,
    70.02,
    68.53,
    70.76,
    73.02,
    73.85,
    68.17,
    66.48,
    69.57,
    74.6,
    70.88,
    72.66,
    75.55,
    74.14,
    77.38,
    75.41,
    76.11,
    71.49,
    77.8,
    78.84,
    77.05,
    77.17,
    79.26,
    78.26,
    76.92,
    78.91,
    76.95,
    78.49,
    80.25,
    78.93,
    79.23,
    78.74,
    80.55,
    81.24,
    81.08,
    81.67,
    80.48,
    80.66,
    81.63,
    81.75,
    81.6,
    81.16,
    82.21,
    82.14,
    81.56,
    80.31,
    82.13,
    82.7,
    82.57,
    82.63,
    82.56,
    82.46,
    83.14,
    82.59,
    82.85,
    83.07,
    82.92,
    82.64,
    82.64,
    82.69,
    82.96,
    82.87,
    82.79,
    82.76,
    82.87,
    82.79
  ],