{
  "train_loss": [
    4.730184260679751,
    3.9046728842112484,
    3.2819760831034914,
    2.82138383145235,
    2.4173003362149608,
    2.1074069568089078,
    1.8320452491847836,
    1.6315267067782733,
    1.495893111642526,
    1.3894186907885027,
    1.3016449073139502,
    1.2207016421824086,
    1.1605915342058455,
    1.1042228471867892,
    1.0602103061213786,
    1.024518749847704,
    0.9950130308160976,
    0.9408436238157506,
    0.9207458508257963,
    0.8821560208286557,
    0.8455024382897786,
    0.8243145082069903,
    0.7962211124142822,
    0.7847303583913919,
    0.7402452677488327,
    0.7225295280923649,
    0.6978120642657183,
    0.6619169166197583,
    0.6408381845269885,
    0.6307036568011556,
    0.6143264112119772,
    0.5812551868813378,
    0.547173128596374,
    0.5311436546700341,
    0.5182082256188199,
    0.49649929087989186,
    0.45816529162076053,
    0.44165496725817116,
    0.42784744303445427,
    0.4022401430625088,
    0.3765922140101997,
    0.3429664699550794,
    0.30724161627645397,
    0.31847786234349623,
    0.28427385249916387,
    0.26636229113352544,
    0.2518531976609814,
    0.21814935814057076,
    0.20781089061377,
    0.18357661864435187,
    0.16415028365290896,
    0.1410729086824826,
    0.11691295252922847,
    0.09378072819007295,
    0.0716661841285472,
    0.06844454051508587,
    0.052069633704971294,
    0.04270885887612798,
    0.03346442939637571,
    0.024243312631258552,
    0.02249047885249768,
    0.018696654787553207,
    0.015435351975908389,
    0.015138436123082528,
    0.014671703078308883,
    0.013290885467633453,
    0.012133462565989062,
    0.011409193783409285,
    0.011276025633916867,
    0.010922637551889889,
    0.010984991370624274,
    0.010050313525871202,
    0.010167099713651958,
    0.01021615996462654,
    0.009898376575081932,
    0.009855479040012067,
    0.00994692680815577,
    0.009736151272925188,
    0.009585555749755276,
    0.009600501581171185,
    0.009520898556469806,
    0.00956829267848587,
    0.009541839879120186,
    0.00927127298319294,
    0.009537488680656011
  ],
  "train_acc": [
    0.908,
    10.382,
    20.202,
    28.222,
    36.294,
    43.054,
    49.33,
    54.25,
    57.638,
    59.998,
    62.28,
    64.642,
    66.26,
    67.636,
    68.624,
    69.692,
    70.358,
    72.184,
    72.332,
    73.63,
    74.4,
    74.982,
    76.072,
    76.256,
    77.432,
    78.084,
    78.736,
    79.538,
    80.19,
    80.464,
    81.24,
    82.094,
    83.034,
    83.566,
    84.042,
    84.512,
    85.75,
    86.164,
    86.614,
    87.458,
    88.394,
    89.54,
    90.542,
    90.052,
    91.306,
    91.842,
    92.354,
    93.46,
    93.786,
    94.632,
    95.274,
    96.038,
    96.874,
    97.718,
    98.392,
    98.414,
    98.952,
    99.198,
    99.512,
    99.738,
    99.748,
    99.824,
    99.894,
    99.894,
    99.892,
    99.922,
    99.94,
    99.944,
    99.94,
    99.942,
    99.946,
    99.96,
    99.962,
    99.958,
    99.962,
    99.956,
    99.962,
    99.968,
    99.968,
    99.96,
    99.96,
    99.972,
    99.974,
    99.978,
    99.972
  ],
  "val_loss": [
    4.708698141574859,
    3.5369614124298097,
    3.327030771970749,
    2.7749920904636385,
    2.5607640743255615,
    2.4548556208610535,
    2.0871925443410873,
    1.960739803314209,
    1.7550700962543488,
    2.367898106575012,
    1.626889142394066,
    1.6538965910673142,
    1.8648484706878663,
    1.610186257958412,
    1.6739045798778533,
    1.7852533400058745,
    1.534463694691658,
    1.5655229270458222,
    1.5390504956245423,
    1.4448648333549499,
    1.6544382318854332,
    1.4664585828781127,
    1.6085903584957122,
    1.5801467567682266,
    1.5347904026508332,
    1.604916712641716,
    1.419641551375389,
    1.4707825273275374,
    1.5273283481597901,
    1.5952338486909867,
    1.628133863210678,
    1.3877842277288437,
    1.5330664187669754,
    1.5187995433807373,
    1.556695607304573,
    1.347134630382061,
    1.5951949775218963,
    1.5743880659341811,
    1.6644989043474196,
    1.4646049648523332,
    1.4100753575563432,
    1.5362092554569244,
    1.4715647280216217,
    1.368333214521408,
    1.3582747459411622,
    1.3843223124742507,
    1.4519117623567581,
    1.4295886635780335,
    1.451554435491562,
    1.4257564812898635,
    1.2705105543136597,
    1.2360646903514863,
    1.229289811849594,
    1.1835930705070496,
    1.1589034482836724,
    1.1598224654793738,
    1.1379384323954582,
    1.1219123020768165,
    1.0808110922574996,
    1.0580665975809098,
    1.0412825912237167,
    1.0092363119125367,
    1.005227653682232,
    0.9939855307340622,
    0.9756717041134835,
    0.9594809383153915,
    0.9611460134387017,
    0.9553021505475044,
    0.9485963672399521,
    0.9469211250543594,
    0.9416841819882393,
    0.9373662278056145,
    0.9383727416396141,
    0.9381920993328094,
    0.934304504096508,
    0.93443843126297,
    0.9325247943401337,
    0.9375601202249527,
    0.9352282240986824,
    0.93143350481987,
    0.9321857184171677,
    0.9318017333745956,
    0.9334767460823059,
    0.9325477108359337,
    0.9315835952758789
  ],
  "val_acc": [
    0.91,
    15.45,
    22.14,
    31.71,
    34.65,
    38.25,
    44.47,
    47.54,
    51.95,
    43.92,
    55.01,
    55.2,
    51.23,
    55.69,
    55.69,
    53.01,
    57.86,
    58.45,
    58.38,
    61.36,
    57.62,
    61.23,
    59.33,
    59.51,
    59.48,
    58.41,
    62.29,
    61.6,
    60.4,
    60.48,
    59.59,
    63.66,
    62.15,
    61.23,
    61.21,
    64.66,
    61.29,
    61.89,
    61.46,
    64.64,
    65.47,
    63.89,
    64.19,
    66.8,
    66.9,
    66.26,
    65.75,
    66.56,
    65.14,
    66.55,
    70.47,
    70.41,
    70.7,
    71.9,
    72.41,
    72.41,
    72.73,
    73.4,
    74.05,
    74.51,
    74.35,
    75.42,
    75.34,
    75.57,
    75.57,
    75.69,
    75.66,
    75.92,
    75.95,
    75.95,
    76.03,
    76.27,
    76.11,
    76.23,
    75.96,
    76.03,
    76.21,
    76.04,
    76.13,
    76.21,
    76.21,
    76.33,
    76.07,
    76.02,
    76.19
  ],