{
  "train_loss": [
    2.311495141549544,
    2.0096811469305647,
    0.9105865867300467,
    0.7536398213018071,
    0.6444829848002304,
    0.5559739739718762,
    0.4588802233338356,
    0.3717495926909826,
    0.31667793465947564,
    0.26992417380891065,
    0.24382653637704524,
    0.20859851446849378,
    0.18865530493415214,
    0.1761775789782405,
    0.16143302483992142,
    0.16272054273973813,
    0.13101382191631605,
    0.12286897156048905,
    0.10967778952114961,
    0.10912843594666231,
    0.09168389091395181,
    0.08429179194552655,
    0.08811531262472272,
    0.07391038257628679,
    0.06316001783125103,
    0.08206184531181035,
    0.06498648847495629,
    0.05479716250291941,
    0.05251652841583233,
    0.04382230871653354,
    0.0432176394758492,
    0.05305696257644079,
    0.04058991435555403,
    0.0396168075861748,
    0.033525143427223986,
    0.03660127062837339,
    0.03170720298922705,
    0.018452524339822543,
    0.02996664119894955,
    0.03123889163411646,
    0.01302835031343751,
    0.011647303709733851,
    0.031906894295719794,
    0.036029413395391945,
    0.019066516184300945,
    0.01974676388834434,
    0.010701414624980482,
    0.009813433284844823,
    0.006397185658649753,
    0.003079730775921648,
    0.0017246171112426302,
    0.0016206974201354155,
    0.001434447641341566,
    0.0015661190472283952,
    0.0014655331502911974,
    0.002157691821180792,
    0.0018159452655791856,
    0.0023741437663292427,
    0.00185037618013501,
    0.003572385783958122,
    0.0020027553470175585,
    0.001751501979015302,
    0.001404327094033678,
    0.0013603018375182398,
    0.001212971021066716,
    0.0015404611314641609,
    0.0012339080620387738,
    0.0015182006199293855,
    0.0016279529038663234,
    0.0012133136895665136,
    0.0012904244031233247,
    0.0011711970943327867,
    0.0011925198837574994,
    0.0011815023046272638,
    0.0011246387211113788,
    0.0011418371610819702,
    0.0011480859254582108,
    0.0011967925896566487,
    0.0011672417739729017,
    0.0011580921160533433,
    0.0011014406035511374,
    0.0011265433878923598,
    0.0011286520010881677,
    0.0010906634296671573,
    0.0011230740972016727
  ],
  "train_acc": [
    7.855555555555555,
    46.49777777777778,
    64.72,
    70.91333333333333,
    75.60222222222222,
    79.3,
    82.87333333333333,
    86.22,
    88.49777777777778,
    90.20222222222222,
    91.19555555555556,
    92.44666666666667,
    93.32444444444444,
    93.7911111111111,
    94.24,
    94.36222222222223,
    95.43111111111111,
    95.69777777777777,
    96.18888888888888,
    96.15555555555555,
    96.79777777777778,
    97.00444444444445,
    96.90444444444445,
    97.49777777777778,
    97.84222222222222,
    97.20666666666666,
    97.79333333333334,
    98.20444444444445,
    98.27333333333333,
    98.55777777777777,
    98.54,
    98.13555555555556,
    98.62444444444445,
    98.72444444444444,
    98.91333333333333,
    98.84,
    99.02222222222223,
    99.47111111111111,
    99.04222222222222,
    99.01777777777778,
    99.64444444444445,
    99.71111111111111,
    99.01777777777778,
    98.81777777777778,
    99.47333333333333,
    99.44,
    99.7311111111111,
    99.73777777777778,
    99.86444444444444,
    99.95777777777778,
    99.98666666666666,
    99.98444444444445,
    99.99111111111111,
    99.98666666666666,
    99.99333333333334,
    99.98,
    99.9888888888889,
    99.96444444444444,
    99.9888888888889,
    99.94444444444444,
    99.99333333333334,
    99.98666666666666,
    99.99111111111111,
    99.99333333333334,
    99.99777777777778,
    99.99111111111111,
    99.99777777777778,
    99.98444444444445,
    99.98666666666666,
    99.99555555555555,
    99.99333333333334,
    99.99777777777778,
    99.99555555555555,
    100.0,
    100.0,
    100.0,
    99.99777777777778,
    99.99555555555555,
    99.99777777777778,
    99.99777777777778,
    100.0,
    100.0,
    99.99777777777778,
    100.0,
    100.0
  ],
  "val_loss": [
    2.3199222005646805,
    1.4470325091789509,
    1.4051736798779717,
    1.8540086992855729,
    1.8823677918006634,
    1.057726597991483,
    2.1502449964654855,
    1.171006782301541,
    1.3423800119038285,
    1.030289014865612,
    1.2944073800382943,
    1.5021460857884636,
    1.497257450531269,
    1.3197284587498368,
    2.699875630181411,
    0.6014000811967356,
    0.6293602267215992,
    0.7943321117039385,
    0.8466340981680771,
    1.1281551533731922,
    0.9214453111434805,
    1.123209816628489,
    1.3571263551712036,
    1.5579359551955914,
    1.3970135881983001,
    0.8595412537969392,
    1.9944564062973549,
    1.1233814625904477,
    1.433218557259132,
    0.6161710876843025,
    1.2483225259287605,
    0.9718845918260771,
    1.1226222412339573,
    1.2785132753437962,
    0.7769724623910312,
    0.9961027297480353,
    0.9160257485406152,
    0.7016632346243694,
    0.7400883970589474,
    0.9171556953726143,
    0.9572999703473059,
    0.9139785088341812,
    1.3451525959475288,
    1.0602437853813171,
    0.5142974709642345,
    0.8545388661581894,
    0.5448095603235836,
    1.2808305703360459,
    0.6190969013962252,
    0.5719187968763811,
    0.5351501446345757,
    0.4618420498124484,
    0.4440554578242631,
    0.3909011609081564,
    0.3924356146619238,
    0.44749475039284803,
    0.4349156320095062,
    0.4348319285902484,
    0.5188571291750875,
    0.643209901863131,
    0.4587820305906493,
    0.41624648072596254,
    0.4350442228646114,
    0.7083973519760987,
    0.4377515922332632,
    0.4505460159531955,
    0.42379570469774047,
    0.40897370258281973,
    0.4857595234081663,
    0.4221212974396245,
    0.5269366769955076,
    0.46506067391099604,
    0.42759361195153206,
    0.4159154573391224,
    0.5040365930261284,
    0.47803838551044464,
    0.45523090198122224,
    0.42433139990115987,
    0.4544120127784795,
    0.4460106394414244,
    0.45183665279684393,
    0.43071771772771045,
    0.42785229713752354,
    0.43526959984466945,
    0.43952523582968217
  ],