{
  "train_loss": [
    4.727929711341858,
    4.344379246234894,
    3.920284116268158,
    3.697548496723175,
    3.5534700989723205,
    3.3933519244194033,
    3.2499318599700926,
    3.0873730897903444,
    2.942622697353363,
    2.7877589583396913,
    2.6716060757637026,
    2.5292200803756715,
    2.4129294395446776,
    2.2919688701629637,
    2.1458339929580688,
    2.005730837583542,
    1.8742800533771515,
    1.7377044081687927,
    1.5753249943256378,
    1.5060292601585388,
    1.3931400716304778,
    1.26140758395195,
    1.1286478519439698,
    1.010345032811165,
    0.901882353425026,
    0.8173273414373398,
    0.7031064450740814,
    0.5787397027015686,
    0.491166053712368,
    0.4026504784822464,
    0.36374710947275163,
    0.30404853969812395,
    0.2580989010632038,
    0.23184999153018,
    0.1918547585606575,
    0.150944634526968,
    0.117941140756011,
    0.08999275416135788,
    0.08122411221265793,
    0.06699403040111065,
    0.05085651353001595,
    0.04780968669801951,
    0.03985428921878338,
    0.032670424040406945,
    0.02667396469041705,
    0.02410280695185065,
    0.019258291646838187,
    0.016705380333587528,
    0.014886183850467204,
    0.01429792926646769,
    0.014010922564193607,
    0.012358044506981969,
    0.012255804846063256,
    0.010913984198123217,
    0.010116958525031805,
    0.009466237807646393,
    0.008997845812700689,
    0.008500109543092549,
    0.008539253682829439,
    0.008067932282574474,
    0.008189911884255708,
    0.008092643879354,
    0.007688148622401058,
    0.007429085089825094,
    0.007610788056626916,
    0.007271960284560919,
    0.0070138313109055165,
    0.0068579465616494415,
    0.007328322296962142,
    0.006923192203976214,
    0.006432283669710159,
    0.006374086625874043,
    0.006600371329113841,
    0.006235654419288039,
    0.0064801126020029185,
    0.0063267256366088985,
    0.006338447006419301,
    0.006170107028447091,
    0.006294267158955336,
    0.006393423513509333,
    0.006279587163589895,
    0.006054983614012599,
    0.006217057257890702,
    0.0059732083696872,
    0.006430067354813218
  ],
  "train_acc": [
    0.78,
    4.88,
    8.96,
    11.92,
    14.04,
    16.48,
    18.82,
    22.54,
    25.46,
    27.2,
    29.72,
    32.9,
    35.44,
    38.48,
    41.06,
    45.28,
    49.04,
    51.62,
    54.94,
    56.84,
    60.04,
    63.54,
    67.86,
    72.18,
    74.64,
    77.78,
    80.94,
    84.94,
    87.64,
    90.84,
    91.28,
    93.1,
    95.0,
    95.1,
    96.54,
    97.66,
    98.3,
    98.88,
    99.0,
    99.28,
    99.64,
    99.56,
    99.56,
    99.86,
    99.9,
    99.88,
    99.96,
    99.94,
    99.98,
    100.0,
    100.0,
    100.0,
    100.0,
    100.0,
    100.0,
    99.98,
    100.0,
    100.0,
    100.0,
    100.0,
    100.0,
    100.0,
    100.0,
    100.0,
    100.0,
    100.0,
    100.0,
    100.0,
    100.0,
    100.0,
    100.0,
    100.0,
    100.0,
    100.0,
    100.0,
    100.0,
    100.0,
    100.0,
    100.0,
    100.0,
    100.0,
    100.0,
    100.0,
    100.0,
    100.0
  ],
  "val_loss": [
    4.671074652671814,
    5.876580739021302,
    4.469535124301911,
    3.976919096708298,
    3.8840881526470183,
    3.818601351976395,
    3.624267941713333,
    3.5086727142333984,
    3.6552012979984285,
    3.556261342763901,
    3.4171196818351746,
    3.5358858346939086,
    3.442975866794586,
    3.352476340532303,
    3.495149004459381,
    3.3032413721084595,
    3.3703717052936555,
    3.3772076845169066,
    3.395953619480133,
    3.448020654916763,
    3.491278624534607,
    3.7553635835647583,
    3.3107139229774476,
    3.516789752244949,
    3.4205057859420775,
    3.5402622520923615,
    3.4862160265445707,
    3.5367272973060606,
    3.3792369842529295,
    3.7550353705883026,
    3.6340614676475527,
    3.6163736283779144,
    3.6929037034511567,
    3.7512871444225313,
    3.772618663311005,
    3.584846889972687,
    3.700506901741028,
    3.691988152265549,
    3.651746594905853,
    3.8092030763626097,
    3.7311671376228333,
    3.7695517361164095,
    3.715262681245804,
    3.70362166762352,
    3.740534949302673,
    3.737065017223358,
    3.753787237405777,
    3.779760402441025,
    3.7512589573860167,
    3.742130643129349,
    3.763066130876541,
    3.7597784817218782,
    3.7677281737327575,
    3.7676199316978454,
    3.7799949407577516,
    3.804651880264282,
    3.7805090248584747,
    3.7952598571777343,
    3.798548525571823,
    3.7944295704364777,
    3.800337642431259,
    3.801813453435898,
    3.814118105173111,
    3.807750952243805,
    3.812713599205017,
    3.8170027494430543,
    3.8180219173431396,
    3.8195838570594787,
    3.8180358588695524,
    3.8212899565696716,
    3.8228222012519835,
    3.8252597987651824,
    3.8138210475444794,
    3.821480429172516,
    3.8219192028045654,
    3.8210306048393248,
    3.8301329255104064,
    3.823218047618866,
    3.820363092422485,
    3.8191084444522856,
    3.818994778394699,
    3.8258765637874603,
    3.82513941526413,
    3.8255486607551576,
    3.8234691441059114
  ],
  "val_acc": [
    0.84,
    4.75,
    8.12,
    11.12,
    10.76,
    13.88,
    15.41,
    17.44,
    15.84,
    18.53,
    21.22,
    19.95,
    20.75,
    23.41,
    21.56,
    24.14,
    24.87,
    25.9,
    25.33,
    27.22,
    26.16,
    23.28,
    28.57,
    28.09,
    29.16,
    28.37,
    30.0,
    29.86,
    30.67,
    29.16,
    29.81,
    30.2,
    30.94,
    31.08,
    31.38,
    32.69,
    32.15,
    32.76,
    33.31,
    32.65,
    33.29,
    33.2,
    33.78,
    34.73,
    34.42,
    34.01,
    34.54,
    34.77,
    34.61,
    34.61,
    34.97,
    35.15,
    34.8,
    34.99,
    34.93,
    34.52,
    35.03,
    35.01,
    34.82,
    35.02,
    34.92,
    35.06,
    34.98,
    34.84,
    34.99,
    34.95,
    35.09,
    34.93,
    35.12,
    35.18,
    35.07,
    34.98,
    35.05,
    35.01,
    34.99,
    35.12,
    35.21,
    34.97,
    35.09,
    35.11,
    35.06,
    35.15,
    35.11,
    35.02,
    35.15
  ],