{
  "train_loss": [
    4.732470095157623,
    4.529000592231751,
    4.135197645425796,
    3.9623373210430146,
    3.808577835559845,
    3.70611931681633,
    3.5295363426208497,
    3.4470079064369203,
    3.3384684145450594,
    3.246108776330948,
    3.1044292509555818,
    3.027901977300644,
    2.8767464816570283,
    2.8428803622722625,
    2.7493548512458803,
    2.6302514612674712,
    2.574205470085144,
    2.357449632883072,
    2.245258218050003,
    2.17051023542881,
    2.1256582140922546,
    1.9601215958595275,
    1.865990874171257,
    1.7960896879434585,
    1.7903227150440215,
    1.6170480519533157,
    1.5305374562740326,
    1.557703933119774,
    1.4860703021287918,
    1.3599757254123688,
    1.2644387736916542,
    1.0950610652565955,
    1.0360013112425803,
    1.0003436163067818,
    0.9333946004509925,
    1.0763025999069213,
    0.8277283698320389,
    0.7714209914207458,
    0.737226777523756,
    0.7168556958436966,
    0.7521633848547935,
    0.5968674346804619,
    0.5208488062024117,
    0.4423046886920929,
    0.45421056672930715,
    0.386937040835619,
    0.38819525465369226,
    0.3097324542701244,
    0.28165067732334137,
    0.25593431442976,
    0.21271616015583278,
    0.13062653057277201,
    0.104877089522779,
    0.13059574998915197,
    0.14689651187509298,
    0.12438022736459971,
    0.12319170814007521,
    0.08441841835156083,
    0.08812731513753533,
    0.058504972234368326,
    0.07365046171471476,
    0.05819363798946142,
    0.06415887605398893,
    0.05020293355919421,
    0.06401817100122571,
    0.08727069264277816,
    0.06122172754257917,
    0.04752654391340912,
    0.042323777358978985,
    0.05081864451058209,
    0.05657562166452408,
    0.04184311954304576,
    0.03806090666912496,
    0.035549348359927534,
    0.031138421362265946,
    0.029556843265891076,
    0.03253149134106934,
    0.025747171230614187,
    0.027148389164358376,
    0.031833748100325465,
    0.02864888240583241,
    0.025006571784615517,
    0.027273825742304324,
    0.025742522440850735,
    0.023597880825400354
  ],
  "train_acc": [
    0.96,
    3.71,
    7.08,
    9.15,
    11.03,
    12.61,
    15.17,
    17.16,
    18.48,
    19.62,
    22.54,
    24.33,
    26.83,
    27.73,
    29.48,
    31.29,
    32.76,
    36.82,
    39.56,
    41.09,
    41.87,
    45.5,
    47.06,
    49.51,
    49.75,
    54.01,
    56.33,
    55.69,
    57.22,
    60.35,
    63.29,
    67.53,
    69.34,
    70.35,
    73.2,
    67.8,
    75.45,
    77.08,
    78.46,
    79.38,
    78.44,
    82.32,
    84.89,
    87.53,
    86.94,
    89.62,
    89.64,
    92.02,
    93.22,
    93.77,
    95.02,
    97.52,
    98.42,
    97.65,
    97.17,
    97.81,
    97.87,
    98.84,
    98.65,
    99.6,
    99.18,
    99.58,
    99.37,
    99.6,
    99.61,
    98.83,
    99.3,
    99.67,
    99.75,
    99.79,
    99.38,
    99.77,
    99.81,
    99.86,
    99.93,
    99.95,
    99.95,
    99.95,
    99.96,
    99.94,
    99.99,
    99.95,
    99.95,
    99.98,
    99.99
  ],
  "val_loss": [
    4.701226043701172,
    4.255929243564606,
    4.2489667415618895,
    3.970570319890976,
    3.800373148918152,
    3.9617156744003297,
    3.7495441675186156,
    3.726911276578903,
    3.588099294900894,
    3.614373928308487,
    3.4471577286720274,
    3.2643852829933167,
    3.258738774061203,
    3.3979506313800814,
    3.2026695013046265,
    3.4239464163780213,
    2.957487666606903,
    2.835568445920944,
    2.927466720342636,
    2.9815969467163086,
    2.767990046739578,
    2.6245212256908417,
    2.736772918701172,
    2.7604763388633726,
    2.5694594979286194,
    2.5695248544216156,
    2.74817636013031,
    2.8397151291370393,
    2.528498128056526,
    2.711675786972046,
    2.60193909406662,
    2.752897548675537,
    2.5575770437717438,
    2.4652035564184187,
    2.7427045851945877,
    2.666650855541229,
    2.8310928761959078,
    2.5137486696243285,
    2.520974504947662,
    2.65145957171917,
    2.594396585226059,
    2.541814959049225,
    2.5358085095882417,
    2.5806673765182495,
    2.5724389731884,
    2.565815657377243,
    2.572114509344101,
    2.522180309891701,
    2.589643234014511,
    2.5698663622140883,
    2.5531860888004303,
    2.4876933842897415,
    2.5290100306272505,
    2.582041674852371,
    2.57534139752388,
    2.504328417778015,
    2.5819382786750795,
    2.51826958656311,
    2.5182001262903215,
    2.5016248881816865,
    2.541772037744522,
    2.4995522797107697,
    2.5004692316055297,
    2.498461675643921,
    2.5050669848918914,
    2.5254839301109313,
    2.466228649020195,
    2.4596564412117004,
    2.46472729742527,
    2.470634031295776,
    2.4677365362644195,
    2.4790469646453857,
    2.4906393229961394,
    2.4676212668418884,
    2.464997673034668,
    2.463262104988098,
    2.4571139812469482,
    2.46554211974144,
    2.4505269825458527,
    2.459546387195587,
    2.459015113115311,
    2.443593430519104,
    2.449485954642296,
    2.4518380582332613,
    2.451093149185181
  ],
  "val_acc": [
    0.92,
    5.59,
    7.5,
    9.16,
    11.25,
    10.17,
    13.4,
    14.19,
    15.75,
    16.74,
    18.03,
    20.83,
    21.16,
    21.17,
    22.54,
    21.55,
    27.67,
    30.14,
    29.74,
    27.98,
    32.66,
    34.38,
    33.52,
    32.55,
    36.86,
    37.09,
    35.03,
    34.68,
    38.78,
    37.71,
    38.48,
    38.84,
    40.88,
    41.83,
    39.11,
    40.05,
    38.96,
    43.57,
    42.24,
    42.38,
    44.07,
    44.11,
    44.72,
    44.21,
    44.84,
    45.86,
    45.32,
    47.06,
    45.73,
    45.58,
    47.36,
    48.11,
    48.03,
    47.43,
    47.99,
    48.45,
    47.9,
    48.62,
    48.56,
    49.7,
    49.05,
    49.5,
    49.03,
    49.53,
    49.22,
    48.56,
    49.35,
    49.51,
    49.23,
    49.32,
    49.3,
    49.32,
    49.08,
    49.71,
    49.58,
    49.66,
    49.71,
    49.69,
    49.66,
    49.55,
    49.6,
    49.63,
    49.65,
    49.64,
    49.59
  ],