{
  "train_loss": [
    4.729596814330743,
    3.7477367289212284,
    3.073886381120098,
    2.611867297668846,
    2.2548125270678074,
    1.9935474486983553,
    1.7541772273122047,
    1.5497896111741358,
    1.4239691143133202,
    1.2852122807989315,
    1.17685340466548,
    1.091843113911395,
    1.0042853994028909,
    0.9189830087885564,
    0.843803200794726,
    0.792805439355422,
    0.7155441006227415,
    0.6553116116900833,
    0.5928920013259869,
    0.5462976313975393,
    0.4842737943542247,
    0.45058551187417945,
    0.3929753340780735,
    0.3616382578501896,
    0.3195412029721299,
    0.28667932148186526,
    0.2589111917329078,
    0.2286615069879561,
    0.21005305062447274,
    0.19188865821580497,
    0.16452600434422493,
    0.15214256201015444,
    0.13546295490648066,
    0.12157056005481555,
    0.113976994643406,
    0.11157340489860092,
    0.09723243134438384,
    0.09171383430687141,
    0.07356429955332863,
    0.07136659225334926,
    0.0665582935705933,
    0.06465608758699833,
    0.05189038088963348,
    0.04948957903994894,
    0.04977302604868096,
    0.04713222604929185,
    0.04465297865206186,
    0.03579142722491251,
    0.031194482321793934,
    0.02561989998711007,
    0.024949696257102246,
    0.020926903885770207,
    0.023700368626290286,
    0.017767784986359884,
    0.016440372111047714,
    0.015923576773980593,
    0.013479592119419605,
    0.011693336307166182,
    0.008702509316653773,
    0.008824342838013354,
    0.009165396409023705,
    0.007778578984898002,
    0.005958407778739549,
    0.005755448081335813,
    0.005467189431941251,
    0.004681631263727988,
    0.00406469138189485,
    0.003532060003561462,
    0.003677209809824007,
    0.00308261951580121,
    0.0026551726504647154,
    0.002785533161599864,
    0.002494536808273774,
    0.0021242402735693684,
    0.00221216632335385,
    0.0018392169505965952,
    0.0016662724794551482,
    0.0019165754614621211,
    0.0016427440810841698,
    0.0015804409056875799,
    0.0014319442573706715,
    0.0014444368554942062,
    0.0016410044465411206,
    0.0015900851383553439,
    0.0014443096147353609
  ],
  "train_acc": [
    0.89,
    13.02,
    23.874,
    32.454,
    40.01,
    45.65,
    51.246,
    56.034,
    59.432,
    62.53,
    65.224,
    67.51,
    70.028,
    72.166,
    74.324,
    75.806,
    78.05,
    79.566,
    81.366,
    82.792,
    84.48,
    85.484,
    87.152,
    88.304,
    89.524,
    90.62,
    91.434,
    92.534,
    93.07,
    93.732,
    94.626,
    95.086,
    95.614,
    96.03,
    96.33,
    96.458,
    96.938,
    97.002,
    97.7,
    97.848,
    97.936,
    98.062,
    98.492,
    98.536,
    98.504,
    98.556,
    98.594,
    99.002,
    99.108,
    99.31,
    99.302,
    99.456,
    99.334,
    99.55,
    99.594,
    99.566,
    99.656,
    99.734,
    99.806,
    99.806,
    99.776,
    99.814,
    99.878,
    99.896,
    99.878,
    99.896,
    99.934,
    99.928,
    99.92,
    99.946,
    99.96,
    99.948,
    99.95,
    99.964,
    99.96,
    99.968,
    99.966,
    99.962,
    99.964,
    99.97,
    99.98,
    99.97,
    99.966,
    99.968,
    99.968
  ],
  "val_loss": [
    4.70923627614975,
    3.3009313702583314,
    2.9893281519412995,
    2.541061806678772,
    2.3396357595920563,
    2.363388442993164,
    1.887783494591713,
    1.8006022483110429,
    1.7437267631292344,
    1.6752898007631303,
    1.6200329452753066,
    1.5900853991508483,
    1.5058781564235688,
    1.52847700715065,
    1.5491380840539932,
    1.4783150255680084,
    1.507097002863884,
    1.4970662951469422,
    1.442552238702774,
    1.5013808190822602,
    1.598626708984375,
    1.4578156262636184,
    1.5292198598384856,
    1.540570718050003,
    1.506295296549797,
    1.5894907623529435,
    1.5879463315010072,
    1.610149809718132,
    1.6428825587034226,
    1.6127793848514558,
    1.7089683175086976,
    1.7406334817409514,
    1.7573200315237045,
    1.7037442058324814,
    1.8109833240509032,
    1.7113778322935105,
    1.7465410679578781,
    1.69916113615036,
    1.6797216087579727,
    1.7455433458089828,
    1.780636766552925,
    1.764168131351471,
    1.768186441063881,
    1.7402569651603699,
    1.839549943804741,
    1.8770044296979904,
    1.8149802207946777,
    1.804837092757225,
    1.8193480283021928,
    1.788559114933014,
    1.8363449454307557,
    1.8191815197467804,
    1.9164601176977158,
    1.868390142917633,
    1.918026465177536,
    1.8735084414482117,
    1.8490440517663955,
    1.843177169561386,
    1.8520083397626876,
    1.8837268590927123,
    1.8571952134370804,
    1.8555715024471282,
    1.8581387609243394,
    1.8428499698638916,
    1.8488436102867127,
    1.8643713742494583,
    1.8661936581134797,
    1.8534453123807908,
    1.8492833375930786,
    1.8401459485292435,
    1.8266924321651459,
    1.8308748334646225,
    1.8252296179533005,
    1.8300544619560242,
    1.8313325941562653,
    1.8299147754907608,
    1.824613517522812,
    1.833461120724678,
    1.824730533361435,
    1.8288785547018052,
    1.8317822009325027,
    1.8281009048223495,
    1.8344537228345872,
    1.827506783604622,
    1.8228334039449692
  ],
  "val_acc": [
    0.94,
    19.91,
    26.8,
    33.93,
    40.0,
    40.26,
    49.11,
    50.96,
    53.98,
    55.21,
    56.68,
    56.48,
    59.65,
    59.88,
    60.3,
    62.2,
    62.63,
    62.28,
    64.12,
    63.24,
    61.97,
    65.0,
    64.01,
    65.25,
    66.11,
    66.05,
    66.75,
    65.85,
    66.14,
    67.46,
    66.29,
    67.2,
    66.86,
    67.8,
    67.13,
    68.61,
    68.39,
    68.85,
    69.37,
    68.78,
    68.82,
    68.89,
    70.09,
    69.73,
    69.09,
    69.32,
    69.5,
    69.79,
    70.65,
    70.9,
    70.46,
    70.83,
    70.03,
    70.55,
    70.49,
    70.98,
    70.79,
    71.6,
    71.65,
    71.57,
    71.62,
    71.62,
    71.84,
    72.13,
    71.76,
    71.95,
    72.16,
    72.4,
    72.13,
    72.37,
    72.72,
    72.62,
    72.34,
    72.41,
    72.46,
    72.3,
    72.23,
    72.41,
    72.59,
    72.5,
    72.41,
    72.45,
    72.47,
    72.52,
    72.5
  ],