{
  "train_loss": [
    1.858856090903282,
    1.5347635388374328,
    1.3657520949840545,
    1.2583661019802093,
    1.1452031463384629,
    1.061700850725174,
    1.0376840218901635,
    1.01671062707901,
    0.8812709346413612,
    0.8193460553884506,
    0.7912477657198906,
    0.8077705383300782,
    0.7185509085655213,
    0.7001085683703423,
    0.6757856637239457,
    0.6076108813285828,
    0.5838218942284584,
    0.5618896313011646,
    0.5430375769734382,
    0.6409137971699238,
    0.509442000836134,
    0.47880069017410276,
    0.4478184714913368,
    0.46483922451734544,
    0.3924660928547382,
    0.3605281196534634,
    0.42160845175385475,
    0.35255101770162584,
    0.49655285105109215,
    0.3522470824420452,
    0.33431113362312315,
    0.3022121425718069,
    0.293319558724761,
    0.2624250937253237,
    0.23860565088689328,
    0.2853464175015688,
    0.2876070436090231,
    0.2642179634422064,
    0.22236512713134288,
    0.16136102173477412,
    0.15771648418158293,
    0.2048750152811408,
    0.1739939536899328,
    0.1343905970454216,
    0.13665850311517716,
    0.12868821918964385,
    0.22054376220330596,
    0.14134598057717085,
    0.10265543917194009,
    0.17359844427555798,
    0.12271811459213496,
    0.13870622483082115,
    0.06539210518822074,
    0.056904136668890715,
    0.06537970346398651,
    0.08661118801683187,
    0.07494139997288585,
    0.0793001692276448,
    0.05174439800903201,
    0.03485888037830591,
    0.029017415037378667,
    0.027625411143526436,
    0.02549890005029738,
    0.04514951144810766,
    0.0722635401878506,
    0.04646964743733406,
    0.0423891288228333,
    0.03770869178697467,
    0.026429492351599037,
    0.02422366983955726,
    0.01918367778416723,
    0.019144900573883204,
    0.015735094679985195,
    0.013534490368328989,
    0.013015077495947481,
    0.022069705580361188,
    0.026053945755120368,
    0.019860930845607073,
    0.01896356836659834,
    0.05233814620878548,
    0.01617405212018639,
    0.012166328879538923,
    0.01421348926378414,
    0.01389855049783364,
    0.015756821341346948
  ],
  "train_acc": [
    30.95,
    43.39,
    49.73,
    53.7,
    58.71,
    61.7,
    63.17,
    64.11,
    68.55,
    70.02,
    72.45,
    71.08,
    74.62,
    75.66,
    75.74,
    78.7,
    79.33,
    79.98,
    81.5,
    77.19,
    82.09,
    83.33,
    84.2,
    83.95,
    86.3,
    87.24,
    85.14,
    88.32,
    83.07,
    87.57,
    87.91,
    89.84,
    89.67,
    90.81,
    91.89,
    90.06,
    90.56,
    91.03,
    92.16,
    94.24,
    94.51,
    92.92,
    94.17,
    95.67,
    95.39,
    96.49,
    92.33,
    95.0,
    97.0,
    93.88,
    96.08,
    94.85,
    98.02,
    98.34,
    98.46,
    97.2,
    97.49,
    97.67,
    98.31,
    99.05,
    99.25,
    99.3,
    99.32,
    99.44,
    97.96,
    98.76,
    99.15,
    98.96,
    99.41,
    99.3,
    99.6,
    99.62,
    99.7,
    99.81,
    99.79,
    99.68,
    99.57,
    99.69,
    99.69,
    99.58,
    99.73,
    99.76,
    99.78,
    99.8,
    99.67
  ],
  "val_loss": [
    1.8587180584669114,
    1.5200241804122925,
    1.7420196890830995,
    1.3804238528013228,
    1.5900408804416657,
    1.5019640445709228,
    1.6175901740789413,
    1.255554473400116,
    1.17415491938591,
    1.3267862111330033,
    1.4188676685094834,
    0.9890642091631889,
    0.9360108584165573,
    0.9500552847981453,
    1.2633344188332558,
    0.8125220403075218,
    1.0654405012726784,
    0.9936627164483071,
    0.9397064030170441,
    0.8327429488301277,
    0.8118991285562516,
    0.8782916635274887,
    0.8239082470536232,
    0.7105510666966438,
    0.7778465628623963,
    0.9519115209579467,
    0.9307794973254204,
    1.0727041378617286,
    0.7189293101429939,
    0.7181830540299415,
    0.8421052113175392,
    0.7344349071383476,
    0.7625974148511887,
    0.7121883198618889,
    0.906144292652607,
    0.7943947277963161,
    0.8819221585988999,
    0.7468870893120766,
    0.7731108516454697,
    0.8210420504212379,
    0.8179933711886406,
    0.8491401672363281,
    0.7847393557429314,
    0.8465230852365494,
    0.8603991165757179,
    0.9770444609224797,
    0.8444960758090019,
    0.739097674190998,
    0.8552774876356125,
    0.8179350405931473,
    0.817629212886095,
    0.800199280679226,
    0.7694472640752792,
    0.7896985664963723,
    0.8175452932715416,
    0.844063724577427,
    0.8138865672051907,
    0.8672519400715828,
    0.8214563801884651,
    0.8211682111024856,
    0.8234280124306679,
    0.868901589512825,
    0.8716633051633835,
    0.9041035041213036,
    0.9143709927797318,
    0.8619345873594284,
    0.8544419825077056,
    0.8715895861387253,
    0.8531054571270943,
    0.8744561016559601,
    0.8974889993667603,
    0.874933260679245,
    0.8803554370999336,
    0.8732034556567669,
    0.8730003505945205,
    0.8797001898288727,
    0.8853049784898758,
    0.8813105717301368,
    0.8821265444159507,
    0.8883900701999664,
    0.8831269457936287,
    0.8899464637041092,
    0.8877895995974541,
    0.8850294724106789,
    0.8942982330918312
  ],
  "val_acc": [
    36.11,
    44.55,
    40.16,
    51.79,
    51.2,
    50.94,
    50.87,
    57.42,
    59.18,
    59.34,
    58.89,
    66.02,
    69.05,
    69.19,
    63.73,
    72.38,
    67.37,
    70.21,
    70.77,
    72.72,
    72.95,
    72.33,
    74.51,
    77.67,
    75.0,
    72.65,
    72.12,
    70.67,
    76.87,
    77.52,
    75.96,
    77.88,
    78.25,
    79.25,
    76.52,
    78.37,
    77.13,
    78.51,
    78.99,
    79.33,
    79.59,
    79.71,
    79.42,
    78.87,
    79.9,
    78.16,
    79.14,
    81.53,
    80.22,
    79.39,
    80.32,
    80.31,
    81.15,
    81.7,
    81.77,
    81.11,
    81.54,
    81.0,
    81.45,
    82.21,
    82.12,
    81.97,
    82.1,
    81.57,
    81.23,
    82.2,
    82.09,
    82.08,
    82.27,
    82.21,
    81.98,
    82.51,
    82.3,
    82.3,
    82.43,
    82.71,
    82.3,
    82.27,
    82.31,
    82.5,
    82.47,
    82.63,
    82.54,
    82.66,
    82.4
  ],