{
  "train_loss": [
    2.403746724128723,
    2.190744137763977,
    1.8936476349830627,
    1.6939822793006898,
    1.5729893028736115,
    1.469244611263275,
    1.3791287243366241,
    1.3007060706615448,
    1.246925699710846,
    1.2209234833717346,
    1.1611173093318938,
    1.0854569286108018,
    1.0447026044130325,
    1.0217575699090957,
    0.9583241015672683,
    0.8995250940322876,
    0.8459956258535385,
    0.8307153701782226,
    0.7554979830980301,
    0.7973127245903016,
    0.762178686261177,
    0.6558747708797454,
    0.6374330461025238,
    0.6123886674642562,
    0.5792107105255127,
    0.546332223713398,
    0.4889599993824959,
    0.47965848445892334,
    0.4327476218342781,
    0.4182504743337631,
    0.38246072381734847,
    0.3455770656466484,
    0.3261589780449867,
    0.3107777267694473,
    0.29128335416316986,
    0.27131309881806376,
    0.24643206149339675,
    0.2475243791937828,
    0.22122152894735336,
    0.1847485277801752,
    0.149558262899518,
    0.1419305682182312,
    0.1216584749519825,
    0.11392807066440583,
    0.12101133875548839,
    0.10117579400539398,
    0.08632883783429861,
    0.07460414431989193,
    0.06858129501342773,
    0.053594189882278445,
    0.051794922538101675,
    0.04113100813701749,
    0.0390239748172462,
    0.03166314763948321,
    0.028025218890979885,
    0.0218327890150249,
    0.01820263033732772,
    0.0170397927518934,
    0.013482178072445094,
    0.0138886125292629,
    0.011527897557243705,
    0.00911293481476605,
    0.007981237035710364,
    0.005923693696968257,
    0.005354023433756083,
    0.005240155209321529,
    0.003695600223727524,
    0.005322507891105488,
    0.003647667693439871,
    0.002755065477686003,
    0.0033379832515493036,
    0.00367105002515018,
    0.003990724444156513,
    0.0032296632649376988,
    0.0023990153800696134,
    0.0032445109041873365,
    0.002563575195381418,
    0.002540478459559381,
    0.002389124280307442,
    0.0029261032061185686,
    0.0022841138939838856,
    0.002427261398406699,
    0.0030920045741368086,
    0.002539292513392866,
    0.0022796265373472126
  ],
  "train_acc": [
    11.02,
    20.14,
    30.3,
    35.82,
    41.3,
    46.34,
    48.82,
    52.12,
    54.1,
    55.84,
    57.36,
    61.18,
    62.12,
    63.44,
    65.22,
    67.5,
    69.42,
    70.82,
    72.74,
    71.18,
    72.38,
    76.1,
    77.42,
    78.54,
    79.62,
    80.74,
    82.44,
    83.56,
    84.2,
    84.88,
    86.36,
    87.88,
    88.62,
    89.02,
    89.98,
    90.6,
    91.52,
    91.28,
    92.22,
    93.76,
    95.06,
    95.46,
    95.96,
    96.08,
    96.06,
    96.58,
    97.32,
    97.48,
    97.78,
    98.38,
    98.34,
    98.78,
    98.9,
    99.24,
    99.22,
    99.44,
    99.58,
    99.6,
    99.72,
    99.68,
    99.8,
    99.84,
    99.88,
    99.9,
    99.96,
    99.98,
    99.98,
    99.96,
    100.0,
    100.0,
    99.98,
    99.96,
    99.94,
    99.98,
    100.0,
    99.98,
    99.98,
    99.98,
    100.0,
    100.0,
    100.0,
    99.98,
    99.96,
    99.98,
    99.98
  ],
  "val_loss": [
    2.356404060125351,
    2.0501042395830154,
    1.8523916721343994,
    1.699288573861122,
    1.7534810304641724,
    2.035957568883896,
    1.5365901619195939,
    2.1171457678079606,
    1.5153538167476654,
    2.0297686100006103,
    1.4806347727775573,
    1.45470187664032,
    1.7283929228782653,
    1.4138334155082704,
    1.9316387057304383,
    1.280847968161106,
    1.3879142194986342,
    1.5766186952590941,
    1.6784444093704223,
    1.6170995742082597,
    1.2676394313573838,
    1.3760141789913178,
    1.4398301243782043,
    1.2955475613474845,
    1.3561596661806106,
    1.7327946573495865,
    1.2637193083763123,
    1.2080962225794791,
    1.2014788866043091,
    1.2338773757219315,
    1.288601380586624,
    1.136755007505417,
    1.3116701066493988,
    1.2909879058599472,
    1.1292454868555069,
    1.3725158452987671,
    1.4177810847759247,
    1.4777129471302033,
    1.4426319777965546,
    1.3609667599201203,
    1.392145998775959,
    1.3912343442440034,
    1.388310806453228,
    1.3714752852916718,
    1.3674316078424453,
    1.4646721333265305,
    1.3473692893981934,
    1.3418888956308366,
    1.3581470549106598,
    1.4271090298891067,
    1.2722699359059333,
    1.4444654375314712,
    1.262841885536909,
    1.353824783861637,
    1.3356233268976212,
    1.2569611683487891,
    1.2182034477591515,
    1.2518370643258094,
    1.2646355777978897,
    1.294236320257187,
    1.2284881584346294,
    1.2283175982534886,
    1.2316855639219284,
    1.2474878042936326,
    1.2250990092754364,
    1.2148580819368362,
    1.2173051320016384,
    1.2213040679693221,
    1.2185561060905457,
    1.218223039060831,
    1.2202220752835273,
    1.2254768580198288,
    1.2356346875429154,
    1.2280452623963356,
    1.2256417885422706,
    1.2248013451695443,
    1.2303834110498428,
    1.2248109593987464,
    1.2258423790335655,
    1.2256091386079788,
    1.2277437508106233,
    1.2282684057950974,
    1.2261168211698532,
    1.232732819020748,
    1.226873131096363
  ],
  "val_acc": [
    12.1,
    23.62,
    30.67,
    37.38,
    37.07,
    37.1,
    46.29,
    37.82,
    47.83,
    42.57,
    51.03,
    51.0,
    48.46,
    53.29,
    45.93,
    58.29,
    57.84,
    53.06,
    54.49,
    56.06,
    59.9,
    56.62,
    59.42,
    62.59,
    61.36,
    57.93,
    64.24,
    64.44,
    65.05,
    66.38,
    65.4,
    67.32,
    66.89,
    66.79,
    70.44,
    65.47,
    67.94,
    65.5,
    66.81,
    66.79,
    67.46,
    67.55,
    68.01,
    70.11,
    70.87,
    70.56,
    69.68,
    71.95,
    71.05,
    71.53,
    72.17,
    71.05,
    73.23,
    72.05,
    73.14,
    73.53,
    74.7,
    74.26,
    73.9,
    74.17,
    75.19,
    74.86,
    74.97,
    74.6,
    75.15,
    75.42,
    75.47,
    75.67,
    75.55,
    75.55,
    75.39,
    75.43,
    75.35,
    75.51,
    75.53,
    75.63,
    75.49,
    75.64,
    75.67,
    75.6,
    75.53,
    75.61,
    75.61,
    75.73,
    75.64
  ],