{
  "train_loss": [
    1.3598114340281,
    0.900345156387407,
    0.6910717563361538,
    0.5810758333121028,
    0.5060810636805029,
    0.45090196677008454,
    0.41298656766207853,
    0.36919923841345065,
    0.3379067118678774,
    0.30912159337681167,
    0.28633095521707924,
    0.2626686110636409,
    0.2428940048023146,
    0.2275731260223048,
    0.21109066363804194,
    0.19473969126690407,
    0.18288158648172204,
    0.1679448388060745,
    0.16115653849377923,
    0.146526005043059,
    0.13825882241433982,
    0.1278622002169794,
    0.1169355847131537,
    0.11147168060118447,
    0.09542289079756153,
    0.09379782605612157,
    0.0897565913975847,
    0.08272605693461943,
    0.07822678260961358,
    0.07047697044528868,
    0.06552779789519858,
    0.059938083915990224,
    0.05625333043043407,
    0.053754129337755086,
    0.04918059382625684,
    0.0460900722157058,
    0.044419530166161,
    0.03800062852322447,
    0.03481602164137424,
    0.03710851728992195,
    0.03233470149547318,
    0.028419721921506737,
    0.02521101421705086,
    0.025534159925585727,
    0.022197494150866394,
    0.023532939046070133,
    0.01986123417796358,
    0.01663601209114933,
    0.016949876324435204,
    0.014204431280650541,
    0.013019744976784806,
    0.013677771803115172,
    0.010330150222550717,
    0.009773577117403892,
    0.010207550279138021,
    0.008059316347424435,
    0.006566392353065288,
    0.006099360918077374,
    0.005659986479128877,
    0.006179461708932055,
    0.004372705508196342,
    0.003555350309212298,
    0.003777068987968663,
    0.005576960135376608,
    0.003612236771153462,
    0.003026092783273976,
    0.00249446504258973,
    0.001965110076730061,
    0.0015816790639328988,
    0.002285983520258534,
    0.0014186898703642049,
    0.0014972040955622012,
    0.0009630216220882305,
    0.0014301759620695743,
    0.0012797726628693397,
    0.0011438827717920133,
    0.0012936021948360354,
    0.0007321692840433774,
    0.0007263537451985847,
    0.0007518516527963992,
    0.0007200565249112682,
    0.0008165692298573457,
    0.0006318434815029275,
    0.0007777264361312537,
    0.0006002039325053652
  ],
  "train_acc": [
    49.978,
    67.952,
    75.752,
    79.786,
    82.51,
    84.256,
    85.588,
    87.172,
    88.27,
    89.276,
    89.964,
    90.954,
    91.628,
    92.03,
    92.61,
    93.148,
    93.614,
    94.082,
    94.356,
    94.884,
    95.094,
    95.542,
    95.864,
    96.044,
    96.624,
    96.676,
    96.834,
    97.112,
    97.188,
    97.552,
    97.686,
    97.866,
    97.98,
    98.082,
    98.27,
    98.404,
    98.384,
    98.596,
    98.78,
    98.712,
    98.932,
    98.99,
    99.116,
    99.094,
    99.25,
    99.17,
    99.324,
    99.416,
    99.418,
    99.522,
    99.564,
    99.512,
    99.662,
    99.698,
    99.678,
    99.74,
    99.788,
    99.806,
    99.832,
    99.776,
    99.86,
    99.872,
    99.892,
    99.786,
    99.888,
    99.904,
    99.922,
    99.94,
    99.958,
    99.932,
    99.968,
    99.972,
    99.984,
    99.968,
    99.96,
    99.968,
    99.962,
    99.978,
    99.984,
    99.978,
    99.982,
    99.982,
    99.988,
    99.984,
    99.988
  ],
  "val_loss": [
    1.5131457418203353,
    0.8654807463288308,
    0.9557628437876702,
    0.7647654056549072,
    0.5450226418673992,
    0.6540529944002629,
    0.49458819106221197,
    0.4907221719622612,
    0.43077563792467116,
    0.4059403344988823,
    0.453013701736927,
    0.4044431038200855,
    0.39808602407574656,
    0.4223413452506065,
    0.35984003990888597,
    0.3828236203640699,
    0.4270577073097229,
    0.3713183794170618,
    0.4299136184155941,
    0.3460523096844554,
    0.44466833844780923,
    0.39527131244540215,
    0.38135450091212986,
    0.3541788198053837,
    0.3516430702060461,
    0.3671033997088671,
    0.35269224680960176,
    0.36233979649841785,
    0.3640237983316183,
    0.3613244231790304,
    0.3478118672966957,
    0.35975783281028273,
    0.4076473765075207,
    0.3550883627132862,
    0.36193091683089734,
    0.39713786393404005,
    0.41775295957922937,
    0.3764986410737038,
    0.4052418123930693,
    0.3787882477976382,
    0.36621864754706623,
    0.3807618461549282,
    0.38098868578672407,
    0.3975850731134415,
    0.4123966572806239,
    0.42750095538794997,
    0.4197588101029396,
    0.4209982335567474,
    0.42982787638902664,
    0.40107480585575106,
    0.4311725996434689,
    0.3987147070467472,
    0.3981672376394272,
    0.4238071538507938,
    0.4144923180341721,
    0.399787113443017,
    0.4151096548885107,
    0.4186235278844833,
    0.428996866196394,
    0.4494295448064804,
    0.4316689666360617,
    0.4326869435608387,
    0.436128855496645,
    0.4403086043894291,
    0.4216723434627056,
    0.4244089353829622,
    0.4242165882140398,
    0.42332600988447666,
    0.42418273547664287,
    0.41878249645233157,
    0.42014881521463393,
    0.43302209228277205,
    0.42388555258512495,
    0.4265055410563946,
    0.4313605822622776,
    0.4271497134119272,
    0.42340610064566137,
    0.424350306019187,
    0.42514324337244036,
    0.42328688241541385,
    0.4262238424271345,
    0.4273578017950058,
    0.42570541314780713,
    0.423960042744875,
    0.42301905788481237
  ],
  "val_acc": [
    51.17,
    69.6,
    69.48,
    75.58,
    81.46,
    79.02,
    84.08,
    83.54,
    85.58,
    86.74,
    85.0,
    86.33,
    87.21,
    86.98,
    88.8,
    88.33,
    87.0,
    88.9,
    87.71,
    89.9,
    87.69,
    88.73,
    89.07,
    90.54,
    90.49,
    90.06,
    90.94,
    90.78,
    90.55,
    90.95,
    91.27,
    90.92,
    90.6,
    91.45,
    91.48,
    90.94,
    90.92,
    91.79,
    91.5,
    91.82,
    92.35,
    91.79,
    92.11,
    91.84,
    91.85,
    91.88,
    91.95,
    92.15,
    92.16,
    92.48,
    92.21,
    92.73,
    92.87,
    92.64,
    92.72,
    93.02,
    93.13,
    93.06,
    92.88,
    92.6,
    93.06,
    93.08,
    93.04,
    93.04,
    93.2,
    93.09,
    93.27,
    93.19,
    93.31,
    93.38,
    93.32,
    93.07,
    93.28,
    93.3,
    93.26,
    93.32,
    93.23,
    93.42,
    93.33,
    93.37,
    93.36,
    93.41,
    93.35,
    93.31,
    93.43
  ],