{
  "train_loss": [
    2.3091276023122997,
    4.82627816663848,
    1.705637898710039,
    1.3586487703853183,
    1.1271241042349074,
    1.0248180511924956,
    0.9611850248442756,
    0.92594865626759,
    0.9013386021057764,
    0.8469804376363754,
    0.8479114539093442,
    0.7946317659484016,
    0.7870308690600925,
    0.7633517235517502,
    0.7130485210153792,
    0.6574032853047053,
    0.6307605869240231,
    0.6092005438274808,
    0.5895085781812668,
    0.5362482824259334,
    0.5143055419127146,
    0.4753175187442038,
    0.45463907884226906,
    0.4379264712333679,
    0.4340025989545716,
    0.40349897576702964,
    0.34822197755177814,
    0.3866580120391316,
    0.37104877250062096,
    0.32127908658650184,
    0.3231108519766066,
    0.3714357382721371,
    0.27410781093769604,
    0.2501329643030961,
    0.2625649774240123,
    0.2539605055418279,
    0.2348764803674486,
    0.1965034363998307,
    0.18452874860829777,
    0.19055532395011848,
    0.1910308843685521,
    0.16805725089377826,
    0.1467141341418028,
    0.10829554808636506,
    0.10381840448826551,
    0.13364634455906022,
    0.09079952951934603,
    0.10034601142009099,
    0.082627910706732,
    0.06357913236651155,
    0.04351437640272909,
    0.03694985263670484,
    0.05726267806150847,
    0.06267211632803082,
    0.032550946589455836,
    0.031299183093425303,
    0.014180590967751212,
    0.01061204979972293,
    0.011006973981339898,
    0.012832714639241911,
    0.028343615859436493,
    0.012940478071363436,
    0.007743074778570897,
    0.00767482253205445,
    0.00975699308845732,
    0.005608128939962221,
    0.004996662396782388,
    0.007472201244026009,
    0.008319244040952375,
    0.005164931101414065,
    0.008229025374425368,
    0.010325472698443465,
    0.005347151926899742,
    0.005545547290239483,
    0.007641208953120642,
    0.004778456544348349,
    0.0042872446906080264,
    0.003992044871362547,
    0.003197137023865556,
    0.005049062928365957,
    0.0033587166463904497,
    0.0034488903830707488,
    0.003383197084379693,
    0.005117373356673245,
    0.009070782178443752
  ],
  "train_acc": [
    8.155555555555555,
    23.555555555555557,
    34.25555555555555,
    47.9,
    57.86666666666667,
    60.58888888888889,
    63.0,
    64.61111111111111,
    65.13333333333334,
    67.58888888888889,
    67.24444444444444,
    70.02222222222223,
    70.32222222222222,
    71.81111111111112,
    72.64444444444445,
    75.03333333333333,
    76.4,
    77.35555555555555,
    77.91111111111111,
    79.9,
    80.83333333333333,
    82.62222222222222,
    83.2,
    84.37777777777778,
    84.17777777777778,
    85.17777777777778,
    87.22222222222223,
    85.92222222222222,
    86.03333333333333,
    88.56666666666666,
    89.0,
    86.33333333333333,
    90.16666666666667,
    91.03333333333333,
    90.65555555555555,
    90.92222222222222,
    91.55555555555556,
    92.75555555555556,
    93.45555555555555,
    93.8,
    93.52222222222223,
    94.33333333333333,
    94.97777777777777,
    96.4888888888889,
    96.67777777777778,
    95.32222222222222,
    97.17777777777778,
    96.75555555555556,
    97.25555555555556,
    98.06666666666666,
    98.92222222222222,
    99.13333333333334,
    98.21111111111111,
    98.07777777777778,
    99.5111111111111,
    99.13333333333334,
    99.81111111111112,
    99.84444444444445,
    99.81111111111112,
    99.91111111111111,
    99.21111111111111,
    99.76666666666667,
    99.93333333333334,
    99.92222222222222,
    99.92222222222222,
    99.96666666666667,
    99.97777777777777,
    99.96666666666667,
    99.83333333333333,
    99.95555555555555,
    99.9,
    99.82222222222222,
    99.96666666666667,
    99.96666666666667,
    99.96666666666667,
    99.97777777777777,
    99.96666666666667,
    99.9888888888889,
    100.0,
    99.97777777777777,
    100.0,
    100.0,
    100.0,
    99.9888888888889,
    99.94444444444444
  ],
  "val_loss": [
    2.2519104151890197,
    6.977107705741093,
    1.5851258245007744,
    1.6678320128342201,
    1.3178520367063324,
    1.2579266285074169,
    2.820765002020474,
    0.8629561354374063,
    1.4178741019347618,
    1.7036516501985748,
    1.1479077030872475,
    0.9368175823113014,
    1.9991393829214161,
    0.7543057162186195,
    0.9893206912895729,
    2.6519745382769355,
    0.7401546979772633,
    0.9204733762247809,
    1.9583692427339225,
    1.1517442012655323,
    1.8639636450800403,
    2.2307196526691833,
    1.892060921109956,
    1.0787352117998847,
    2.0656839773572724,
    1.952445807128117,
    1.9495111210592861,
    1.7507235716129173,
    2.073345529622045,
    0.7179583845467403,
    0.8567211586853554,
    1.1535842398117329,
    1.7315224491316696,
    0.7545083041848808,
    1.136770384065036,
    1.631646990776062,
    1.090296930280225,
    1.616241771599342,
    0.9232302883575703,
    1.5966756426054856,
    1.09232405547438,
    1.3053742770490975,
    0.8380468569952866,
    0.921136932126407,
    0.9264716115491144,
    1.3310751586124814,
    2.095040017160876,
    1.0536196745675186,
    0.9154285767982746,
    1.0359454031648307,
    0.989523694433015,
    1.4224086958786537,
    2.235143386084458,
    1.7146392649617688,
    0.9673111808711085,
    0.9311682109175057,
    0.8839096940796951,
    1.003393711714909,
    1.0797730478747138,
    1.1586414287830222,
    1.1381347652139335,
    0.937736334471867,
    0.8904084481042007,
    0.922750725828368,
    0.972077215539998,
    0.9891798177669788,
    0.9710494505948034,
    0.9942619985547559,
    0.9624970247005594,
    0.9486435302372637,
    0.9207683781097675,
    0.9694057435824953,
    1.0018346720728382,
    0.9773507919804804,
    0.9766366584547634,
    1.0247365996755402,
    1.021141192008709,
    1.0018298523179416,
    1.0227891967214386,
    0.9777932105393246,
    1.0022441868124337,
    1.0146991898273598,
    1.0232282712541778,
    0.9695072132965614,
    1.0396427491615559
  ],
  "val_acc": [
    2.33983286908078,
    18.71866295264624,
    36.880222841225624,
    37.033426183844014,
    57.089136490250695,
    58.31476323119777,
    29.610027855153202,
    67.92479108635098,
    59.52646239554318,
    57.84122562674095,
    61.32311977715877,
    68.38440111420613,
    42.270194986072426,
    75.64066852367688,
    64.87465181058496,
    50.97493036211699,
    75.69637883008356,
    72.17270194986072,
    50.0,
    67.00557103064067,
    49.108635097493035,
    52.75766016713092,
    52.646239554317546,
    67.70194986072423,
    56.86629526462396,
    49.01114206128134,
    51.211699164345404,
    53.67688022284123,
    57.82729805013928,
    77.66016713091922,
    73.85793871866295,
    67.72980501392757,
    57.31197771587744,
    77.50696378830084,
    68.21727019498607,
    51.559888579387184,
    70.98885793871867,
    61.5041782729805,
    73.35654596100278,
    60.710306406685234,
    72.10306406685237,
    63.969359331476326,
    77.68802228412257,
    77.21448467966574,
    76.43454038997214,
    67.8133704735376,
    61.83844011142061,
    75.91922005571031,
    76.16991643454038,
    73.80222841225627,
    76.7966573816156,
    69.63788300835654,
    50.598885793871865,
    59.456824512534816,
    77.39554317548746,
    79.66573816155989,
    79.20612813370474,
    77.6740947075209,
    77.29805013927577,
    75.51532033426184,
    73.3008356545961,
    78.07799442896936,
    79.70752089136491,
    78.983286908078,
    77.6740947075209,
    77.2284122562674,
    77.61838440111421,
    77.0891364902507,
    78.91364902506963,
    78.67688022284122,
    79.26183844011142,
    78.45403899721448,
    77.70194986072423,
    78.62116991643454,
    78.46796657381616,
    77.63231197771587,
    77.11699164345404,
    77.7158774373259,
    77.27019498607243,
    77.89693593314763,
    77.64623955431755,
    77.39554317548746,
    77.45125348189416,
    79.06685236768803,
    76.72701949860725
  ],