{
  "train_loss": [
    2.3114914149045944,
    0.6988549628718332,
    0.3954817381772128,
    0.306452793577178,
    0.24121919769624417,
    0.20592656854370778,
    0.15507483804090458,
    0.11335094986398789,
    0.09501058341596615,
    0.07925380663734606,
    0.06800058044874194,
    0.05221135074018755,
    0.045046721571865914,
    0.04671600706536661,
    0.03433923355293122,
    0.033941849677251994,
    0.03898389608366415,
    0.02725494174493096,
    0.02350034857888452,
    0.021058454546040262,
    0.024086101970169693,
    0.02189425646528517,
    0.025615786244584757,
    0.023348266069660895,
    0.014021005673302252,
    0.019043457914284027,
    0.01777952184089703,
    0.019773368448857746,
    0.015105245488732842,
    0.01153599729968846,
    0.012973624375015126,
    0.01594643195329065,
    0.014290232898267939,
    0.013745770781084006,
    0.009703182214335275,
    0.008258143067326851,
    0.004936925314309933,
    0.001608841498016938,
    0.005520938568927456,
    0.016326396776342088,
    0.009800590962682194,
    0.008276710981755803,
    0.004489881573425175,
    0.004905516925852929,
    0.005457033832664654,
    0.0059536105405558455,
    0.00417581895914571,
    0.002535744878080302,
    0.002582841917315322,
    0.003597609156134819,
    0.003816799711640587,
    0.0008469770475068634,
    0.00047304640288943614,
    0.0003345343156127001,
    0.0002019338469497453,
    0.002019956248416706,
    0.0038325368829894364,
    0.002535989012983464,
    0.0004612487960958912,
    0.0003372750714550999,
    0.00041340677329964654,
    0.0003892234076478086,
    0.0004650102838739527,
    0.00023330135033848944,
    0.0003751674040792998,
    0.00038067935992749176,
    0.0001300513564165778,
    0.00015099890218421436,
    0.0005988333342954052,
    0.00018911589632802423,
    0.00017300435454100952,
    0.00040753353387724576,
    0.00010051951643158026,
    7.139478653654537e-05,
    9.741704527370261e-05,
    7.027447637852902e-05,
    4.955504495543747e-05,
    9.891433097147291e-05,
    5.427768626666627e-05,
    3.824941275645053e-05,
    4.2181186200645534e-05,
    5.2585184819068075e-05,
    4.56482141973812e-05,
    4.732746448190348e-05,
    3.0712830170965724e-05
  ],
  "train_acc": [
    7.857777777777778,
    74.05555555555556,
    85.41333333333333,
    89.04,
    91.30666666666667,
    92.78666666666666,
    94.62666666666667,
    96.11777777777777,
    96.73777777777778,
    97.29777777777778,
    97.66,
    98.19333333333333,
    98.46888888888888,
    98.42444444444445,
    98.85333333333334,
    98.83111111111111,
    98.64444444444445,
    99.11555555555556,
    99.24666666666667,
    99.30444444444444,
    99.19555555555556,
    99.28,
    99.14,
    99.21555555555555,
    99.54,
    99.38666666666667,
    99.39111111111112,
    99.31333333333333,
    99.49777777777778,
    99.60222222222222,
    99.54444444444445,
    99.43333333333334,
    99.5111111111111,
    99.52222222222223,
    99.67111111111112,
    99.7088888888889,
    99.84444444444445,
    99.96,
    99.86888888888889,
    99.44444444444444,
    99.68666666666667,
    99.72444444444444,
    99.86222222222223,
    99.84444444444445,
    99.83111111111111,
    99.8,
    99.86,
    99.91111111111111,
    99.91333333333333,
    99.87555555555555,
    99.87555555555555,
    99.98,
    99.99111111111111,
    99.99111111111111,
    99.99333333333334,
    99.94222222222223,
    99.86444444444444,
    99.92444444444445,
    99.9888888888889,
    99.99111111111111,
    99.98444444444445,
    99.98666666666666,
    99.98222222222222,
    99.99555555555555,
    99.99111111111111,
    99.99111111111111,
    99.99777777777778,
    99.99555555555555,
    99.98,
    99.99555555555555,
    99.99555555555555,
    99.98666666666666,
    99.99555555555555,
    100.0,
    99.99777777777778,
    100.0,
    100.0,
    99.99555555555555,
    99.99777777777778,
    100.0,
    100.0,
    99.99777777777778,
    100.0,
    100.0,
    100.0
  ],
  "val_loss": [
    2.3199668423882844,
    1.1212127414242974,
    0.941566409735844,
    0.6472330442790327,
    0.8198360101930027,
    1.1162761244280586,
    0.5328726943196922,
    1.754391678448381,
    1.4004261699216118,
    1.112054588465855,
    1.5375552691262344,
    1.1384465365574277,
    1.9432119706581379,
    1.0143989057376468,
    0.9803070600690513,
    1.001260935232557,
    0.7189103036091246,
    1.0034633895446514,
    1.1758611448879899,
    0.840341585463491,
    1.4952789462845901,
    1.6958387720173802,
    1.1765595438151524,
    1.1898838009299904,
    0.9267233301853312,
    1.2286202835625615,
    1.165301828548826,
    0.9911122866745653,
    0.8728501241782616,
    1.0712318760824615,
    1.0985273307767407,
    0.8172528600512907,
    1.2057506709263242,
    1.2079648704364383,
    0.8942023322120678,
    1.0944607838474472,
    1.0345564289339657,
    1.1525473355090823,
    1.0558926319253856,
    1.0112292211631249,
    1.735940180333524,
    1.3306805902513965,
    1.2074333347123245,
    1.0153054448551144,
    1.2752854495212949,
    1.419164067455407,
    1.242186607985661,
    1.254324975712546,
    1.4742010872939537,
    1.5138956215874901,
    1.2639177009977143,
    1.2822591572486122,
    1.1920470708403095,
    1.1898984220521203,
    1.3122324398879348,
    1.9554060702693874,
    1.0218479320924259,
    1.1226404052356194,
    1.1141301095485687,
    1.133800674101402,
    1.120147086936852,
    1.1926751265238071,
    1.2478186960878044,
    1.2080109869611675,
    1.2275165309166085,
    1.2351356785872887,
    1.206292681652924,
    1.180813346443505,
    1.2411465202939922,
    1.1214920898963665,
    1.3969366930682083,
    1.1856355918892498,
    1.171075741278714,
    1.1924418529559826,
    1.2080448624388924,
    1.1638727064790397,
    1.205314118286659,
    1.1904219902794937,
    1.1944482963660668,
    1.2159369130586755,
    1.2086792655032257,
    1.190426279758585,
    1.1898130532996407,
    1.1952577562167728,
    1.2135237892126214
  ],