{
  "train_loss": [
    2.3091276023122997,
    1.898700604836146,
    1.6428690287801955,
    1.0580189658535852,
    0.9824258602327771,
    0.8498678273624845,
    0.7834253989987903,
    0.736657116148207,
    0.7050013707743751,
    0.5937771341866918,
    0.5482634728153547,
    0.4855184406042099,
    0.6219079734550582,
    0.5296241889397303,
    0.39974573337369496,
    0.36757707926962113,
    0.3579222555789683,
    0.369506041208903,
    0.36176741123199463,
    0.2998770454691516,
    0.24043243957890403,
    0.25599738334616023,
    0.21121705406241947,
    0.17840569528440633,
    0.18200463035868275,
    0.19701149376730123,
    0.14229579849375618,
    0.1505146229432689,
    0.1284560277644131,
    0.11530864176650842,
    0.15760600504775843,
    0.154872494439284,
    0.062648998056021,
    0.049620116155387625,
    0.04786416722668542,
    0.035703931340119906,
    0.058351887183056936,
    0.032394882291555405,
    0.025289264235955972,
    0.012023284662670145,
    0.021459128804660093,
    0.051952018247296415,
    0.028154783028488357,
    0.02028820789160414,
    0.012383889426322034,
    0.050551430244619645,
    0.02584442207848446,
    0.0050566531863296404,
    0.002993873742525466,
    0.0017032462896572219,
    0.0024061478034127504,
    0.0126726295275148,
    0.005344913472072221,
    0.002539503289477175,
    0.0029043426701617944,
    0.0225532211867782,
    0.011539189520085024,
    0.0037388390402257857,
    0.019070222483909067,
    0.029276629974548187,
    0.0138839418003853,
    0.010107637590004338,
    0.004462533924702762,
    0.00474360495152521,
    0.0015209979028441012,
    0.0009394423727321231,
    0.0009941333119058982,
    0.0009840429063640637,
    0.0007294599264342752,
    0.0007965609571935298,
    0.0013830288484718443,
    0.0028787833758138325,
    0.0012335799846267845,
    0.0039338066021122765,
    0.002672293845939243,
    0.0015433174016329253,
    0.0017517771573491497,
    0.0012620105359625693,
    0.0010260746219298905,
    0.0030128332768476363,
    0.000811162804085244,
    0.0009218796630092482,
    0.0008384007063189832,
    0.00359203236762874,
    0.0019392058287242737
  ],
  "train_acc": [
    8.155555555555555,
    45.955555555555556,
    51.67777777777778,
    60.06666666666667,
    62.4,
    67.38888888888889,
    70.37777777777778,
    72.64444444444445,
    74.16666666666667,
    78.42222222222222,
    79.65555555555555,
    82.63333333333334,
    78.15555555555555,
    80.77777777777777,
    85.27777777777777,
    86.64444444444445,
    86.96666666666667,
    86.76666666666667,
    86.87777777777778,
    89.02222222222223,
    91.18888888888888,
    90.86666666666666,
    92.16666666666667,
    93.38888888888889,
    93.43333333333334,
    93.07777777777778,
    94.74444444444444,
    94.87777777777778,
    95.45555555555555,
    96.27777777777777,
    95.16666666666667,
    94.62222222222222,
    97.96666666666667,
    98.32222222222222,
    98.58888888888889,
    98.96666666666667,
    97.83333333333333,
    99.12222222222222,
    99.3,
    99.66666666666667,
    99.5111111111111,
    98.42222222222222,
    99.1,
    99.35555555555555,
    99.76666666666667,
    98.33333333333333,
    99.26666666666667,
    99.91111111111111,
    99.95555555555555,
    99.97777777777777,
    99.97777777777777,
    99.56666666666666,
    99.87777777777778,
    99.96666666666667,
    99.97777777777777,
    99.35555555555555,
    99.68888888888888,
    99.94444444444444,
    99.94444444444444,
    99.1,
    99.7,
    99.76666666666667,
    99.86666666666666,
    99.86666666666666,
    99.9888888888889,
    100.0,
    100.0,
    100.0,
    100.0,
    100.0,
    100.0,
    99.9888888888889,
    100.0,
    99.97777777777777,
    99.97777777777777,
    100.0,
    99.96666666666667,
    100.0,
    99.9888888888889,
    99.9888888888889,
    100.0,
    99.9888888888889,
    100.0,
    99.9888888888889,
    99.9888888888889
  ],
  "val_loss": [
    2.2519104151890197,
    7.02643083703929,
    31.20648167051118,
    2.91551333049248,
    2.0166924616386153,
    2.0704122905073494,
    1.2483800341343056,
    3.0306823130311638,
    3.859674363300718,
    3.3701824771946876,
    3.4464638027651557,
    2.4230088036635826,
    3.8127435158038963,
    3.4789369928425757,
    3.9202417669625116,
    4.169892068566947,
    4.0047898498074765,
    2.9610408750073662,
    2.5396137114228874,
    1.1716690556756382,
    1.7785307744453693,
    1.1938340830905685,
    3.319269496819069,
    1.921096789425817,
    1.9937058440570175,
    1.5858871905968106,
    1.2222439019844449,
    1.3867189390905972,
    2.521133616052825,
    1.2903848208230118,
    3.344659690199227,
    1.1491712722285041,
    1.5567919961337386,
    1.863539173685271,
    1.3904094916993175,
    2.142542300553157,
    1.4175129471154049,
    1.3044449502024158,
    1.6765108766226933,
    1.2631936412433098,
    1.2715294905777634,
    1.2852550765563702,
    2.0008405796412765,
    1.2912291072565933,
    1.6859589609606513,
    1.7210147771342048,
    1.0591456417379708,
    1.07379085031049,
    1.127764543582653,
    1.0367279299374283,
    1.1705975511978413,
    1.148565579077293,
    1.0587842258913764,
    1.1350346259002029,
    0.9011454931620894,
    1.309306054279722,
    0.9683319463812071,
    1.0325052614869743,
    1.1222807888326973,
    1.0394756341802662,
    1.1717588449346608,
    0.9734781980514526,
    0.8951798286931268,
    0.8882131144918245,
    0.8931575592221885,
    0.8549361835265982,
    0.923039770331876,
    0.9123458112108296,
    0.8786778110882332,
    0.8946783820102955,
    0.8712109265656307,
    0.8466102799464916,
    0.8447180662689537,
    0.8643938107737179,
    0.939028860166155,
    0.9129506323871941,
    0.8938631235525526,
    0.899727666172488,
    0.9060508331348156,
    0.8725788829655483,
    0.8846644029535097,
    0.9095948749575121,
    0.9117061362184328,
    0.8686602639740911,
    0.9141052159769781
  ],
  "val_acc": [
    2.33983286908078,
    37.57660167130919,
    26.573816155988858,
    39.65181058495822,
    47.43732590529248,
    43.06406685236769,
    58.34261838440111,
    48.27298050139276,
    53.16155988857939,
    37.17270194986072,
    43.50974930362117,
    54.79108635097493,
    43.21727019498607,
    73.32869080779945,
    55.11142061281337,
    51.36490250696379,
    59.080779944289695,
    50.571030640668525,
    65.05571030640668,
    78.34261838440112,
    72.78551532033426,
    79.67966573816156,
    50.891364902506965,
    74.58217270194986,
    58.969359331476326,
    77.38161559888579,
    76.6016713091922,
    63.41225626740947,
    48.27298050139276,
    76.74094707520891,
    53.73259052924791,
    78.3983286908078,
    71.0724233983287,
    58.5933147632312,
    74.63788300835654,
    57.36768802228412,
    74.88857938718662,
    72.31197771587743,
    68.24512534818942,
    77.7158774373259,
    77.10306406685237,
    73.77437325905292,
    64.8050139275766,
    71.90807799442896,
    69.62395543175488,
    77.10306406685237,
    80.13927576601671,
    76.44846796657382,
    78.70473537604457,
    80.65459610027855,
    77.2284122562674,
    72.56267409470752,
    75.65459610027855,
    74.19220055710306,
    79.98607242339833,
    69.70752089136491,
    78.42618384401115,
    76.78272980501393,
    77.46518105849582,
    75.83565459610028,
    70.87743732590529,
    78.67688022284122,
    80.6267409470752,
    80.11142061281338,
    79.09470752089136,
    80.47353760445682,
    79.4150417827298,
    79.28969359331477,
    80.41782729805014,
    80.37604456824512,
    80.84958217270194,
    80.77994428969359,
    81.16991643454038,
    81.18384401114206,
    79.23398328690807,
    79.76323119777159,
    79.67966573816156,
    79.84679665738162,
    79.54038997214485,
    80.06963788300835,
    80.02785515320335,
    79.54038997214485,
    79.55431754874652,
    80.71030640668523,
    79.5125348189415
  ],