{
  "train_loss": [
    2.403746724128723,
    2.0345275819301607,
    1.6879306852817535,
    1.548609185218811,
    1.43109592795372,
    1.3296239495277404,
    1.2002438962459565,
    1.1272216081619262,
    1.0685735374689103,
    1.0181466221809388,
    0.9818000614643096,
    0.9033784896135331,
    0.8504911959171295,
    0.8141333043575287,
    0.7663557440042496,
    0.7553032994270324,
    0.6814074873924255,
    0.6177822381258011,
    0.5909933999180794,
    0.6192537128925324,
    0.5336869120597839,
    0.48523528277873995,
    0.4541859418153763,
    0.46055497229099274,
    0.40150558203458786,
    0.37718186229467393,
    0.3767780169844627,
    0.36017861068248747,
    0.3440146654844284,
    0.32708337977528573,
    0.27517675906419753,
    0.24653005078434945,
    0.22345030158758164,
    0.21535452976822853,
    0.20101229324936867,
    0.17752854004502297,
    0.16940531879663467,
    0.15925142653286456,
    0.13703371584415436,
    0.11068668514490128,
    0.09256361052393913,
    0.09179551098495722,
    0.07284838035702705,
    0.06958594135940074,
    0.07209322564303874,
    0.05309208631515503,
    0.04877835065126419,
    0.04122074348852038,
    0.0382448710501194,
    0.030966309271752833,
    0.02943598576821387,
    0.027617239439859987,
    0.025138514768332242,
    0.0221131747122854,
    0.016584343905560673,
    0.01473497438710183,
    0.012337456666864454,
    0.011604651808738708,
    0.007779877306893468,
    0.008888455387204886,
    0.006035671173594892,
    0.005889900424517691,
    0.0046853779233060775,
    0.004408757784403861,
    0.004509601625613868,
    0.003641962062101811,
    0.0036066990927793086,
    0.003935124666895717,
    0.0035294695931952446,
    0.0032061396166682245,
    0.0035526466206647457,
    0.0028993204701691865,
    0.003019026556285098,
    0.002728748103254475,
    0.0021981409343425186,
    0.003531548543833196,
    0.0027968861511908473,
    0.0023231162049341947,
    0.002650132670532912,
    0.00273039901512675,
    0.0026307677500881253,
    0.0024488169641699643,
    0.002685754810227081,
    0.002881468483246863,
    0.0024816554796416312
  ],
  "train_acc": [
    11.02,
    25.54,
    36.5,
    42.72,
    46.9,
    51.52,
    56.38,
    59.16,
    61.6,
    63.68,
    64.68,
    67.86,
    68.78,
    70.92,
    72.68,
    72.94,
    76.58,
    77.78,
    78.86,
    77.36,
    80.66,
    82.38,
    84.24,
    83.04,
    85.44,
    87.0,
    86.54,
    86.94,
    87.86,
    88.28,
    90.42,
    91.32,
    92.12,
    92.7,
    93.02,
    93.86,
    94.02,
    94.6,
    95.48,
    96.54,
    97.1,
    97.22,
    97.72,
    97.78,
    97.7,
    98.12,
    98.46,
    98.92,
    98.96,
    99.2,
    99.14,
    99.4,
    99.2,
    99.34,
    99.66,
    99.7,
    99.76,
    99.84,
    99.84,
    99.84,
    99.92,
    99.94,
    99.96,
    99.96,
    99.92,
    100.0,
    100.0,
    99.92,
    99.96,
    99.96,
    100.0,
    100.0,
    100.0,
    100.0,
    100.0,
    99.98,
    100.0,
    100.0,
    99.98,
    100.0,
    99.98,
    100.0,
    100.0,
    99.94,
    100.0
  ],
  "val_loss": [
    2.356404060125351,
    1.9449801683425902,
    1.8375958323478698,
    1.8422858327627183,
    1.5743763238191604,
    1.7389958143234252,
    1.9858433693647384,
    1.6211191922426225,
    1.754805400967598,
    1.7403730422258377,
    1.8584250539541245,
    1.3952531188726425,
    1.2970061898231506,
    1.3268701493740083,
    1.6850079119205474,
    1.2976351082324982,
    1.2882552057504655,
    1.3087877929210663,
    1.3649938091635705,
    1.5029744133353233,
    1.6011827647686006,
    1.2023203134536744,
    1.3539983630180359,
    1.0374247014522553,
    1.0895726844668387,
    1.3653413385152817,
    1.2956607580184936,
    1.4316015601158143,
    2.2354175567626955,
    1.3644010320305824,
    1.2287319421768188,
    1.2167234867811203,
    1.4754632711410522,
    1.3003330036997796,
    1.2755080729722976,
    1.365463173389435,
    1.3926886826753617,
    1.267553336173296,
    1.2145329058170318,
    1.4981549292802812,
    1.3309063479304313,
    1.235503214970231,
    1.1930512968450784,
    1.3188079729676248,
    1.213013617694378,
    1.3101617380976678,
    1.241403415054083,
    1.2794399708509445,
    1.2757756590843201,
    1.2890807397663593,
    1.3263521388173103,
    1.2521023297682405,
    1.2740248396992684,
    1.293975055962801,
    1.2636600971221923,
    1.2347420059144496,
    1.2377184860408306,
    1.2515459515154361,
    1.2659482900053263,
    1.23009661026299,
    1.2248174138367176,
    1.2328647745773196,
    1.2369102839380504,
    1.2373603643849491,
    1.2350227877497673,
    1.2280398726463317,
    1.2307623855769634,
    1.2398896530270576,
    1.2381245590746404,
    1.2250742308795453,
    1.229911158233881,
    1.2361920248717069,
    1.248095867037773,
    1.2455554876476527,
    1.2437404818832873,
    1.2409386752173304,
    1.2445157213136553,
    1.2384431149810553,
    1.2411922857165336,
    1.2371464846655726,
    1.2395502295345069,
    1.2439804516732693,
    1.2414090532809496,
    1.2444130765274166,
    1.2392423747107386
  ],
  "val_acc": [
    12.1,
    24.89,
    35.31,
    40.29,
    44.28,
    44.52,
    40.74,
    49.19,
    47.9,
    48.85,
    49.2,
    56.19,
    58.72,
    59.27,
    54.61,
    60.55,
    61.67,
    61.1,
    60.65,
    59.76,
    57.23,
    64.01,
    62.67,
    68.44,
    68.22,
    63.26,
    65.93,
    62.69,
    54.61,
    65.61,
    67.17,
    68.33,
    66.76,
    68.48,
    69.72,
    66.13,
    68.55,
    71.05,
    72.05,
    68.01,
    69.59,
    73.1,
    72.71,
    72.28,
    73.23,
    72.26,
    73.32,
    73.64,
    74.48,
    74.25,
    73.83,
    74.78,
    74.19,
    74.44,
    74.71,
    75.19,
    75.45,
    75.23,
    75.17,
    75.5,
    75.78,
    75.95,
    75.99,
    75.92,
    75.88,
    76.01,
    76.0,
    75.84,
    75.83,
    76.11,
    75.92,
    75.88,
    75.97,
    76.0,
    75.96,
    76.0,
    75.9,
    75.98,
    75.99,
    75.99,
    75.99,
    76.01,
    75.92,
    75.97,
    75.97
  ],