{
  "train_loss": [
    3.8867397563798085,
    3.17167460431858,
    2.653336944628735,
    2.2412508945075835,
    1.956334716811472,
    1.7406548438023548,
    1.5867476201787287,
    1.4628054645596718,
    1.3607146533168093,
    1.2801338470712,
    1.2069247547461062,
    1.1472904961936328,
    1.093408011660284,
    1.0455795635982437,
    1.004020864258007,
    0.9676726597304247,
    0.9355404921332184,
    0.8995925279296174,
    0.8637300538165229,
    0.8274390682273981,
    0.8023131319454738,
    0.775906967873476,
    0.7492799637269001,
    0.7236590327656999,
    0.696201321117732,
    0.6757004975664372,
    0.6419086462380935,
    0.6207519833530698,
    0.5920711763355196,
    0.5832090011360694,
    0.544207152663445,
    0.5241484359210852,
    0.49705364494299403,
    0.4770991619752378,
    0.45822890042042247,
    0.43426780113760305,
    0.42325431564632726,
    0.38925017811814133,
    0.3649454240744211,
    0.35189473834268903,
    0.3114279841586035,
    0.3011869994961486,
    0.28073809485958545,
    0.2719108011497527,
    0.2395345998965964,
    0.21944703450616526,
    0.19803585420001527,
    0.184233942126133,
    0.1627177354708618,
    0.1431069371423551,
    0.1293572783090022,
    0.1108643668608702,
    0.08487277261304613,
    0.07592235222382814,
    0.05875772605555094,
    0.05106706637889147,
    0.03566492232018892,
    0.031135378438713297,
    0.024752699005018388,
    0.019625490426789134,
    0.01722347685040868,
    0.01618506562211836,
    0.014158558599384767,
    0.013740103630044935,
    0.012562786404765686,
    0.012329344150648281,
    0.01218283331563354,
    0.011136689829183933,
    0.011164093038485366,
    0.01072120037623586,
    0.010733418703573396,
    0.009975221533119222,
    0.010242775001810218,
    0.010220358345410501,
    0.009968664639686443,
    0.010038847331793941,
    0.00996161868548667,
    0.009771013416216843,
    0.009565688263415834,
    0.009643893945506033,
    0.009775816379780216,
    0.009406417622516046,
    0.009540702556069864,
    0.009410800994373858,
    0.009514413933193654
  ],
  "train_acc": [
    10.41,
    21.786,
    31.214,
    39.746,
    46.368,
    51.404,
    55.194,
    58.272,
    60.92,
    63.096,
    64.714,
    66.154,
    67.838,
    69.158,
    70.116,
    71.128,
    72.112,
    73.182,
    74.008,
    74.986,
    75.648,
    76.454,
    77.204,
    77.994,
    78.882,
    79.226,
    80.328,
    81.094,
    81.774,
    82.09,
    83.134,
    83.81,
    84.51,
    85.254,
    85.788,
    86.646,
    86.894,
    87.938,
    88.564,
    89.284,
    90.464,
    90.656,
    91.464,
    91.764,
    92.704,
    93.532,
    94.134,
    94.732,
    95.394,
    96.04,
    96.506,
    97.104,
    98.014,
    98.232,
    98.71,
    98.978,
    99.464,
    99.54,
    99.746,
    99.844,
    99.866,
    99.874,
    99.906,
    99.916,
    99.946,
    99.934,
    99.928,
    99.952,
    99.948,
    99.952,
    99.952,
    99.966,
    99.96,
    99.958,
    99.96,
    99.958,
    99.956,
    99.968,
    99.972,
    99.96,
    99.962,
    99.976,
    99.972,
    99.986,
    99.972
  ],
  "val_loss": [
    3.703590601682663,
    2.869431221485138,
    2.6713292062282563,
    2.3270741999149323,
    2.121199828386307,
    1.8859762996435165,
    1.8938895910978317,
    1.71888125538826,
    1.7209433376789094,
    1.784226980805397,
    1.6446865558624268,
    1.6212975054979324,
    1.5404959350824357,
    1.707039225101471,
    1.5984827667474746,
    1.5544754654169082,
    1.4906358122825623,
    1.458089679479599,
    1.6778361439704894,
    1.4718546763062477,
    1.5880510687828064,
    1.5441320061683654,
    1.6458186209201813,
    1.5996797621250152,
    1.5045747220516206,
    1.5743266135454177,
    1.4103805333375932,
    1.4926731377840041,
    1.728455600142479,
    1.4904511898756028,
    1.635013860464096,
    1.5988436043262482,
    1.4926086872816087,
    1.5109277099370957,
    1.5235973000526428,
    1.453417745232582,
    1.5674661725759507,
    1.5717363148927688,
    1.439896360039711,
    1.4591005474328995,
    1.5045378267765046,
    1.4172303795814514,
    1.4104404687881469,
    1.2699192762374878,
    1.3430394172668456,
    1.3243972778320312,
    1.3769928723573686,
    1.4895163536071778,
    1.290340119600296,
    1.3479412645101547,
    1.238642191886902,
    1.227278156578541,
    1.1642610490322114,
    1.1418041080236434,
    1.1318002671003342,
    1.099396489560604,
    1.0772854149341584,
    1.0458515763282776,
    1.03365049213171,
    1.0139727145433426,
    0.9885309249162674,
    0.9896898999810219,
    0.9739643141627312,
    0.9617268532514572,
    0.9508066833019256,
    0.9392057001590729,
    0.9410242274403572,
    0.9304383650422097,
    0.9279987946152687,
    0.9298093006014824,
    0.9240436241030693,
    0.9240581437945365,
    0.9240703865885734,
    0.9221970051527023,
    0.9197526127099991,
    0.9190127775073051,
    0.9174190387129784,
    0.9205578297376633,
    0.9201084613800049,
    0.9182297587394714,
    0.919146254658699,
    0.91892941147089,
    0.9190437972545624,
    0.9184033572673798,
    0.9169715061783791
  ],
  "val_acc": [
    13.74,
    27.7,
    32.24,
    39.06,
    43.99,
    48.38,
    49.41,
    52.16,
    52.98,
    52.12,
    55.25,
    56.22,
    57.49,
    54.36,
    57.57,
    58.37,
    60.39,
    60.7,
    56.45,
    61.31,
    59.05,
    60.78,
    58.94,
    59.61,
    60.79,
    60.34,
    63.34,
    60.59,
    58.53,
    62.01,
    59.63,
    62.09,
    63.88,
    62.07,
    63.0,
    63.88,
    62.28,
    62.16,
    65.34,
    65.75,
    64.11,
    66.37,
    65.77,
    68.11,
    67.42,
    67.83,
    67.86,
    65.96,
    69.02,
    68.28,
    70.54,
    71.09,
    71.86,
    72.12,
    72.49,
    73.44,
    73.62,
    74.09,
    74.67,
    74.98,
    75.69,
    75.4,
    76.08,
    76.22,
    76.27,
    76.49,
    76.28,
    76.46,
    76.53,
    76.67,
    76.75,
    76.5,
    76.73,
    76.82,
    76.79,
    76.86,
    76.88,
    76.8,
    76.75,
    76.8,
    76.82,
    76.62,
    76.74,
    76.69,
    76.74
  ],