{
  "train_loss": [
    2.415553569793701,
    2.4599108695983887,
    2.04030179977417,
    1.906027615070343,
    1.846890926361084,
    1.673866868019104,
    1.6185384392738342,
    1.4749992489814758,
    1.3708139657974243,
    1.314988136291504,
    1.2165791988372803,
    1.0857160687446594,
    1.0190213918685913,
    0.9173301458358765,
    0.8416391909122467,
    0.7468774020671844,
    0.7496171295642853,
    0.7028461694717407,
    0.5743618905544281,
    0.5106038153171539,
    0.5361422002315521,
    0.47066253423690796,
    0.4339077025651932,
    0.3180537223815918,
    0.3805430382490158,
    0.3110789507627487,
    0.2371012195944786,
    0.21775780618190765,
    0.18649335950613022,
    0.17243296653032303,
    0.2505453824996948,
    0.1297198012471199,
    0.21228399127721786,
    0.1323801353573799,
    0.13715477660298347,
    0.10009187832474709,
    0.10950829088687897,
    0.09056616574525833,
    0.13050679862499237,
    0.06006094999611378,
    0.1027256641536951,
    0.1087106317281723,
    0.07109433226287365,
    0.08118189498782158,
    0.035679059103131294,
    0.03293360210955143,
    0.035182456485927105,
    0.03629519138485193,
    0.027476893737912178,
    0.02897695917636156,
    0.019592775963246822,
    0.018773294985294342,
    0.019801197573542595,
    0.014213625341653824,
    0.023264337796717882,
    0.014793062582612038,
    0.012747526168823242,
    0.0164195760153234,
    0.008517998037859797,
    0.00861220434308052,
    0.007460346911102533,
    0.008120964746922255,
    0.010408020578324795,
    0.00662297778762877,
    0.007170388009399176,
    0.008579853689298034,
    0.0067440359853208065,
    0.00473210378549993,
    0.006076848600059748,
    0.005367140052840114,
    0.004394598538056016,
    0.004867564421147108,
    0.004507405450567603,
    0.005022156052291393,
    0.005008157342672348,
    0.0038960319943726063,
    0.0056972994934767485,
    0.004478047834709287,
    0.004435405717231333,
    0.00532320118509233,
    0.005746342008933425,
    0.004782297415658832,
    0.004907120484858751,
    0.004589323420077562,
    0.004825640935450792
  ],
  "train_acc": [
    10.6,
    13.8,
    27.6,
    33.0,
    34.0,
    35.2,
    38.4,
    44.0,
    51.2,
    52.6,
    56.4,
    60.2,
    60.2,
    66.6,
    70.6,
    72.2,
    72.2,
    75.4,
    80.0,
    81.2,
    82.2,
    83.4,
    83.4,
    89.8,
    88.6,
    89.6,
    93.8,
    95.0,
    94.6,
    94.6,
    92.0,
    97.0,
    93.0,
    96.6,
    96.2,
    97.4,
    97.2,
    97.6,
    96.6,
    98.4,
    97.2,
    96.6,
    98.6,
    97.8,
    99.8,
    100.0,
    99.4,
    99.0,
    99.8,
    99.6,
    100.0,
    100.0,
    99.6,
    100.0,
    99.6,
    99.8,
    99.6,
    99.6,
    100.0,
    100.0,
    100.0,
    100.0,
    100.0,
    100.0,
    100.0,
    99.8,
    100.0,
    100.0,
    100.0,
    100.0,
    100.0,
    100.0,
    100.0,
    100.0,
    100.0,
    100.0,
    100.0,
    100.0,
    100.0,
    100.0,
    100.0,
    100.0,
    100.0,
    100.0,
    100.0
  ],
  "val_loss": [
    2.3774602234363558,
    2.391147404909134,
    2.5070116817951202,
    3.374473422765732,
    2.8502064287662505,
    2.4578456342220307,
    4.401096934080124,
    3.619870263338089,
    3.271584039926529,
    3.526582419872284,
    3.6235687136650085,
    3.251508754491806,
    2.892766374349594,
    2.6814990997314454,
    3.1165607988834383,
    3.7366819024085998,
    2.8250344812870027,
    3.0870298206806184,
    2.575942426919937,
    2.871725606918335,
    2.9976485431194306,
    2.975783181190491,
    2.5653825402259827,
    2.782629042863846,
    3.1121393024921415,
    3.3703510224819184,
    3.2197545766830444,
    2.942975199222565,
    3.3509608268737794,
    3.217206186056137,
    3.19706706404686,
    3.6269149601459505,
    3.347545701265335,
    3.2469358921051024,
    3.1382537305355074,
    3.1952200412750242,
    3.1279617667198183,
    3.2021564483642577,
    3.210744720697403,
    3.4812823057174684,
    3.5265289306640626,
    3.1634439527988434,
    3.0710063219070434,
    3.1496886193752287,
    3.2063874125480654,
    3.253885877132416,
    3.2821963310241697,
    3.3213259994983675,
    3.3238522708415985,
    3.2924853563308716,
    3.263283097743988,
    3.2518163442611696,
    3.278855335712433,
    3.2839297533035277,
    3.2422965586185457,
    3.2382898211479185,
    3.267951798439026,
    3.2620546162128448,
    3.219041812419891,
    3.18741238117218,
    3.1701693415641783,
    3.158932638168335,
    3.1437542140483856,
    3.1324728608131407,
    3.1199637770652773,
    3.1065675616264343,
    3.0993312776088713,
    3.0988573253154756,
    3.099317455291748,
    3.0995379865169523,
    3.101302707195282,
    3.102798563241959,
    3.1068826854228973,
    3.111053377389908,
    3.1160173237323763,
    3.115729331970215,
    3.118637752532959,
    3.118998461961746,
    3.1193929612636566,
    3.118147921562195,
    3.1201170682907104,
    3.123321670293808,
    3.1242899775505064,
    3.123397159576416,
    3.123106229305267
  ],
  "val_acc": [
    9.11,
    15.16,
    15.08,
    16.8,
    20.15,
    25.18,
    20.7,
    18.5,
    21.55,
    25.3,
    26.26,
    25.18,
    27.1,
    32.02,
    30.03,
    30.89,
    35.67,
    34.83,
    38.36,
    37.11,
    36.06,
    34.08,
    40.18,
    39.13,
    37.74,
    36.64,
    37.92,
    39.19,
    37.92,
    39.46,
    37.9,
    35.56,
    40.0,
    41.06,
    41.07,
    40.21,
    41.14,
    39.03,
    40.32,
    40.4,
    40.7,
    42.09,
    42.17,
    41.84,
    41.84,
    41.82,
    41.69,
    41.5,
    41.46,
    41.52,
    41.66,
    41.89,
    41.74,
    41.64,
    41.94,
    42.3,
    42.03,
    41.91,
    42.12,
    42.4,
    42.59,
    42.69,
    42.88,
    43.0,
    43.12,
    43.3,
    43.5,
    43.52,
    43.68,
    43.73,
    43.84,
    43.84,
    43.85,
    43.86,
    43.84,
    43.78,
    43.83,
    43.85,
    43.8,
    43.79,
    43.83,
    43.81,
    43.81,
    43.8,
    43.81
  ],