{
  "train_loss": [
    1.2750403444198044,
    0.8350852822715585,
    0.5873661696572196,
    0.4628520304845138,
    0.3804100990634073,
    0.30960732901638205,
    0.3079915926368399,
    0.23990175940773703,
    0.21367470318959517,
    0.18949965853244066,
    0.17945391024378213,
    0.15143574998629364,
    0.13370208298279482,
    0.11913684344935146,
    0.12104366641406986,
    0.10330501258034598,
    0.1082214210817421,
    0.08822258991527963,
    0.07620508565609767,
    0.07895473657514561,
    0.06338311401619152,
    0.06309053769589147,
    0.0641977725635198,
    0.05214289951519194,
    0.053705929228189314,
    0.04360625452086837,
    0.04544945841189474,
    0.04651469185376878,
    0.04848240699026395,
    0.038105630987874145,
    0.029374248697422445,
    0.02969519146030176,
    0.036136416501407934,
    0.037149970075750556,
    0.033031974837120455,
    0.0345999595830852,
    0.023317146857152693,
    0.012306334854325873,
    0.023187473658419385,
    0.021545110442358153,
    0.020131341845791958,
    0.011442971708178944,
    0.01581612378438215,
    0.010136399705185217,
    0.014391641211907634,
    0.015806112529720518,
    0.013567834730069577,
    0.024018187578555873,
    0.015331634940759448,
    0.004929646279131041,
    0.0021581472964581653,
    0.0016660525589858562,
    0.00133336449586998,
    0.0013661661449243018,
    0.0014375176512906116,
    0.001401319637807319,
    0.001362060502618657,
    0.001507066614232661,
    0.0014155780600875996,
    0.0013633589845663994,
    0.001304280184823173,
    0.0013659699523652141,
    0.001300436815323668,
    0.001450488399396735,
    0.0012138933085556016,
    0.0013863382138714026,
    0.0011714539703627286,
    0.0011705520780444865,
    0.0015624756349345923,
    0.0012200686390067197,
    0.0012146805301282175,
    0.0011678292595950718,
    0.0011648634522729976,
    0.0011475273845876059,
    0.0011055250351174354,
    0.001090826217312662,
    0.0011039449669955172,
    0.0011563218080978418,
    0.0011405357168273026,
    0.0011250108248284298,
    0.001076891588044501,
    0.0011110262474341487,
    0.001103011158358475,
    0.0010678714028141587,
    0.0011085527955649675
  ],
  "train_acc": [
    58.0,
    69.13333333333334,
    78.20222222222222,
    83.35111111111111,
    86.1288888888889,
    88.77555555555556,
    88.64444444444445,
    91.39777777777778,
    92.43333333333334,
    93.23333333333333,
    93.70444444444445,
    94.69777777777777,
    95.31333333333333,
    95.91777777777777,
    95.67777777777778,
    96.41333333333333,
    96.1511111111111,
    97.00444444444445,
    97.46222222222222,
    97.33777777777777,
    97.87777777777778,
    97.87333333333333,
    97.83111111111111,
    98.28444444444445,
    98.19333333333333,
    98.55111111111111,
    98.52444444444444,
    98.48444444444445,
    98.36,
    98.77555555555556,
    99.07777777777778,
    99.04888888888888,
    98.81777777777778,
    98.7688888888889,
    98.96888888888888,
    98.9088888888889,
    99.30222222222223,
    99.66666666666667,
    99.3,
    99.30444444444444,
    99.43333333333334,
    99.70666666666666,
    99.54888888888888,
    99.7311111111111,
    99.60444444444444,
    99.53777777777778,
    99.61111111111111,
    99.28666666666666,
    99.55777777777777,
    99.90222222222222,
    99.97777777777777,
    99.97777777777777,
    99.99333333333334,
    99.98666666666666,
    99.99333333333334,
    99.99333333333334,
    99.99111111111111,
    99.99111111111111,
    99.99333333333334,
    99.99333333333334,
    99.99333333333334,
    99.99333333333334,
    99.99111111111111,
    99.9888888888889,
    100.0,
    99.99333333333334,
    99.99777777777778,
    99.99555555555555,
    99.98666666666666,
    99.99555555555555,
    99.99555555555555,
    99.99777777777778,
    99.99777777777778,
    100.0,
    100.0,
    100.0,
    100.0,
    99.99777777777778,
    99.99777777777778,
    100.0,
    100.0,
    100.0,
    100.0,
    100.0,
    100.0
  ],
  "val_loss": [
    1.1750481478099166,
    0.8656038395289717,
    1.5858360282306014,
    1.0584205758982692,
    0.8819344187604969,
    1.1601742711560479,
    1.1339788724636208,
    2.271368548787873,
    1.4854640282433609,
    1.0505954849308934,
    1.7418492539175625,
    0.6901128857300199,
    1.8601021643342643,
    0.709652670498552,
    0.7047437491088078,
    3.182182484659655,
    0.7025667737270224,
    0.8536615906090572,
    1.5320641418983196,
    0.9331449904832346,
    2.8913185884212624,
    1.8691163104155968,
    1.456644662495317,
    0.8898564027301197,
    1.3357708865198596,
    1.631135656915862,
    0.9585769423123064,
    0.888508141040802,
    0.8168311807616003,
    0.6806138342824476,
    0.5636162994236782,
    1.8780011555244183,
    0.8944901330717678,
    1.399010419845581,
    2.002577514484011,
    0.7753466984321331,
    0.693707038616312,
    1.2468478946850217,
    1.1797779243567894,
    0.6491751264909218,
    0.7846167642494728,
    1.6691562759465184,
    0.4230144877500575,
    0.5874271063969053,
    0.861540738878579,
    1.010655051675336,
    0.6670142597165601,
    0.9700987770639616,
    0.6303725910597834,
    0.6028493996067293,
    0.52956062414009,
    0.5362911676538402,
    0.5270382708002781,
    0.4918175444392295,
    0.5714478330879376,
    0.5107838645063597,
    0.4956811472516635,
    0.512304443223723,
    0.4959335380458626,
    0.5188970179136457,
    0.5585799797855574,
    0.4955792935757801,
    0.5214713786182732,
    0.6043743866270986,
    0.49060473764507934,
    0.49045622759851915,
    0.5098435815166811,
    0.4666147937291655,
    0.574868773848846,
    0.491174402229231,
    0.4965911678456027,
    0.4946439465315178,
    0.47597043563065855,
    0.5142459997843052,
    0.5079111044519934,
    0.4979657565468344,
    0.4999939157017346,
    0.4759115098879255,
    0.49942158059827213,
    0.5016463142016838,
    0.49777586334224405,
    0.4779621439761129,
    0.4747434930297835,
    0.48455365721521704,
    0.4948130758671925
  ],