{
  "train_loss": [
    4.727929711341858,
    4.408788561820984,
    4.0506617546081545,
    3.8065462946891784,
    3.666638720035553,
    3.5241644024848937,
    3.361388897895813,
    3.1686702013015746,
    3.0214879870414735,
    2.8465723395347595,
    2.736904501914978,
    2.5859708428382873,
    2.4448072791099547,
    2.318792426586151,
    2.1655212879180907,
    2.023676425218582,
    1.9205156087875366,
    1.7735823273658753,
    1.5996921360492706,
    1.5470364212989807,
    1.3958554983139038,
    1.2587713062763215,
    1.1301547288894653,
    1.0368392795324326,
    0.8923168301582336,
    0.8113240778446198,
    0.702138802409172,
    0.5683221817016602,
    0.4728957459330559,
    0.3989850446581841,
    0.3690816819667816,
    0.2984604999423027,
    0.2581354886293411,
    0.2208831250667572,
    0.17394619956612586,
    0.1350202180445194,
    0.12037996053695679,
    0.0883521530777216,
    0.06890301797538996,
    0.054848076030611995,
    0.04566042684018612,
    0.03891625963151455,
    0.03035817891359329,
    0.027438963390886785,
    0.022511188220232726,
    0.019149674894288184,
    0.01706141009926796,
    0.015179682383313775,
    0.013992267567664385,
    0.01350435740314424,
    0.012930299155414104,
    0.01080021751113236,
    0.010762474685907363,
    0.00949748435523361,
    0.008702189568430186,
    0.008665213361382484,
    0.008057172154076397,
    0.007569890050217509,
    0.007445045188069344,
    0.007245127554051578,
    0.007489054766483605,
    0.006984227825887502,
    0.006927393097430468,
    0.0063798811985179785,
    0.006584173534065485,
    0.006391298002563417,
    0.006053844839334488,
    0.005990447662770748,
    0.006554720969870686,
    0.006194614991545677,
    0.005852619279175996,
    0.00583037524484098,
    0.005890529789030552,
    0.0056189345894381406,
    0.005591045878827572,
    0.0057941275415942075,
    0.005658121546730399,
    0.005547996982932091,
    0.005493365554139018,
    0.005554479756392538,
    0.005440775281749665,
    0.005528333433903754,
    0.005644056410528719,
    0.005193190253339708,
    0.005676050088368356
  ],
  "train_acc": [
    0.78,
    3.74,
    7.66,
    11.14,
    12.78,
    14.58,
    16.94,
    21.52,
    23.44,
    26.84,
    28.52,
    31.8,
    34.76,
    38.24,
    41.02,
    44.34,
    46.98,
    50.6,
    54.96,
    55.92,
    60.1,
    63.98,
    67.9,
    70.96,
    75.28,
    77.18,
    80.94,
    85.06,
    88.54,
    91.16,
    91.5,
    93.76,
    94.56,
    95.58,
    97.1,
    97.82,
    98.22,
    98.96,
    99.32,
    99.62,
    99.6,
    99.62,
    99.92,
    99.94,
    99.94,
    99.94,
    100.0,
    99.98,
    99.94,
    99.96,
    99.98,
    100.0,
    99.98,
    100.0,
    100.0,
    100.0,
    100.0,
    100.0,
    100.0,
    99.98,
    100.0,
    100.0,
    100.0,
    100.0,
    100.0,
    100.0,
    100.0,
    100.0,
    100.0,
    100.0,
    100.0,
    100.0,
    100.0,
    100.0,
    100.0,
    100.0,
    100.0,
    100.0,
    100.0,
    100.0,
    100.0,
    100.0,
    100.0,
    100.0,
    99.98
  ],
  "val_loss": [
    4.671074652671814,
    4.409716272354126,
    4.232565903663636,
    4.069986271858215,
    4.206132596731186,
    4.045366787910462,
    3.726149094104767,
    3.5775659799575807,
    3.5793251991271973,
    3.616993397474289,
    3.4943569123744966,
    3.3976507484912872,
    3.408067154884338,
    3.4009467482566835,
    3.2750741124153135,
    3.4430317282676697,
    3.298630106449127,
    3.356206101179123,
    3.5486467719078063,
    3.685724985599518,
    3.4694872379302977,
    3.541428178548813,
    3.5253636956214907,
    3.559190547466278,
    3.5847847938537596,
    3.693217146396637,
    3.5104309916496277,
    3.5162374913692473,
    3.49765722155571,
    3.78985595703125,
    3.753390055894852,
    3.805623561143875,
    3.6959699928760528,
    3.6838957488536836,
    3.740446901321411,
    3.7638486087322236,
    3.7788246512413024,
    3.7364115953445434,
    3.7265394747257234,
    3.7516368687152863,
    3.826861393451691,
    3.822421544790268,
    3.8047050833702087,
    3.776732987165451,
    3.782841670513153,
    3.749704545736313,
    3.781756591796875,
    3.7922868549823763,
    3.7639903008937834,
    3.816514700651169,
    3.813227432966232,
    3.8097900390625,
    3.8193450272083282,
    3.8074955701828004,
    3.820986896753311,
    3.829512244462967,
    3.8321844160556795,
    3.828910583257675,
    3.8209751904010774,
    3.8258982837200164,
    3.8366966247558594,
    3.8437880098819734,
    3.849621391296387,
    3.8489181816577913,
    3.8517443537712097,
    3.8495101273059844,
    3.8574439764022825,
    3.8503884196281435,
    3.852587640285492,
    3.861912715435028,
    3.858749258518219,
    3.862765723466873,
    3.858634424209595,
    3.858860617876053,
    3.859038549661636,
    3.8598838806152345,
    3.865213704109192,
    3.8609719812870025,
    3.855480062961578,
    3.8595633268356324,
    3.853760802745819,
    3.8627950072288515,
    3.864266872406006,
    3.8635903179645537,
    3.8614662170410154
  ],
  "val_acc": [
    0.84,
    4.59,
    6.98,
    9.19,
    8.65,
    10.18,
    14.89,
    16.0,
    16.83,
    16.77,
    20.34,
    21.18,
    21.66,
    21.97,
    24.58,
    22.8,
    25.59,
    26.2,
    23.96,
    24.39,
    25.84,
    25.49,
    26.39,
    27.85,
    27.54,
    26.56,
    29.45,
    30.0,
    30.01,
    29.29,
    29.69,
    28.64,
    31.25,
    31.29,
    31.14,
    31.68,
    32.01,
    33.12,
    32.55,
    33.14,
    33.38,
    32.92,
    33.56,
    34.17,
    34.04,
    34.56,
    34.15,
    34.26,
    34.25,
    34.87,
    34.17,
    34.48,
    34.73,
    34.58,
    34.8,
    34.7,
    34.69,
    34.63,
    34.65,
    34.72,
    34.81,
    34.85,
    34.61,
    34.76,
    34.96,
    34.94,
    34.89,
    34.97,
    34.96,
    34.85,
    34.77,
    34.76,
    34.94,
    35.05,
    34.93,
    34.92,
    35.04,
    34.92,
    34.94,
    35.02,
    34.97,
    35.05,
    34.92,
    35.02,
    34.98
  ],