{
  "train_loss": [
    4.730184260679751,
    3.991753949194538,
    3.3947347828320096,
    2.970482293440371,
    2.5952189576869107,
    2.29491895802167,
    2.0478496934686388,
    1.853600193651355,
    1.6936329341664607,
    1.582349299776311,
    1.4857579536583958,
    1.3547034275775054,
    1.2619984910196187,
    1.1919205407707059,
    1.1423837013390599,
    1.0836320701910525,
    1.0565884751932961,
    1.0160695396515789,
    0.9682097766472368,
    0.9393871888822439,
    0.9046282923343231,
    0.8786051948459781,
    0.8411571204054112,
    0.8286240471869099,
    0.8040738364263457,
    0.7760538017871429,
    0.7487786211529557,
    0.7166668392565786,
    0.703232006150849,
    0.683481785107632,
    0.6626289094589195,
    0.6344239386368771,
    0.5993662160270068,
    0.5823831330148541,
    0.5603711602030969,
    0.5462381491551593,
    0.525095241714497,
    0.4900454373992219,
    0.4913263047228054,
    0.4441949755561595,
    0.42657257069130333,
    0.4148333646661165,
    0.37527377553740326,
    0.3591302334502035,
    0.3427697162390972,
    0.3086221379284956,
    0.29688076667335567,
    0.2689812771063678,
    0.24999587595158693,
    0.2311325228335906,
    0.1959085436347796,
    0.17514387837478093,
    0.1572106489341478,
    0.14784139455581197,
    0.12028806679406945,
    0.10031483373699748,
    0.0800541666317351,
    0.06198214813686755,
    0.04784914243928328,
    0.03998313838501974,
    0.03500685107190998,
    0.02542388250538129,
    0.02032192252405292,
    0.019088402114884585,
    0.016080118174075474,
    0.013453902543655463,
    0.012625125959059414,
    0.011888153646711488,
    0.01166721876016913,
    0.01100384395769132,
    0.011028885805732285,
    0.00995593645600412,
    0.01033227770750848,
    0.010088613677332749,
    0.009830445386184265,
    0.009702958888849434,
    0.009780232799334489,
    0.009350873731855988,
    0.009182958215075945,
    0.00927546355702287,
    0.009495226307582033,
    0.009150697255735191,
    0.009223021505096433,
    0.009014708130164263,
    0.009200636656213628
  ],
  "train_acc": [
    0.908,
    9.142,
    18.04,
    25.344,
    32.96,
    38.856,
    44.602,
    48.97,
    52.784,
    55.536,
    57.672,
    61.042,
    63.386,
    65.244,
    66.648,
    68.224,
    68.806,
    69.912,
    70.976,
    72.012,
    72.934,
    73.562,
    74.738,
    74.942,
    75.862,
    76.46,
    77.254,
    78.282,
    78.578,
    79.036,
    79.538,
    80.614,
    81.558,
    81.95,
    82.62,
    82.91,
    83.906,
    84.774,
    84.746,
    86.106,
    86.738,
    87.016,
    88.27,
    88.776,
    89.326,
    90.454,
    90.69,
    91.718,
    92.346,
    93.108,
    94.31,
    94.926,
    95.558,
    95.796,
    96.754,
    97.464,
    98.04,
    98.61,
    99.064,
    99.272,
    99.464,
    99.664,
    99.794,
    99.812,
    99.866,
    99.914,
    99.928,
    99.922,
    99.928,
    99.948,
    99.942,
    99.964,
    99.952,
    99.958,
    99.952,
    99.96,
    99.966,
    99.964,
    99.976,
    99.964,
    99.958,
    99.974,
    99.976,
    99.988,
    99.97
  ],
  "val_loss": [
    4.708698141574859,
    3.641446793079376,
    3.908187049627304,
    2.867141771316528,
    2.95101238489151,
    2.566955679655075,
    2.526344949007034,
    2.4105733215808867,
    2.2697831749916078,
    2.398459404706955,
    1.8830330848693848,
    1.7600195705890656,
    1.8276489228010178,
    1.7273099303245545,
    1.6552453130483626,
    1.6651743352413177,
    1.6285290479660035,
    1.5397398561239242,
    1.652585032582283,
    1.5964644640684127,
    1.594109094142914,
    1.97071513235569,
    1.6176177710294724,
    1.569259250164032,
    1.6249142915010453,
    1.5460163176059722,
    1.6500422775745391,
    1.5497012257575988,
    1.5896867156028747,
    1.8823888570070266,
    1.5826171547174455,
    1.5668921500444413,
    1.539442202448845,
    1.7125730961561203,
    1.5923433512449265,
    1.5325350970029832,
    1.5255753874778748,
    1.5618634819984436,
    1.5168438613414765,
    1.4989904016256332,
    1.467421716451645,
    1.4231937259435654,
    1.6107828170061111,
    1.6684421002864838,
    1.5416218638420105,
    1.4468546271324159,
    1.4726712942123412,
    1.474874848127365,
    1.4845639228820802,
    1.4387446135282516,
    1.362079095840454,
    1.2596887469291687,
    1.4053702294826507,
    1.2874291300773621,
    1.3018345728516578,
    1.2448704928159713,
    1.2339374423027039,
    1.1315852835774423,
    1.1428557574748992,
    1.0998146295547486,
    1.0663164228200912,
    1.0612532511353492,
    1.0496358081698418,
    1.02390104085207,
    1.010635407269001,
    0.9919860929250717,
    0.9874338135123253,
    0.9828504711389542,
    0.9675687789916992,
    0.9692137941718102,
    0.9629278242588043,
    0.9592020317912102,
    0.9586603447794915,
    0.9522875308990478,
    0.9492438927292823,
    0.9491736799478531,
    0.9485629856586456,
    0.9512107074260712,
    0.9483480677008629,
    0.9478066489100456,
    0.9485557556152344,
    0.9468389645218849,
    0.9480560690164566,
    0.9477378129959106,
    0.9465599849820137
  ],
  "val_acc": [
    0.91,
    13.67,
    15.93,
    30.2,
    29.53,
    37.46,
    37.99,
    38.99,
    43.8,
    42.03,
    50.01,
    52.31,
    52.06,
    53.99,
    56.67,
    55.82,
    55.93,
    58.59,
    56.62,
    58.71,
    58.3,
    52.36,
    58.16,
    59.14,
    57.68,
    59.96,
    58.49,
    59.96,
    59.92,
    56.55,
    59.85,
    59.92,
    62.14,
    58.93,
    61.12,
    61.82,
    62.66,
    62.15,
    62.94,
    63.42,
    64.13,
    65.04,
    63.58,
    60.85,
    63.27,
    66.04,
    64.66,
    66.05,
    65.57,
    66.55,
    68.8,
    70.25,
    67.59,
    68.91,
    69.95,
    71.16,
    71.39,
    73.31,
    73.26,
    73.58,
    74.58,
    74.54,
    74.87,
    74.85,
    75.44,
    75.81,
    75.92,
    75.66,
    76.0,
    76.26,
    76.44,
    76.54,
    76.28,
    76.65,
    76.45,
    76.75,
    76.63,
    76.61,
    76.68,
    76.59,
    76.5,
    76.56,
    76.42,
    76.56,
    76.67
  ],