{
  "train_loss": [
    2.4107118248939514,
    10.049837797880173,
    4.567395269870758,
    2.8827658891677856,
    2.5379442870616913
  ],
  "train_acc": [
    11.5,
    11.8,
    10.7,
    12.0,
    7.5
  ],
  "val_loss": [
    2.3263850604431537,
    12101512.689873418,
    4599.906583761867,
    29.826607836952693,
    3.482153786888605
  ],
  "val_acc": [
    11.97,
    10.0,
    11.32,
    10.13,
    11.96
  ],
  "learning_rate": [
    0.0,
    0.1,
    0.08535533905932738,
    0.05,
    0.014644660940672627
  ],
  "epoch": [
    0,
    1,
    2,
    3,
    4
  ]
}