{
  "train_loss": [
    2.308552715513441,
    2.3863712747891745,
    1.0470236010021634,
    1.162010477648841,
    1.098157909181383,
    0.9298371275266012,
    0.762140174706777,
    0.7363404366705153,
    0.6919829547405243,
    0.5927862922350565,
    0.5440631575054593,
    0.5706579486529032,
    0.4905218796597587,
    0.45191629727681476,
    0.42447849611441296,
    0.34538838929600185,
    0.30693385501702625,
    0.2741437835825814,
    0.27400802241431343,
    0.2719569843676355,
    0.23430667403671476,
    0.2458956183658706,
    0.14055772249897322,
    0.09600334966348277,
    0.07076004002657202,
    0.07173510206242402,
    0.04616242228075862,
    0.04589746333658695,
    0.0457362596773439,
    0.05934739702691635,
    0.06762277417712742,
    0.021261654225074582,
    0.00983065739274025,
    0.006387066393573251,
    0.005642330969244035,
    0.0030272450918952623,
    0.005665429366571415,
    0.010263023070163198,
    0.004965484944275684,
    0.0033749395742132845,
    0.0017155929462104621,
    0.000483469419931579,
    0.0005769898489234038,
    0.0003619125915671854,
    0.0007241735260726677,
    0.0005250760150374845,
    0.00030306139443483617,
    0.00023693666298640892,
    0.0002855164202628657,
    0.00024137976005375903,
    0.00032710724756018154,
    0.00033855260860744037,
    0.00021515266335983243,
    0.0005282945987548576,
    0.00030235337019096024,
    0.0006634694461051064,
    0.0008492656820130327,
    0.00022826186371579146,
    0.00022034209299211702,
    0.00022419601130726127,
    0.0002438855663058348,
    0.0002558812686604344,
    0.00022515489844307821,
    0.0003248585841599076,
    0.0002225729751646415,
    0.0002248339369543828,
    0.000379211923346803,
    0.00019356254617580108,
    0.00021269570182388028,
    0.00026063183476152417,
    0.00028340347368308966,
    0.00021370583514605337,
    0.00019436506004745347,
    0.0002335171791653718,
    0.000203658384432654,
    0.00026659429891474754,
    0.0002227633449365385,
    0.00018720561234254597,
    0.00038734698076344404,
    0.00023617511437300386,
    0.0002981331332800134,
    0.000204930805112882,
    0.0002119378109960558,
    0.00023369114407816797,
    0.0003330548707809713
  ],
  "train_acc": [
    8.28888888888889,
    36.4,
    60.733333333333334,
    62.6,
    59.733333333333334,
    64.31111111111112,
    70.37777777777778,
    72.4888888888889,
    74.4,
    78.0,
    80.17777777777778,
    79.5111111111111,
    81.84444444444445,
    82.97777777777777,
    83.75555555555556,
    86.88888888888889,
    88.71111111111111,
    89.75555555555556,
    90.37777777777778,
    90.68888888888888,
    92.08888888888889,
    91.37777777777778,
    95.22222222222223,
    96.66666666666667,
    97.66666666666667,
    97.55555555555556,
    98.46666666666667,
    98.46666666666667,
    98.57777777777778,
    98.33333333333333,
    97.55555555555556,
    99.46666666666667,
    99.68888888888888,
    99.77777777777777,
    99.8,
    99.93333333333334,
    99.77777777777777,
    99.68888888888888,
    99.88888888888889,
    99.93333333333334,
    99.97777777777777,
    100.0,
    100.0,
    100.0,
    99.97777777777777,
    100.0,
    100.0,
    100.0,
    100.0,
    100.0,
    100.0,
    100.0,
    100.0,
    100.0,
    100.0,
    99.97777777777777,
    100.0,
    100.0,
    100.0,
    100.0,
    100.0,
    100.0,
    100.0,
    100.0,
    100.0,
    100.0,
    100.0,
    100.0,
    100.0,
    100.0,
    100.0,
    100.0,
    100.0,
    100.0,
    100.0,
    100.0,
    100.0,
    100.0,
    100.0,
    100.0,
    100.0,
    100.0,
    100.0,
    100.0,
    100.0
  ],
  "val_loss": [
    2.2154132744361617,
    4.505821622651199,
    6.247521893731479,
    9.263770267881196,
    4.913030735377608,
    3.3567459090002654,
    4.211836617568443,
    6.731093279246626,
    6.328819681858194,
    4.073548896559354,
    4.886154476938577,
    2.999064731186834,
    0.884855958922156,
    2.425716761885018,
    4.490837023175996,
    1.6642807907071606,
    3.753378921541674,
    3.4673569860129523,
    5.166780956860246,
    4.895946478021556,
    5.5497905303692,
    2.468492836787783,
    1.1074985245178486,
    5.086813671835538,
    3.2201204875419878,
    4.457264953646167,
    3.988551174772197,
    4.25184952390605,
    4.103657023660068,
    3.7845349394041916,
    4.404422657243137,
    2.306712479426943,
    2.5309471467445634,
    2.6295461408023177,
    2.480473575920894,
    2.579807127344197,
    2.8755476187015403,
    2.804907326040597,
    2.6696510849327875,
    2.3299569549231696,
    2.1235551053080064,
    2.2224963327934004,
    2.1553816343175956,
    2.0019760584009103,
    2.4960203335202973,
    1.9953647235344196,
    1.9215800597749908,
    1.9530505106366913,
    1.9251918258338139,
    1.9301615172419055,
    1.8904570587750138,
    1.847515728966943,
    1.8518420889459808,
    1.9467920475992664,
    1.9069382240032327,
    1.8326932232955406,
    1.8544622022530128,
    1.7975954351754024,
    1.8214972820775261,
    1.8021762371063232,
    1.8141736717059695,
    1.769300401210785,
    1.7607359146249706,
    1.7616852501343037,
    1.7601435348905365,
    1.739047909605092,
    1.7485618200795403,
    1.7475930616773407,
    1.7331207332939937,
    1.767446785137571,
    1.7582890740756332,
    1.7431231490496932,
    1.7233455201675152,
    1.7266523796936561,
    1.717503699763068,
    1.70691703927928,
    1.7300399377428253,
    1.739750588762349,
    1.7427407975854545,
    1.7211924565249477,
    1.748495638370514,
    1.7658574951106105,
    1.7328692839063446,
    1.7112639875247562,
    1.7211488033163136
  ],
  "val_acc": [
    9.038997214484679,
    17.186629526462397,
    28.704735376044567,
    27.604456824512535,
    47.8133704735376,
    34.9025069637883,
    65.6824512534819,
    51.14206128133705,
    41.39275766016713,
    64.55431754874652,
    78.74651810584959,
    68.42618384401115,
    73.11977715877437,
    46.740947075208915,
    45.40389972144847,
    78.09192200557104,
    75.27855153203343,
    68.50974930362116,
    64.67966573816156,
    43.31476323119777,
    51.33704735376045,
    47.33983286908078,
    76.05849582172702,
    62.646239554317546,
    69.72144846796657,
    72.92479108635098,
    72.74373259052925,
    61.64345403899721,
    61.6991643454039,
    76.76880222841226,
    56.29526462395543,
    79.44289693593315,
    76.49025069637884,
    76.72701949860725,
    78.67688022284122,
    79.81894150417827,
    74.19220055710306,
    77.42339832869081,
    74.72144846796657,
    79.63788300835654,
    78.05013927576601,
    75.43175487465182,
    77.70194986072423,
    78.52367688022284,
    69.67966573816156,
    78.48189415041783,
    78.74651810584959,
    78.11977715877437,
    77.72980501392757,
    77.17270194986072,
    77.82729805013928,
    78.53760445682451,
    77.82729805013928,
    75.12534818941504,
    76.94986072423399,
    78.52367688022284,
    78.008356545961,
    77.99442896935933,
    77.68802228412257,
    77.84122562674095,
    77.8133704735376,
    77.8133704735376,
    77.84122562674095,
    77.82729805013928,
    77.60445682451254,
    77.6740947075209,
    77.64623955431755,
    78.1058495821727,
    77.78551532033426,
    77.8133704735376,
    77.92479108635098,
    77.86908077994428,
    77.74373259052925,
    78.02228412256268,
    77.92479108635098,
    77.8133704735376,
    77.84122562674095,
    77.74373259052925,
    77.99442896935933,
    77.8133704735376,
    78.02228412256268,
    77.47910863509749,
    77.89693593314763,
    77.92479108635098,
    77.75766016713092
  ],