{
  "train_loss": [
    1.9735960900783538,
    1.6398727893829346,
    1.4941579580307007,
    1.3542954206466675,
    1.2803947031497955,
    1.2109957337379456,
    1.1247873067855836,
    1.063223597407341,
    0.996184429526329,
    0.9731517285108566,
    0.9091812968254089,
    0.8517620265483856,
    0.8118828952312469,
    0.7973752021789551,
    0.7565083801746368,
    0.6971129357814789,
    0.6588301658630371,
    0.6193602561950684,
    0.5889786899089813,
    0.562778428196907,
    0.5141406878829002,
    0.4598977729678154,
    0.4396771341562271,
    0.453556752204895,
    0.4019509434700012,
    0.3834202691912651,
    0.32516876608133316,
    0.30232289284467695,
    0.2884982399642467,
    0.29884311035275457,
    0.2726138666272163,
    0.23001393899321557,
    0.21446041911840438,
    0.19421386420726777,
    0.18026795610785484,
    0.13961326256394385,
    0.1278511818498373,
    0.13474757969379425,
    0.12018167451024056,
    0.10579275265336037,
    0.08032055348157882,
    0.0751605149358511,
    0.06509048417210579,
    0.05798654658719897,
    0.06032119933515787,
    0.04811075571924448,
    0.038532141409814355,
    0.040447110775858164,
    0.029807409876957534,
    0.021484182495623828,
    0.02389450662303716,
    0.017115183174610138,
    0.012996714562177658,
    0.012523489631712436,
    0.010713015589863062,
    0.010199696943163871,
    0.0073683731374330815,
    0.00862641129642725,
    0.006643429573159665,
    0.005684943858068436,
    0.00654358776519075,
    0.005994048854336143,
    0.005052790744230151,
    0.004568173619918525,
    0.0038982941419817506,
    0.003543904103571549,
    0.0034328687703236937,
    0.0039237653429154305,
    0.003112668846733868,
    0.0026181202614679933,
    0.0028052870649844406,
    0.00238602080498822,
    0.0032327579567208884,
    0.0027561067079659553,
    0.002572415251052007,
    0.0037479634454939516,
    0.0029592776380013676,
    0.002389937889529392,
    0.0026325271523091943,
    0.0025531621242407708,
    0.00242580080521293,
    0.002539179450832307,
    0.0031354142585769294,
    0.002285998343722895,
    0.002046802098629996
  ],
  "train_acc": [
    27.46,
    39.34,
    44.8,
    50.68,
    52.32,
    55.68,
    59.94,
    60.98,
    64.42,
    65.36,
    67.7,
    69.52,
    70.32,
    71.72,
    73.66,
    75.1,
    76.8,
    78.1,
    79.72,
    79.7,
    81.68,
    83.58,
    84.48,
    83.78,
    85.7,
    85.84,
    88.94,
    89.38,
    89.52,
    88.88,
    89.8,
    92.14,
    92.1,
    93.32,
    93.92,
    95.24,
    95.8,
    95.28,
    95.98,
    96.54,
    97.54,
    97.36,
    97.94,
    98.36,
    98.18,
    98.56,
    98.86,
    98.76,
    99.16,
    99.4,
    99.38,
    99.58,
    99.76,
    99.7,
    99.78,
    99.78,
    99.94,
    99.8,
    99.94,
    99.94,
    99.88,
    99.96,
    99.94,
    99.92,
    99.92,
    99.94,
    100.0,
    99.94,
    99.98,
    99.98,
    100.0,
    100.0,
    99.98,
    100.0,
    99.98,
    99.94,
    99.94,
    99.96,
    100.0,
    99.98,
    100.0,
    99.98,
    99.96,
    100.0,
    99.98
  ],
  "val_loss": [
    2.453652435541153,
    1.8100311011075974,
    1.5834236532449721,
    1.5031398326158523,
    1.9658019185066222,
    1.5889726281166077,
    1.3843426316976548,
    1.4644262492656708,
    1.5448103547096252,
    1.2446493297815322,
    1.2898067653179168,
    1.2605277627706528,
    1.3397918462753295,
    1.1417452797293663,
    1.2852877169847488,
    1.3597851172089577,
    1.134464217722416,
    1.1695065915584564,
    1.2841427087783814,
    1.552486863732338,
    1.1532395884394646,
    1.2812586456537247,
    1.3538260966539384,
    1.2588442623615266,
    1.526056522130966,
    1.3748177111148834,
    1.3004603654146194,
    1.337625300884247,
    1.4343432456254959,
    1.3375050395727157,
    1.145177072286606,
    1.3150081992149354,
    1.308112844824791,
    1.6020860940217971,
    1.2423267185688018,
    1.2551168352365494,
    1.2652153864502906,
    1.401956781744957,
    1.3688063144683837,
    1.2415459707379342,
    1.3445369943976402,
    1.415062916278839,
    1.2895843878388404,
    1.3302196204662322,
    1.3480512410402299,
    1.2675043299794198,
    1.444283401966095,
    1.3997807890176772,
    1.4142337769269944,
    1.3541408836841584,
    1.3225410610437394,
    1.3592965930700303,
    1.3320383995771408,
    1.313807675242424,
    1.372180488705635,
    1.328284353017807,
    1.3284953951835632,
    1.3196052476763724,
    1.363242007791996,
    1.336992861330509,
    1.3450558602809906,
    1.3385032087564468,
    1.3551606461405754,
    1.3355394259095192,
    1.3401277393102646,
    1.3492143034934998,
    1.3283747553825378,
    1.3398348331451415,
    1.347473394870758,
    1.3342477053403854,
    1.336009469628334,
    1.3404541999101638,
    1.3511157914996148,
    1.3444203481078147,
    1.3431699961423873,
    1.3432784706354142,
    1.3452528566122055,
    1.3415864050388335,
    1.340667474269867,
    1.3369837403297424,
    1.3426573023200035,
    1.342087706923485,
    1.3412548363208772,
    1.3480149015784264,
    1.3406281918287277
  ],
  "val_acc": [
    25.74,
    38.55,
    43.78,
    45.7,
    42.41,
    46.51,
    52.02,
    52.58,
    51.48,
    56.97,
    58.37,
    59.03,
    57.52,
    62.56,
    58.99,
    59.75,
    64.64,
    64.41,
    62.67,
    57.99,
    65.3,
    64.01,
    63.95,
    64.53,
    61.41,
    63.56,
    65.91,
    65.47,
    64.35,
    66.83,
    69.17,
    67.49,
    68.74,
    64.74,
    70.0,
    70.9,
    70.7,
    69.39,
    71.29,
    72.34,
    70.77,
    70.89,
    72.43,
    71.99,
    71.84,
    73.24,
    71.47,
    72.72,
    72.58,
    73.63,
    73.44,
    73.64,
    74.28,
    74.35,
    74.27,
    74.33,
    74.72,
    74.73,
    74.53,
    74.81,
    74.71,
    74.9,
    74.87,
    75.02,
    74.99,
    75.06,
    75.06,
    75.04,
    74.89,
    75.17,
    74.97,
    75.08,
    75.02,
    75.02,
    75.13,
    75.15,
    75.11,
    75.28,
    75.3,
    75.31,
    75.12,
    75.11,
    75.21,
    75.23,
    75.15
  ],