{
  "train_loss": [
    2.304361402988434,
    1.9514433443546295,
    1.271772861480713,
    1.0638471841812134,
    0.8434657007455826,
    0.7283663600683212,
    0.5635979399085045,
    0.483209952712059,
    0.3689657971262932,
    0.2746066711843014,
    0.19605336338281631,
    0.13761520944535732,
    0.1409132033586502,
    0.13547825068235397,
    0.0716655682772398,
    0.04963205102831125,
    0.040677823824808,
    0.03977169143036008,
    0.023658160120248795,
    0.023120472440496087,
    0.03619696258101612,
    0.023268292075954378,
    0.016699821804650128,
    0.019460503885056823,
    0.01372756643104367,
    0.005477609112858772,
    0.003754333418328315,
    0.0028009873640257865,
    0.0015600991318933666,
    0.0016294477245537564,
    0.0008651419047964737,
    0.000950800851569511,
    0.000685718550812453,
    0.0007276687974808738,
    0.0005529402405954897,
    0.0006726988067384809,
    0.0006116412696428597,
    0.0003661475711851381,
    0.00048057683306979015,
    0.0005499553881236352,
    0.0003935737913707271,
    0.0003076751236221753,
    0.0003225399195798673,
    0.00039227403613040224,
    0.0004921763247693889,
    0.0003243764513172209,
    0.00032857360201887786,
    0.0004676811513490975,
    0.00041610571497585624,
    0.00027185607905266806,
    0.0003179695413564332,
    0.0003090651298407465,
    0.00021928504065726884,
    0.0002783771269605495,
    0.000297232221782906,
    0.0003282984507677611,
    0.0002370770525885746,
    0.0002560411121521611,
    0.00025288124015787616,
    0.0001984549526241608,
    0.00024083451353362761,
    0.00022528670888277702,
    0.0002647062501637265,
    0.0006533731211675331,
    0.0003001065706484951,
    0.0002524409683246631,
    0.0002527588039811235,
    0.0002638626719999593,
    0.00024641746495035477,
    0.00025706036103656515,
    0.00024086597113637254,
    0.00026193643861915916,
    0.00020177572514512576,
    0.0002700949880818371,
    0.00022537130644195713,
    0.0002492330168024637,
    0.0002287795941811055,
    0.00021188038954278454,
    0.0002453983870509546,
    0.000184998607437592,
    0.00022755815007258207,
    0.0003128748503513634,
    0.00023268510994967073,
    0.0002593353347037919,
    0.00024015524468268268
  ],
  "train_acc": [
    8.11111111111111,
    29.11111111111111,
    53.0,
    62.333333333333336,
    69.22222222222223,
    74.55555555555556,
    80.44444444444444,
    84.22222222222223,
    87.22222222222223,
    91.55555555555556,
    94.44444444444444,
    95.66666666666667,
    96.44444444444444,
    95.33333333333333,
    97.77777777777777,
    99.0,
    98.88888888888889,
    98.77777777777777,
    99.44444444444444,
    99.33333333333333,
    99.22222222222223,
    99.0,
    99.55555555555556,
    99.22222222222223,
    99.44444444444444,
    99.88888888888889,
    100.0,
    99.88888888888889,
    100.0,
    100.0,
    100.0,
    100.0,
    100.0,
    100.0,
    100.0,
    100.0,
    100.0,
    100.0,
    100.0,
    100.0,
    100.0,
    100.0,
    100.0,
    100.0,
    100.0,
    100.0,
    100.0,
    100.0,
    100.0,
    100.0,
    100.0,
    100.0,
    100.0,
    100.0,
    100.0,
    100.0,
    100.0,
    100.0,
    100.0,
    100.0,
    100.0,
    100.0,
    100.0,
    100.0,
    100.0,
    100.0,
    100.0,
    100.0,
    100.0,
    100.0,
    100.0,
    100.0,
    100.0,
    100.0,
    100.0,
    100.0,
    100.0,
    100.0,
    100.0,
    100.0,
    100.0,
    100.0,
    100.0,
    100.0,
    100.0
  ],
  "val_loss": [
    2.1982872814967713,
    3.193774667279474,
    9.89150280788027,
    5.197530960214549,
    5.90094727483289,
    3.599788731542127,
    2.8744161868917533,
    2.9974272744408967,
    2.3026466287415603,
    2.747170875812399,
    2.646127334956465,
    2.783769706199909,
    2.0556607246398926,
    1.617334797464568,
    2.800932563584426,
    2.2110700072913336,
    2.219322891070925,
    1.9705111076091897,
    2.4567037903029343,
    2.4760664208181975,
    2.611763160804222,
    2.935847015216433,
    2.652415900394834,
    2.3381469866325117,
    2.0372413396835327,
    2.0249643901298784,
    1.9464037747218692,
    1.9513367825541004,
    1.9623306373070026,
    1.9270892718742634,
    1.9063306923570305,
    1.880745558903135,
    1.8634873669722984,
    1.8753246521127636,
    1.869023898552204,
    1.8793724282034512,
    1.8763414703566452,
    1.8763025834642608,
    1.873173582142797,
    1.8428522266190628,
    1.8518459139199093,
    1.8534146999490673,
    1.8525020788455833,
    1.8550293692227067,
    1.8597311480291958,
    1.8500986345883073,
    1.8463756421516682,
    1.8543732947316662,
    1.856400576131097,
    1.8584011258750126,
    1.8558679778000404,
    1.865735884370475,
    1.871652418169482,
    1.86752346055261,
    1.8796596321566352,
    1.87311576974803,
    1.8683111626526405,
    1.8773125410079956,
    1.8693639286633195,
    1.8622813265899132,
    1.8543468426013816,
    1.8541502377082562,
    1.8633655926276897,
    1.8528943966174949,
    1.8470559654564693,
    1.8448291770343124,
    1.841817284452504,
    1.8467662498868744,
    1.8544700967854466,
    1.8569420493882278,
    1.8511766606363758,
    1.8536180052263984,
    1.8588243887342255,
    1.862153727432777,
    1.859211042009551,
    1.8634949799241691,
    1.8587461915509453,
    1.8581299452946103,
    1.8543487787246704,
    1.846396651761285,
    1.852787683750021,
    1.8492939842158351,
    1.854902378444014,
    1.855960356778112,
    1.8595103313182961
  ],
  "val_acc": [
    9.944289693593316,
    4.345403899721449,
    31.26740947075209,
    16.72701949860724,
    33.4958217270195,
    30.571030640668525,
    33.3008356545961,
    29.317548746518106,
    45.306406685236766,
    36.39275766016713,
    53.286908077994426,
    38.48189415041783,
    58.3983286908078,
    69.79108635097494,
    52.68802228412256,
    59.540389972144844,
    59.02506963788301,
    57.14484679665738,
    56.239554317548745,
    65.86350974930362,
    56.46239554317549,
    58.83008356545961,
    56.93593314763231,
    64.19220055710306,
    67.92479108635098,
    64.91643454038997,
    65.72423398328691,
    64.74930362116991,
    63.95543175487465,
    65.27855153203343,
    66.55988857938719,
    68.06406685236769,
    69.35933147632312,
    69.98607242339833,
    70.30640668523677,
    70.15320334261838,
    70.23676880222841,
    70.30640668523677,
    70.12534818941504,
    70.50139275766017,
    70.26462395543176,
    70.0974930362117,
    69.98607242339833,
    69.93036211699165,
    69.93036211699165,
    70.27855153203343,
    70.37604456824512,
    70.18105849582173,
    70.34818941504179,
    70.11142061281338,
    70.08356545961003,
    69.93036211699165,
    69.91643454038997,
    69.84679665738162,
    69.91643454038997,
    70.0974930362117,
    70.16713091922006,
    70.041782729805,
    70.16713091922006,
    70.23676880222841,
    70.30640668523677,
    70.16713091922006,
    70.13927576601671,
    70.27855153203343,
    70.47353760445682,
    70.4874651810585,
    70.45961002785515,
    70.4874651810585,
    70.44568245125348,
    70.37604456824512,
    70.47353760445682,
    70.47353760445682,
    70.33426183844011,
    70.36211699164346,
    70.50139275766017,
    70.37604456824512,
    70.45961002785515,
    70.54317548746518,
    70.6267409470752,
    70.43175487465182,
    70.44568245125348,
    70.51532033426184,
    70.27855153203343,
    70.30640668523677,
    70.30640668523677
  ],