{
  "train_loss": [
    4.730184260679751,
    4.0891843267849515,
    3.4942221033329868,
    3.100598318236215,
    2.7554393179562626,
    2.4590426026558387,
    2.2175486939293996,
    2.009861954620906,
    1.8448154713426317,
    1.703274509128259,
    1.5730115424613564,
    1.4664469495111583,
    1.3787282693142793,
    1.2968778409519974,
    1.2092384151658233,
    1.1399164215034367,
    1.0779208504423803,
    1.0146955969382305,
    0.9498014921436504,
    0.9013204577626014,
    0.8549137042493237,
    0.7698765202444426,
    0.7135182634300116,
    0.6554106557551695,
    0.5875414447212706,
    0.5431570436577408,
    0.4929733974288921,
    0.4345962005306263,
    0.4011052985276495,
    0.3628393873876455,
    0.32490421002920794,
    0.2977275668966527,
    0.2647025462772165,
    0.25347744817940554,
    0.22244080232114208,
    0.18730170165701787,
    0.18649932472225356,
    0.1697396927570202,
    0.15733623478029454,
    0.1377290080548549,
    0.1273444722957757,
    0.11213644546437629,
    0.09922363859962444,
    0.09048345665998604,
    0.08039405419282158,
    0.07839096016345584,
    0.07753389591009033,
    0.06632425620847819,
    0.059705952743106354,
    0.05027736944849698,
    0.054701416781742354,
    0.04594646286865582,
    0.041272874655468125,
    0.03126636620763005,
    0.03130091977666835,
    0.02775778245104819,
    0.022301101679343502,
    0.01949317043537882,
    0.01674271497889707,
    0.014948727555896098,
    0.014384495588589688,
    0.011905162647480563,
    0.009913827435170509,
    0.008972163798586865,
    0.008014255184300092,
    0.0075936189654273725,
    0.005424125438404022,
    0.00502392359325016,
    0.004838927137268688,
    0.0037387046144505467,
    0.003934204084822452,
    0.0028480387352791863,
    0.002878254229305027,
    0.0031638549556433013,
    0.002696235792483298,
    0.002731913073482562,
    0.0022455852574369472,
    0.001864108734090613,
    0.0017903774561852273,
    0.0017594115127635911,
    0.0016930489251461374,
    0.0015254593962133502,
    0.0016428043920907896,
    0.0013612973480307193,
    0.0014074838057110486
  ],
  "train_acc": [
    0.908,
    8.658,
    16.958,
    23.682,
    30.108,
    36.266,
    41.202,
    45.584,
    49.328,
    52.614,
    55.698,
    58.278,
    60.714,
    62.656,
    64.76,
    66.582,
    67.968,
    69.678,
    71.2,
    72.69,
    74.004,
    76.472,
    77.916,
    79.538,
    81.34,
    82.774,
    84.266,
    86.108,
    86.992,
    88.226,
    89.328,
    90.272,
    91.3,
    91.706,
    92.822,
    93.91,
    93.868,
    94.484,
    94.896,
    95.566,
    95.956,
    96.384,
    96.794,
    97.118,
    97.414,
    97.526,
    97.582,
    97.932,
    98.152,
    98.468,
    98.3,
    98.61,
    98.758,
    99.146,
    99.074,
    99.194,
    99.424,
    99.484,
    99.582,
    99.612,
    99.622,
    99.72,
    99.766,
    99.808,
    99.846,
    99.826,
    99.892,
    99.904,
    99.902,
    99.936,
    99.938,
    99.94,
    99.952,
    99.928,
    99.942,
    99.932,
    99.95,
    99.958,
    99.966,
    99.952,
    99.96,
    99.974,
    99.974,
    99.974,
    99.97
  ],
  "val_loss": [
    4.708698141574859,
    3.7207302331924437,
    3.3158110857009886,
    2.9194154918193815,
    2.758341896533966,
    2.511414277553558,
    2.4425198525190353,
    2.159950610995293,
    2.1804177850484847,
    2.4710268914699554,
    1.8788463175296783,
    1.9405232399702073,
    1.7914932191371917,
    1.8854993283748627,
    1.6732475340366364,
    1.7816604107618332,
    1.7255532503128053,
    1.5991203099489213,
    1.696394893527031,
    1.6572499036788941,
    1.6481801658868789,
    1.6680098712444305,
    1.5254625648260116,
    1.5980172872543335,
    1.4544587641954423,
    1.6299222469329835,
    1.6270902335643769,
    1.5831230461597443,
    1.7406919807195664,
    1.5882876604795455,
    1.6355912536382675,
    1.7698476761579514,
    1.6720876783132552,
    1.6250494927167893,
    1.7046618580818176,
    1.6564347743988037,
    1.8551797837018966,
    1.7738301783800126,
    1.6785673141479491,
    1.7827902257442474,
    1.7947358518838883,
    1.8323241353034974,
    1.7472346127033234,
    1.7515419960021972,
    1.821935272216797,
    1.8343462526798249,
    1.866416934132576,
    1.7771076440811158,
    1.7965181440114975,
    1.8146636307239532,
    1.8445284843444825,
    1.8811463505029677,
    1.9060246050357819,
    1.9118522554636002,
    1.8619166284799575,
    1.861012578010559,
    1.8918518453836441,
    1.846359121799469,
    1.849539053440094,
    1.8688064515590668,
    1.8070347517728806,
    1.822637140750885,
    1.8464931309223176,
    1.8754400938749314,
    1.8191872477531432,
    1.8393351048231126,
    1.817280611395836,
    1.7953431397676467,
    1.8002380400896072,
    1.8060123920440674,
    1.812122291326523,
    1.8110409706830979,
    1.8019257485866547,
    1.802686870098114,
    1.8103005111217498,
    1.805762279033661,
    1.8012292772531509,
    1.8051295042037965,
    1.7985971868038177,
    1.7874415785074234,
    1.7890758007764815,
    1.793283873796463,
    1.7943787366151809,
    1.796125653386116,
    1.7960862457752227
  ],
  "val_acc": [
    0.91,
    13.09,
    20.34,
    27.5,
    29.98,
    35.7,
    37.55,
    43.09,
    42.64,
    42.05,
    49.36,
    49.92,
    51.97,
    51.49,
    54.88,
    53.97,
    55.24,
    57.53,
    57.29,
    58.19,
    58.29,
    59.91,
    61.26,
    61.32,
    63.82,
    61.56,
    62.67,
    63.44,
    62.45,
    65.0,
    64.71,
    63.82,
    65.51,
    66.18,
    65.59,
    67.36,
    65.09,
    65.07,
    66.79,
    67.17,
    67.06,
    67.47,
    67.89,
    68.79,
    67.91,
    67.72,
    68.08,
    68.94,
    68.94,
    69.49,
    69.57,
    68.97,
    69.69,
    69.17,
    69.33,
    70.4,
    70.05,
    70.91,
    70.55,
    70.75,
    71.33,
    71.23,
    71.5,
    71.16,
    71.57,
    71.26,
    72.05,
    72.3,
    72.0,
    72.4,
    72.4,
    72.52,
    72.47,
    72.48,
    72.33,
    72.55,
    72.51,
    72.7,
    72.62,
    72.66,
    72.6,
    72.72,
    72.72,
    72.76,
    72.61
  ],