{
  "train_loss": [
    4.732470095157623,
    4.5172438502311705,
    4.142643332481384,
    3.9100822031497957,
    3.7781845927238464,
    3.6613825142383574,
    3.56946776509285,
    3.4670251488685606,
    3.349640506505966,
    3.280922645330429,
    3.190497374534607,
    3.061508220434189,
    2.883713036775589,
    2.771045136451721,
    2.657416081428528,
    2.5325118601322174,
    2.4179757833480835,
    2.2854647785425186,
    2.172120475769043,
    2.081354409456253,
    2.0216231286525725,
    1.8604764252901078,
    1.7901266068220139,
    1.6877702981233598,
    1.6318656593561172,
    1.5292134284973145,
    1.4915141761302948,
    1.4954430013895035,
    1.365941646695137,
    1.282952791452408,
    1.136593933403492,
    1.032346247136593,
    1.0037282809615136,
    0.9117708161473275,
    1.0037573903799057,
    0.9960021659731865,
    0.7553439855575561,
    0.7959511533379555,
    0.6975767463445663,
    0.6884581185877323,
    0.7973586991429329,
    0.5922157444059849,
    0.4914730153977871,
    0.3302228644490242,
    0.3196538738906384,
    0.29241599030792714,
    0.2869935091584921,
    0.25124439373612406,
    0.2045971378684044,
    0.19473282806575298,
    0.2262828338891268,
    0.1373677333816886,
    0.10984444916248322,
    0.12421831209212542,
    0.11286763679236174,
    0.08327619135379791,
    0.04864978799596429,
    0.06924684429541231,
    0.05734455892816186,
    0.04688591388985515,
    0.05176982716657221,
    0.06545605985447764,
    0.07471506479196251,
    0.06505587603896856,
    0.041728122252970935,
    0.0577653793618083,
    0.05171132134273648,
    0.034415222331881525,
    0.029341260623186826,
    0.041086411103606224,
    0.05129613168537617,
    0.03673532232642174,
    0.03350382051430643,
    0.03281179647892714,
    0.02762818173505366,
    0.024777045426890253,
    0.02521701124496758,
    0.025635373336263,
    0.023479769006371498,
    0.0220966802444309,
    0.025232559815049172,
    0.02117286464199424,
    0.02202426055446267,
    0.021241421205922963,
    0.021646019956097006
  ],
  "train_acc": [
    0.96,
    3.09,
    6.38,
    9.84,
    12.01,
    14.08,
    15.36,
    17.31,
    19.17,
    19.12,
    21.79,
    23.43,
    26.7,
    28.67,
    31.27,
    33.48,
    35.58,
    39.08,
    41.24,
    42.67,
    44.34,
    47.96,
    49.23,
    52.22,
    53.94,
    56.27,
    57.69,
    57.73,
    60.12,
    61.91,
    66.05,
    69.32,
    69.74,
    73.18,
    70.74,
    69.81,
    77.85,
    76.57,
    79.7,
    80.45,
    76.78,
    83.0,
    85.56,
    91.35,
    91.48,
    92.57,
    92.66,
    94.0,
    95.37,
    95.68,
    94.61,
    97.07,
    98.35,
    97.63,
    98.08,
    98.84,
    99.72,
    99.19,
    99.38,
    99.71,
    99.54,
    99.23,
    99.08,
    99.09,
    99.81,
    99.49,
    99.5,
    99.8,
    99.9,
    99.88,
    99.46,
    99.78,
    99.93,
    99.82,
    99.91,
    99.98,
    99.97,
    99.95,
    99.98,
    99.97,
    99.97,
    99.97,
    99.98,
    99.97,
    99.98
  ],
  "val_loss": [
    4.701226043701172,
    4.273230862617493,
    4.025302582979203,
    4.033688879013061,
    3.819841468334198,
    4.0470528423786165,
    4.009193015098572,
    3.724904751777649,
    3.680447429418564,
    3.5849959433078764,
    3.4602226674556733,
    3.419115722179413,
    3.205564868450165,
    3.5092701435089113,
    3.4151807725429535,
    3.302292084693909,
    2.9971770882606505,
    2.841516214609146,
    2.817179298400879,
    2.9734302699565887,
    2.9448674261569976,
    2.714884889125824,
    2.7091047048568724,
    2.811365821957588,
    2.4889157116413116,
    2.688332962989807,
    2.7894665479660032,
    2.7244717180728912,
    2.4825100362300874,
    2.540284478664398,
    2.6591764628887176,
    3.051733362674713,
    2.5451043367385866,
    2.6177789986133577,
    2.842314213514328,
    2.5295010626316072,
    2.568344587087631,
    2.553559345006943,
    2.453820472955704,
    2.5587911725044252,
    2.534356051683426,
    2.4723059684038162,
    2.431248253583908,
    2.6172719419002535,
    2.549241375923157,
    2.618965184688568,
    2.521073564887047,
    2.5028232753276827,
    2.6406030654907227,
    2.564642572402954,
    2.527854734659195,
    2.4645241856575013,
    2.443742740154266,
    2.4669030904769897,
    2.5434973776340484,
    2.430652770400047,
    2.422506457567215,
    2.4000261604785917,
    2.4566347181797026,
    2.438230127096176,
    2.4709289133548737,
    2.4692479252815245,
    2.503993386030197,
    2.474377053976059,
    2.4290883600711823,
    2.4296101182699203,
    2.4212201058864595,
    2.4112830460071564,
    2.3896126747131348,
    2.3836325615644456,
    2.4246317356824876,
    2.401587578654289,
    2.3939803659915926,
    2.38608555495739,
    2.3975768387317657,
    2.3809501349925997,
    2.3822267204523087,
    2.3719889998435972,
    2.366400811076164,
    2.3746000319719314,
    2.372188225388527,
    2.365527918934822,
    2.3704694896936416,
    2.37121676504612,
    2.369777700304985
  ],
  "val_acc": [
    0.92,
    4.83,
    8.64,
    8.27,
    11.77,
    11.63,
    14.09,
    15.14,
    14.72,
    17.09,
    18.24,
    19.07,
    21.87,
    19.84,
    20.77,
    24.01,
    27.53,
    29.86,
    31.84,
    28.9,
    30.24,
    34.29,
    33.55,
    32.74,
    38.62,
    37.68,
    34.76,
    37.0,
    40.27,
    40.04,
    38.49,
    36.69,
    41.49,
    40.47,
    37.84,
    42.23,
    43.39,
    43.09,
    43.85,
    43.38,
    44.26,
    44.29,
    46.15,
    45.41,
    45.87,
    46.32,
    45.69,
    47.75,
    46.84,
    47.44,
    48.4,
    49.44,
    49.57,
    49.05,
    48.39,
    49.92,
    50.26,
    50.09,
    49.66,
    50.06,
    50.42,
    49.87,
    49.64,
    50.0,
    50.55,
    49.91,
    49.99,
    50.48,
    50.85,
    50.45,
    50.33,
    50.46,
    50.6,
    50.62,
    50.47,
    50.65,
    51.01,
    50.93,
    50.83,
    51.01,
    50.77,
    51.02,
    51.26,
    50.84,
    50.81
  ],