{
  "train_loss": [
    2.7038028240203857,
    4.363366603851318,
    3.8517866730690002,
    1.6896796822547913,
    1.5161689817905426,
    1.3046906292438507,
    1.2764772176742554,
    1.309308797121048,
    1.127117097377777,
    1.146102637052536,
    1.110931634902954,
    1.0481371581554413,
    0.9970609843730927,
    1.00876085460186,
    1.018059641122818,
    0.9310000240802765,
    0.9075257182121277,
    0.8683373183012009,
    0.8732720613479614,
    0.8917793333530426,
    0.8969493508338928,
    0.7946104109287262,
    0.8245532065629959,
    0.8613360822200775,
    0.8408700674772263,
    0.7804100066423416,
    0.7634074091911316,
    0.7230985760688782,
    0.7474226206541061,
    0.7661009430885315,
    0.7359622269868851,
    0.7192139327526093,
    0.7456926107406616,
    0.723069965839386,
    0.744738832116127,
    0.7483331114053726,
    0.7500945776700974,
    0.7534272819757462,
    0.6999862045049667,
    0.6816066205501556,
    0.6924058496952057,
    0.6612236499786377,
    0.6411620080471039,
    0.6001919656991959,
    0.5955810844898224,
    0.6118400692939758,
    0.5697594732046127,
    1.1578804403543472,
    0.5912148952484131,
    0.5481913089752197,
    0.5637230277061462,
    0.5688612461090088,
    0.5221984684467316,
    0.5464016869664192,
    0.5334094911813736,
    0.4982154294848442,
    0.46900828182697296,
    0.42584456503391266,
    0.42746882885694504,
    0.3746952414512634,
    0.37814991921186447,
    0.35770782828330994,
    0.3682030588388443,
    0.3500686287879944,
    0.3445277139544487,
    0.311919204890728,
    0.30877601355314255,
    0.31336458027362823,
    0.31748492270708084,
    0.27814675867557526,
    0.26802729815244675,
    0.2732640281319618,
    0.23812314122915268,
    0.21755417063832283,
    0.21069037914276123,
    0.1929946169257164,
    0.19351954013109207,
    0.18054825067520142,
    0.18140070140361786,
    0.17585159093141556,
    0.18659431114792824,
    0.20348148792982101,
    0.1735670119524002,
    0.1883467249572277,
    0.17770016938447952
  ],
  "train_acc": [
    14.88888888888889,
    34.333333333333336,
    24.11111111111111,
    43.111111111111114,
    43.22222222222222,
    49.44444444444444,
    46.55555555555556,
    51.333333333333336,
    53.0,
    54.888888888888886,
    58.77777777777778,
    59.666666666666664,
    58.55555555555556,
    60.22222222222222,
    61.666666666666664,
    62.111111111111114,
    64.88888888888889,
    67.66666666666667,
    68.77777777777777,
    66.11111111111111,
    64.66666666666667,
    70.55555555555556,
    67.77777777777777,
    68.33333333333333,
    68.55555555555556,
    70.55555555555556,
    71.77777777777777,
    74.0,
    71.55555555555556,
    71.77777777777777,
    72.0,
    72.77777777777777,
    71.66666666666667,
    72.77777777777777,
    72.44444444444444,
    73.22222222222223,
    71.55555555555556,
    73.77777777777777,
    73.88888888888889,
    74.33333333333333,
    74.11111111111111,
    74.11111111111111,
    76.11111111111111,
    77.77777777777777,
    76.66666666666667,
    75.11111111111111,
    78.77777777777777,
    78.33333333333333,
    77.33333333333333,
    80.0,
    77.88888888888889,
    79.22222222222223,
    80.33333333333333,
    80.33333333333333,
    79.22222222222223,
    81.88888888888889,
    83.33333333333333,
    84.11111111111111,
    84.0,
    86.66666666666667,
    85.44444444444444,
    88.33333333333333,
    86.55555555555556,
    88.66666666666667,
    87.33333333333333,
    89.22222222222223,
    90.88888888888889,
    88.77777777777777,
    90.0,
    91.22222222222223,
    91.44444444444444,
    90.77777777777777,
    92.22222222222223,
    92.66666666666667,
    93.11111111111111,
    94.0,
    94.44444444444444,
    94.88888888888889,
    95.0,
    94.88888888888889,
    95.33333333333333,
    93.33333333333333,
    95.0,
    94.11111111111111,
    94.88888888888889
  ],
  "val_loss": [
    10.335229610574656,
    1317.3666108230066,
    523872.9590517241,
    49198.997306034486,
    6373.310546875,
    1214.3563527074352,
    240.26908453579605,
    76.0656229216477,
    17.874652204842402,
    6.956078192283368,
    4.202293116470863,
    2.7745312164569724,
    2.395011881302143,
    2.173602975648025,
    1.6339184128004929,
    1.3925339805668797,
    1.4358541348884846,
    1.3499133052497074,
    1.0754875417413383,
    1.5025208530754879,
    1.2854926976664314,
    1.0437127248994236,
    1.1939965753719723,
    1.3186965893054832,
    1.2737022473894317,
    1.0730861117099892,
    1.1069406887580608,
    0.9605178442494623,
    1.6309970535081009,
    1.0557895693285713,
    1.0386148835050648,
    1.1248240923059398,
    0.9710992615798424,
    1.0687528396474903,
    1.171748662817067,
    0.9072565991303017,
    1.5649022357217197,
    1.7019567242984115,
    1.1644448514642387,
    1.3990757794215762,
    1.194517682338583,
    1.6405431977633773,
    1.5989341201453373,
    1.3988157428544143,
    1.1604568547215954,
    1.1467291630547622,
    1.127112861337333,
    1.0909816889927304,
    1.1468852244574448,
    0.9442152689243185,
    0.9645885927923794,
    0.9373762155401295,
    0.992641426365951,
    0.9516890398387251,
    1.3664803628263802,
    1.1936928342128623,
    1.1255081522053685,
    1.061554491519928,
    1.0476015539004886,
    1.1133494685436118,
    1.0343048942500148,
    1.2679094322796525,
    1.0092447749499618,
    1.1113371992933339,
    1.2606340646743774,
    1.2290509672000491,
    1.2437427722174546,
    1.4721030202405205,
    1.2989692482455024,
    1.2201465984870647,
    1.4254356602142597,
    1.2697805453991067,
    1.2844566332882847,
    1.3612323834978302,
    1.385839815797477,
    1.3623975042639107,
    1.3162575713519393,
    1.3272432746558354,
    1.3472017049789429,
    1.3806995194533775,
    1.3985844233940388,
    1.407345225071085,
    1.4044437942833736,
    1.4019495927054306,
    1.4000705357255607
  ],
  "val_acc": [
    21.15598885793872,
    20.250696378830085,
    11.7966573816156,
    11.7966573816156,
    12.172701949860723,
    15.75208913649025,
    19.651810584958216,
    19.025069637883007,
    19.554317548746518,
    21.545961002785514,
    21.295264623955433,
    29.98607242339833,
    30.264623955431755,
    32.07520891364903,
    42.74373259052925,
    52.298050139275766,
    52.033426183844014,
    51.155988857938716,
    68.2033426183844,
    42.49303621169916,
    52.25626740947075,
    65.55710306406685,
    60.069637883008355,
    56.04456824512535,
    66.25348189415041,
    65.91922005571031,
    66.71309192200557,
    69.6100278551532,
    48.74651810584958,
    64.26183844011142,
    67.86908077994428,
    65.11142061281338,
    70.91922005571031,
    69.81894150417827,
    59.05292479108635,
    72.86908077994428,
    45.069637883008355,
    49.317548746518106,
    66.72701949860725,
    52.701949860724234,
    66.6991643454039,
    47.78551532033426,
    51.559888579387184,
    56.83844011142061,
    70.12534818941504,
    69.87465181058496,
    69.86072423398329,
    73.44011142061281,
    69.09470752089136,
    72.86908077994428,
    71.35097493036211,
    73.63509749303621,
    72.36768802228413,
    74.03899721448468,
    58.34261838440111,
    64.01114206128133,
    69.91643454038997,
    69.94428969359332,
    71.51810584958217,
    70.80779944289694,
    74.09470752089136,
    64.79108635097494,
    75.15320334261838,
    71.57381615598885,
    68.27298050139275,
    69.27576601671309,
    69.65181058495821,
    66.42061281337047,
    70.40389972144847,
    70.15320334261838,
    64.52646239554318,
    71.04456824512535,
    70.90529247910864,
    68.95543175487465,
    68.28690807799443,
    69.13649025069638,
    69.958217270195,
    69.93036211699165,
    69.4150417827298,
    68.80222841225627,
    68.84401114206128,
    68.70473537604457,
    68.77437325905292,
    68.6908077994429,
    68.64902506963789
  ],