{
  "train_loss": [
    2.308405637741089,
    2.141857862472534,
    1.305581271648407,
    1.0665084421634674,
    0.8239846229553223,
    0.6692246794700623,
    0.49771086871623993,
    0.3796553313732147,
    0.2689921483397484,
    0.17975496500730515,
    0.13228202238678932,
    0.05659770220518112,
    0.07512249797582626,
    0.042885939590632915,
    0.024415710475295782,
    0.03485359065234661,
    0.01611206214874983,
    0.011808780953288078,
    0.017792162485420704,
    0.0049381135031580925,
    0.012934027938172221,
    0.0038495007320307195,
    0.0021276086336001754,
    0.003229905851185322,
    0.004026295500807464,
    0.002833919832482934,
    0.0026540349354036152,
    0.0017950385808944702,
    0.0013482373906299472,
    0.0015328548906836659,
    0.0015002196305431426,
    0.0008724080980755389,
    0.0008238613372668624,
    0.0008308894175570458,
    0.0007595371862407774,
    0.0008717667660675943,
    0.000708269770257175,
    0.0007216167286969721,
    0.0004631779302144423,
    0.0005455295322462916,
    0.0004841951304115355,
    0.00059188311570324,
    0.0004590791213558987,
    0.0003824641171377152,
    0.0004751690139528364,
    0.00041125314601231366,
    0.0003545855142874643,
    0.0003192183648934588,
    0.0003330829058540985,
    0.00040745799196884036,
    0.00033409713068977,
    0.00036287770490162075,
    0.0003356408415129408,
    0.0003137984313070774,
    0.00034867275098804384,
    0.000307910522678867,
    0.00031828526698518544,
    0.00034162812517024577,
    0.0003058745642192662,
    0.0003036284033441916,
    0.000284508743789047,
    0.00028406076307874173,
    0.0004830223915632814,
    0.0003684085240820423,
    0.0002627037465572357,
    0.0003388270561117679,
    0.00027278273773845285,
    0.000315750963636674,
    0.0002879726089304313,
    0.00027376279467716813,
    0.00026600358251016587,
    0.0003249827859690413,
    0.0009141591872321442,
    0.00031443173065781593,
    0.00024712132290005684,
    0.00032192365324590355,
    0.00024442064750473946,
    0.0003084838535869494,
    0.00028122281946707517,
    0.000292086842819117,
    0.00033211968548130244,
    0.00029218803683761507,
    0.00026619198615662754,
    0.00034035672433674335,
    0.0003176590398652479
  ],
  "train_acc": [
    7.777777777777778,
    20.666666666666668,
    53.333333333333336,
    65.33333333333333,
    73.33333333333333,
    74.88888888888889,
    83.33333333333333,
    86.0,
    91.33333333333333,
    94.44444444444444,
    96.66666666666667,
    98.66666666666667,
    97.77777777777777,
    98.66666666666667,
    99.11111111111111,
    99.11111111111111,
    99.33333333333333,
    99.77777777777777,
    99.77777777777777,
    99.77777777777777,
    99.33333333333333,
    99.77777777777777,
    100.0,
    100.0,
    100.0,
    100.0,
    100.0,
    100.0,
    100.0,
    100.0,
    100.0,
    100.0,
    100.0,
    100.0,
    100.0,
    100.0,
    100.0,
    100.0,
    100.0,
    100.0,
    100.0,
    100.0,
    100.0,
    100.0,
    100.0,
    100.0,
    100.0,
    100.0,
    100.0,
    100.0,
    100.0,
    100.0,
    100.0,
    100.0,
    100.0,
    100.0,
    100.0,
    100.0,
    100.0,
    100.0,
    100.0,
    100.0,
    100.0,
    100.0,
    100.0,
    100.0,
    100.0,
    100.0,
    100.0,
    100.0,
    100.0,
    100.0,
    100.0,
    100.0,
    100.0,
    100.0,
    100.0,
    100.0,
    100.0,
    100.0,
    100.0,
    100.0,
    100.0,
    100.0,
    100.0
  ],
  "val_loss": [
    2.192407221629702,
    2.3682208965564597,
    3.9454817854124924,
    5.042376978644009,
    5.140766489094701,
    4.821715716657968,
    4.051544690954274,
    4.040628079710336,
    4.00992410758446,
    4.068394348539155,
    4.082585088137923,
    3.532638640239321,
    3.9834404978258857,
    4.151444139151738,
    3.3802715663252205,
    3.401061148479067,
    3.9407838541885902,
    4.177154105285118,
    3.29710944767656,
    3.1141000780565986,
    3.0697638330788446,
    2.9608761442118676,
    2.8149032551666786,
    2.6574534999913184,
    2.5627938755627335,
    2.4564416819605333,
    2.309832712699627,
    2.145272871543621,
    2.03147632500221,
    1.9659535062724147,
    1.9266365766525269,
    1.893311673197253,
    1.866198626057855,
    1.840381252354589,
    1.80924208410855,
    1.7734907454457776,
    1.749918520450592,
    1.7302054783393597,
    1.7188381121076386,
    1.7144445509746158,
    1.7097610358534188,
    1.706659314961269,
    1.7016834555001095,
    1.6982173960784386,
    1.6974668461700966,
    1.6961157794656425,
    1.6969251201070588,
    1.6965955927454193,
    1.6963291928685944,
    1.7000290011537487,
    1.7022590637207031,
    1.701107514315638,
    1.6996885270907962,
    1.7011138303526516,
    1.7032022209003055,
    1.7033849111918746,
    1.7042791494007767,
    1.7040798581879715,
    1.7032389496934826,
    1.706420298280387,
    1.7056993163865188,
    1.7052774264894683,
    1.7044592766926205,
    1.7071969447464779,
    1.7085925628399026,
    1.7087136774227536,
    1.707223941539896,
    1.70537982521386,
    1.7075929518403679,
    1.7073535117609748,
    1.7086590754574742,
    1.7099098809834183,
    1.7157715661772366,
    1.7144085251051804,
    1.715207309558474,
    1.716694147422396,
    1.7171056229492714,
    1.719978811412022,
    1.7204974766435295,
    1.7171070472947483,
    1.715923757388674,
    1.7168613261189953,
    1.7141172988661404,
    1.715202783716136,
    1.714970588684082
  ],
  "val_acc": [
    8.885793871866296,
    8.454038997214484,
    9.665738161559888,
    18.105849582172702,
    22.88300835654596,
    23.091922005571032,
    21.922005571030642,
    19.874651810584957,
    17.43732590529248,
    17.827298050139277,
    18.119777158774372,
    22.827298050139277,
    24.832869080779943,
    23.662952646239553,
    38.259052924791085,
    41.740947075208915,
    32.46518105849582,
    34.136490250696376,
    42.938718662952645,
    50.50139275766017,
    52.1866295264624,
    53.440111420612816,
    55.22284122562674,
    56.880222841225624,
    57.10306406685237,
    57.74373259052925,
    59.9025069637883,
    62.57660167130919,
    64.77715877437326,
    66.0724233983287,
    66.016713091922,
    66.016713091922,
    66.22562674094708,
    66.81058495821728,
    67.2284122562674,
    67.95264623955431,
    68.53760445682451,
    68.95543175487465,
    69.22005571030641,
    69.35933147632312,
    69.58217270194986,
    69.48467966573816,
    69.67966573816156,
    69.56824512534818,
    69.62395543175488,
    69.67966573816156,
    69.70752089136491,
    69.67966573816156,
    69.73537604456824,
    69.6100278551532,
    69.56824512534818,
    69.67966573816156,
    69.73537604456824,
    69.66573816155989,
    69.6100278551532,
    69.72144846796657,
    69.72144846796657,
    69.67966573816156,
    69.70752089136491,
    69.67966573816156,
    69.66573816155989,
    69.69359331476323,
    69.70752089136491,
    69.6100278551532,
    69.6100278551532,
    69.56824512534818,
    69.66573816155989,
    69.77715877437326,
    69.72144846796657,
    69.66573816155989,
    69.69359331476323,
    69.70752089136491,
    69.6100278551532,
    69.6100278551532,
    69.62395543175488,
    69.54038997214485,
    69.55431754874652,
    69.5125348189415,
    69.52646239554318,
    69.52646239554318,
    69.49860724233983,
    69.56824512534818,
    69.55431754874652,
    69.58217270194986,
    69.55431754874652
  ],