{
  "train_loss": [
    2.4881479740142822,
    2.5517364740371704,
    2.0112528204917908,
    1.8324492573738098,
    2.835774302482605,
    2.379886507987976,
    2.2254329323768616,
    1.6280584335327148,
    1.5837554335594177,
    1.418393075466156,
    1.1819471716880798,
    1.1012384295463562,
    1.0840603113174438,
    0.9365474879741669,
    1.1079530715942383,
    0.9716257452964783,
    0.985994428396225,
    0.9208711981773376,
    0.7880274951457977,
    0.7858760058879852,
    0.74599289894104,
    0.784152090549469,
    0.7896120548248291,
    0.707281082868576,
    0.7998513579368591,
    0.7595313191413879,
    0.6701271235942841,
    0.6924750506877899,
    0.631455272436142,
    0.6790541708469391,
    0.6594450175762177,
    0.5954618453979492,
    0.5456346273422241,
    0.550476461648941,
    0.5004231035709381,
    0.48858213424682617,
    0.4762599915266037,
    0.483402743935585,
    0.4315611273050308,
    0.41693712770938873,
    0.41447050869464874,
    0.41371358931064606,
    0.4024266451597214,
    0.357389435172081,
    0.3494555503129959,
    0.33035729825496674,
    0.31273253262043,
    0.3256566971540451,
    0.28164857625961304,
    0.30073271691799164,
    0.270084410905838,
    0.2628558948636055,
    0.23266461491584778,
    0.22168882191181183,
    0.27732236683368683,
    0.2148735597729683,
    0.20147939026355743,
    0.19090186804533005,
    0.21265675872564316,
    0.21158982068300247,
    0.17070898413658142,
    0.21043383330106735,
    0.21138009428977966,
    0.17300475388765335,
    0.17495407909154892,
    0.14549890160560608,
    0.1510457620024681,
    0.14252112060785294,
    0.13278593868017197,
    0.11804679036140442,
    0.11678938567638397,
    0.13470516726374626,
    0.17717374116182327,
    0.11041498184204102,
    0.10463041439652443,
    0.1178867518901825,
    0.10048607364296913,
    0.11221525445580482,
    0.11656699329614639,
    0.09704002737998962,
    0.10684527829289436,
    0.10535804182291031,
    0.1032082699239254,
    0.1201469898223877,
    0.1033717729151249
  ],
  "train_acc": [
    11.777777777777779,
    29.77777777777778,
    37.111111111111114,
    45.55555555555556,
    31.555555555555557,
    40.22222222222222,
    39.333333333333336,
    42.44444444444444,
    50.22222222222222,
    50.0,
    52.0,
    54.666666666666664,
    58.44444444444444,
    62.0,
    61.111111111111114,
    64.88888888888889,
    63.55555555555556,
    61.333333333333336,
    68.88888888888889,
    67.77777777777777,
    72.0,
    72.0,
    70.44444444444444,
    73.11111111111111,
    71.33333333333333,
    73.11111111111111,
    71.77777777777777,
    74.44444444444444,
    76.22222222222223,
    74.0,
    76.66666666666667,
    77.33333333333333,
    78.66666666666667,
    78.88888888888889,
    80.44444444444444,
    81.77777777777777,
    82.44444444444444,
    84.0,
    84.0,
    86.44444444444444,
    84.66666666666667,
    86.88888888888889,
    84.44444444444444,
    87.11111111111111,
    87.77777777777777,
    88.44444444444444,
    88.66666666666667,
    87.77777777777777,
    89.55555555555556,
    89.33333333333333,
    90.66666666666667,
    90.44444444444444,
    92.66666666666667,
    93.77777777777777,
    89.77777777777777,
    93.77777777777777,
    93.55555555555556,
    93.77777777777777,
    92.88888888888889,
    92.88888888888889,
    94.88888888888889,
    93.11111111111111,
    91.77777777777777,
    93.55555555555556,
    93.77777777777777,
    95.55555555555556,
    96.0,
    95.33333333333333,
    96.22222222222223,
    96.66666666666667,
    97.55555555555556,
    96.66666666666667,
    95.77777777777777,
    96.66666666666667,
    97.77777777777777,
    96.66666666666667,
    97.55555555555556,
    97.77777777777777,
    96.44444444444444,
    98.44444444444444,
    98.44444444444444,
    98.0,
    97.77777777777777,
    96.22222222222223,
    97.55555555555556
  ],
  "val_loss": [
    1.9217327627642402,
    1.7866314855115166,
    1.9387637294571975,
    19.483372326554925,
    56.069420189693055,
    74.1671484585466,
    689.2522372541756,
    1005.1251831054688,
    911.2077784044989,
    601.5319455903152,
    432.0456332502694,
    419.4343719482422,
    6.602055911360116,
    4.72160449521295,
    10.263066324694403,
    25.921317396492793,
    28.478016919103162,
    24.868762674002813,
    21.333629525940992,
    17.060563251889985,
    13.125963679675397,
    8.390681990261736,
    8.99803168198158,
    8.858540239005253,
    8.07681866349845,
    7.504505749406485,
    7.34064401429275,
    6.2884286189901415,
    4.302764629495555,
    3.758185131796475,
    4.034920955526418,
    3.7160241439424713,
    3.092400756375543,
    2.6575488592016288,
    2.539269969381135,
    2.753445843170429,
    2.939337866059665,
    2.7956266197664985,
    2.70833041339085,
    2.4070071393045884,
    2.3204985117090158,
    2.3160663103235177,
    2.032271385192871,
    1.8739705537927562,
    1.8128451561105663,
    1.8205553375441452,
    1.7074668818506702,
    1.6751210977291238,
    1.6776300298756566,
    1.716170463068732,
    1.7829160731414269,
    1.6310533285140991,
    1.7298835187122739,
    1.874811809638451,
    1.7798819911891017,
    1.6979692783848992,
    1.7465068882909314,
    1.7795615072908073,
    1.7077257879849137,
    1.7635293232983555,
    1.9126768646569088,
    1.9893596603952606,
    2.220909805133425,
    2.4336585299722078,
    2.4666748869008033,
    2.4479326544136835,
    2.408035664722837,
    2.3753143836712014,
    2.282319582741836,
    2.2328745250044197,
    2.1759538280552833,
    2.157666276241171,
    2.2120523699398698,
    2.2867756300959092,
    2.325962157085024,
    2.352712187273749,
    2.367480923389566,
    2.3629188784237565,
    2.3649126003528465,
    2.358549718199105,
    2.3527406166339744,
    2.349210665143769,
    2.3453046700050093,
    2.3385101844524514,
    2.337256748100807
  ],
  "val_acc": [
    19.44289693593315,
    33.1058495821727,
    35.013927576601674,
    34.860724233983284,
    27.10306406685237,
    12.186629526462395,
    11.7966573816156,
    11.7966573816156,
    11.7966573816156,
    11.7966573816156,
    11.7966573816156,
    12.367688022284122,
    31.615598885793872,
    25.292479108635096,
    19.721448467966574,
    16.880222841225628,
    16.671309192200557,
    25.348189415041784,
    32.10306406685237,
    35.571030640668525,
    30.891364902506965,
    18.370473537604457,
    17.11699164345404,
    10.779944289693594,
    8.913649025069638,
    8.036211699164346,
    14.275766016713092,
    14.484679665738161,
    33.551532033426184,
    36.58774373259053,
    22.910863509749305,
    24.66573816155989,
    28.73259052924791,
    36.532033426183844,
    43.62116991643454,
    45.710306406685234,
    48.71866295264624,
    60.12534818941504,
    63.523676880222844,
    63.85793871866295,
    61.420612813370475,
    61.8941504178273,
    64.5125348189415,
    67.42339832869081,
    67.85515320334262,
    63.99721448467967,
    67.85515320334262,
    68.4958217270195,
    64.48467966573816,
    65.32033426183844,
    67.2284122562674,
    72.39554317548746,
    71.82451253481894,
    68.77437325905292,
    70.33426183844011,
    70.41782729805014,
    69.958217270195,
    69.9025069637883,
    71.08635097493037,
    74.38718662952647,
    72.70194986072423,
    72.43732590529248,
    67.96657381615599,
    62.53481894150418,
    65.34818941504179,
    70.51532033426184,
    71.90807799442896,
    70.01392757660167,
    70.34818941504179,
    71.29526462395543,
    72.06128133704735,
    72.29805013927577,
    72.38161559888579,
    72.15877437325905,
    71.7966573816156,
    71.29526462395543,
    71.14206128133705,
    70.72423398328691,
    70.59888579387187,
    70.64066852367688,
    70.57103064066852,
    70.3899721448468,
    70.041782729805,
    69.81894150417827,
    69.77715877437326
  ],