{
  "train_loss": [
    2.311495141549544,
    0.8616900317032229,
    0.5038135779852216,
    0.36410647800022905,
    0.3003125623376532,
    0.2615275945175778,
    0.21467020430348135,
    0.22095512433654882,
    0.18441839253699238,
    0.16491012609648434,
    0.1689431321468543,
    0.12243162734772671,
    0.1034286182416095,
    0.14094989814541556,
    0.09275960600511594,
    0.07611362044487825,
    0.07238812401721423,
    0.0691493069012226,
    0.06010853222952309,
    0.06937019463459199,
    0.04826353526335548,
    0.0505177541159686,
    0.04575348977496932,
    0.055230769990223715,
    0.045523025196003306,
    0.047092580413763324,
    0.0453560012710196,
    0.04842518924851902,
    0.05296087550761348,
    0.032223147980403155,
    0.042148170693756336,
    0.035455610322639004,
    0.03450637272643772,
    0.043095366045070645,
    0.027872191146756944,
    0.03127197453762743,
    0.025578011423931457,
    0.02396543205858589,
    0.030133754485921763,
    0.022957763966670344,
    0.023847809693754905,
    0.02339829925304829,
    0.02779597775820135,
    0.02074007838779256,
    0.01539589753982992,
    0.02311195864141072,
    0.01938849048350345,
    0.018838532892087558,
    0.01127405070424588,
    0.005582310652243905,
    0.0024731492826090703,
    0.001799363691216885,
    0.0014849048939967443,
    0.0014298913030705246,
    0.0014121880902331957,
    0.0020681525923216463,
    0.0012705187102917328,
    0.0012557313017499507,
    0.0011676699263758069,
    0.0012129483455448114,
    0.0011998075857594483,
    0.001145848027425183,
    0.0012692811694498894,
    0.0011319205940791026,
    0.0011148629762994294,
    0.0013752708000538405,
    0.001134698622825619,
    0.0010687145999823274,
    0.001137273048780943,
    0.001167765730894065,
    0.0010389996506009165,
    0.0009727633114380296,
    0.001015966815678191,
    0.0009963259111497212,
    0.0009813052569039758,
    0.0009835233342362865,
    0.0009944950599509123,
    0.0010083733455262104,
    0.0010055788906439293,
    0.001057163553592876,
    0.0009806667681418317,
    0.0010148020020014055,
    0.0009972081299400254,
    0.0009753134942333087,
    0.001004947911662219
  ],
  "train_acc": [
    7.855555555555555,
    69.31777777777778,
    81.68666666666667,
    86.95555555555555,
    89.17555555555556,
    90.7911111111111,
    92.31111111111112,
    92.34222222222222,
    93.46888888888888,
    94.16222222222223,
    94.02444444444444,
    95.83111111111111,
    96.40444444444445,
    95.17777777777778,
    96.83333333333333,
    97.37333333333333,
    97.50444444444445,
    97.60666666666667,
    97.98666666666666,
    97.68444444444444,
    98.30666666666667,
    98.26444444444445,
    98.39555555555556,
    98.08444444444444,
    98.45777777777778,
    98.4088888888889,
    98.47333333333333,
    98.35555555555555,
    98.23555555555555,
    98.9888888888889,
    98.57111111111111,
    98.91555555555556,
    98.83111111111111,
    98.55555555555556,
    99.10444444444444,
    98.93555555555555,
    99.18,
    99.24444444444444,
    99.04666666666667,
    99.2688888888889,
    99.19555555555556,
    99.28666666666666,
    99.10666666666667,
    99.33555555555556,
    99.56666666666666,
    99.26222222222222,
    99.36222222222223,
    99.44222222222223,
    99.68444444444444,
    99.87555555555555,
    99.96444444444444,
    99.97777777777777,
    99.98222222222222,
    99.98222222222222,
    99.99111111111111,
    99.97333333333333,
    99.99333333333334,
    99.99111111111111,
    99.99111111111111,
    99.99555555555555,
    99.99333333333334,
    99.99555555555555,
    99.99333333333334,
    99.99555555555555,
    99.99555555555555,
    99.99111111111111,
    99.99555555555555,
    99.99555555555555,
    99.99555555555555,
    99.99333333333334,
    99.99777777777778,
    100.0,
    100.0,
    100.0,
    100.0,
    100.0,
    100.0,
    100.0,
    100.0,
    99.99777777777778,
    100.0,
    100.0,
    100.0,
    100.0,
    100.0
  ],
  "val_loss": [
    2.3199222005646805,
    1.7142920452972938,
    3.0038026036887335,
    1.4730387987761662,
    0.76966903949606,
    1.6423549569886307,
    1.0507959106872822,
    2.339747161700808,
    1.1113938483698615,
    0.9124489878786022,
    2.082774593912322,
    0.8672109616213831,
    0.916565175714164,
    0.9233208483663099,
    0.7342255382702269,
    1.0462211134104893,
    0.5195861643758314,
    0.6339030060274847,
    1.1249997307514321,
    0.5796212918799499,
    0.884675159536559,
    0.8359665952879807,
    0.7728416755281645,
    0.6206978960283871,
    0.6011966687851938,
    0.7926343186148281,
    0.6481866302161381,
    1.1253041070083092,
    0.7574946818680599,
    0.5212687366995318,
    0.7825489393595991,
    0.7438495128319181,
    0.8565493678224498,
    0.8353582785047334,
    1.2530211847403954,
    0.865448232354789,
    0.45629884148466177,
    0.9442487667346823,
    0.5953937871702786,
    0.9695713520050049,
    0.47473382641529216,
    1.0108633185255116,
    0.6720516208944649,
    0.6154194813350151,
    3.0625144202133705,
    0.606123661172801,
    0.7856914791567572,
    0.7461746951629376,
    0.4352304318855549,
    0.4453265815973282,
    0.42414863767295047,
    0.41620557883690146,
    0.36703337883127146,
    0.3841095417737961,
    0.3446239564439346,
    0.3218484703322937,
    0.3053557739175599,
    0.3230050827922492,
    0.3374030859819774,
    0.34612447742758123,
    0.3532717042955859,
    0.37427245029087725,
    0.3495242600810939,
    0.36816820707814446,
    0.3575098380960267,
    0.37940225930049504,
    0.36584832596367806,
    0.3525592078422678,
    0.3669605450383548,
    0.3512484066445252,
    0.359698161482811,
    0.36938649518736477,
    0.34231047794736663,
    0.3758058064970477,
    0.36658399783331774,
    0.3817849164379054,
    0.3802145180003396,
    0.36123283207416534,
    0.3754294144696203,
    0.3640998016143667,
    0.36901645722060367,
    0.34953324291212806,
    0.3602082986256172,
    0.3517735965293029,
    0.3651275095240823
  ],