{
  "train_loss": [
    3.89382058990245,
    3.213737593621624,
    2.675162649884516,
    2.2762525221522973,
    1.9622855551388798,
    1.7531435428833475,
    1.6046122032768873,
    1.4696775206497736,
    1.3704650043224802,
    1.2795135956637713,
    1.2102143089382016,
    1.1434488631024653,
    1.097229965487305,
    1.0497433309044157,
    1.0042404556760982,
    0.9762898051008886,
    0.9304570944941774,
    0.8997573560597946,
    0.8630420480455671,
    0.8431230655738285,
    0.7950850408904406,
    0.7862748327303906,
    0.7568816846730758,
    0.7236582265824688,
    0.6863615794145331,
    0.6711373931291152,
    0.6460143739775736,
    0.6157569480793816,
    0.6075148796852754,
    0.5709622534258025,
    0.5574137919715473,
    0.5205751354901158,
    0.4997479763566231,
    0.4810203058379037,
    0.4662054733050113,
    0.4328377464292001,
    0.3984160778321782,
    0.38400443187173533,
    0.3676055727564559,
    0.35199594702951764,
    0.33064714933232386,
    0.3011575190692532,
    0.2844985868705779,
    0.26251586024858514,
    0.24374385208499674,
    0.2302833600920074,
    0.1941254689757313,
    0.17054445136870658,
    0.1601076709220604,
    0.13111624798300314,
    0.12551621305851304,
    0.10153434625161546,
    0.08662126863337292,
    0.06886928826950643,
    0.05397055820771018,
    0.04496243802298393,
    0.03508123275063628,
    0.030178761812953318,
    0.024691762321875716,
    0.019792719387772436,
    0.017729454821127713,
    0.015141894309116262,
    0.013632361610819186,
    0.013179001464907612,
    0.012571704502654622,
    0.011993750663740295,
    0.011341210034181724,
    0.010817303638240057,
    0.010913143922783891,
    0.010409650238401884,
    0.010324614317327434,
    0.010176549886581393,
    0.010070950752694388,
    0.009856740770652433,
    0.009961658010107219,
    0.009630144338541645,
    0.009653572722490192,
    0.00970521775948606,
    0.009673721218785765,
    0.009458788093274497,
    0.009322773401473403,
    0.00935911834572575,
    0.009441024388604778,
    0.009552287146905246,
    0.009347762494366996
  ],
  "train_acc": [
    10.24,
    20.698,
    30.864,
    38.95,
    46.102,
    51.01,
    54.636,
    57.966,
    60.598,
    62.882,
    64.69,
    66.338,
    67.502,
    69.146,
    70.37,
    71.128,
    72.336,
    73.14,
    74.194,
    74.582,
    76.026,
    76.198,
    76.718,
    77.926,
    79.046,
    79.296,
    80.17,
    81.064,
    81.132,
    82.238,
    82.754,
    83.954,
    84.522,
    85.04,
    85.476,
    86.566,
    87.564,
    88.102,
    88.664,
    88.942,
    89.936,
    90.766,
    91.288,
    92.034,
    92.524,
    92.986,
    94.218,
    95.14,
    95.442,
    96.474,
    96.652,
    97.414,
    97.884,
    98.448,
    98.942,
    99.176,
    99.432,
    99.584,
    99.676,
    99.81,
    99.844,
    99.89,
    99.938,
    99.914,
    99.932,
    99.93,
    99.94,
    99.944,
    99.946,
    99.958,
    99.954,
    99.968,
    99.972,
    99.966,
    99.962,
    99.972,
    99.974,
    99.968,
    99.97,
    99.97,
    99.968,
    99.978,
    99.974,
    99.976,
    99.97
  ],
  "val_loss": [
    3.5350935816764832,
    3.0924351811408997,
    2.707979899644852,
    2.4056724846363067,
    2.0912676990032195,
    2.0674940824508665,
    1.7515633642673492,
    1.6340931355953217,
    1.698937001824379,
    1.6712999045848846,
    1.4696757197380066,
    1.5237037986516953,
    1.54193417429924,
    1.5246549993753433,
    1.6514057159423827,
    1.5706521272659302,
    1.4573158293962478,
    1.5408459037542344,
    1.421121099591255,
    1.4440821558237076,
    1.7671092659235001,
    1.4782079428434372,
    1.4898549407720565,
    1.499168574810028,
    1.584070536494255,
    1.4828366875648498,
    1.477607935667038,
    1.5317799955606461,
    1.4819577515125275,
    1.7109272211790085,
    1.5978133141994477,
    1.4782913237810136,
    1.46828251183033,
    1.4981650084257125,
    1.410671380162239,
    1.463630098104477,
    1.5952390134334564,
    1.3821848660707474,
    1.4597697049379348,
    1.4329002916812896,
    1.42710083425045,
    1.4681798458099364,
    1.399725180864334,
    1.3988709568977356,
    1.4578291058540345,
    1.4002890974283217,
    1.3261444613337516,
    1.4154676407575608,
    1.2964798092842102,
    1.2406376913189887,
    1.2672857612371444,
    1.2329928547143936,
    1.2493211761116982,
    1.1601191073656083,
    1.1460409447550775,
    1.1123110800981522,
    1.0778439968824387,
    1.0694510087370872,
    1.0467002063989639,
    1.0164030387997627,
    0.9935656756162643,
    0.9876093849539757,
    0.9833114176988602,
    0.9665931075811386,
    0.9600593879818916,
    0.9586276531219482,
    0.950212998688221,
    0.9470112353563309,
    0.947309909760952,
    0.942474015057087,
    0.9416889280080796,
    0.9403282582759858,
    0.936418904364109,
    0.9382459729909897,
    0.9355445757508278,
    0.934485425055027,
    0.9309139624238014,
    0.9340153843164444,
    0.9322343096137047,
    0.9308072119951248,
    0.9330233812332154,
    0.9313863798975944,
    0.9317386776208878,
    0.931635171175003,
    0.9302345439791679
  ],
  "val_acc": [
    15.99,
    23.3,
    30.99,
    37.46,
    44.45,
    44.98,
    50.94,
    54.18,
    52.95,
    54.84,
    58.97,
    58.27,
    58.21,
    58.12,
    57.02,
    57.42,
    60.45,
    57.89,
    61.23,
    62.09,
    55.81,
    60.91,
    60.86,
    61.12,
    59.27,
    62.62,
    61.83,
    61.9,
    61.93,
    58.54,
    60.24,
    64.27,
    63.82,
    62.81,
    64.75,
    64.07,
    62.52,
    65.69,
    65.01,
    65.48,
    65.49,
    65.18,
    66.94,
    67.08,
    65.7,
    66.94,
    68.02,
    66.88,
    68.73,
    69.58,
    70.48,
    70.69,
    70.8,
    72.06,
    72.49,
    72.98,
    73.83,
    74.45,
    74.6,
    75.0,
    75.27,
    75.34,
    75.33,
    75.81,
    75.8,
    75.86,
    76.16,
    76.03,
    76.16,
    76.01,
    76.03,
    76.06,
    76.26,
    76.23,
    76.22,
    76.28,
    76.35,
    76.13,
    76.25,
    76.1,
    76.29,
    76.22,
    76.33,
    76.26,
    76.22
  ],