{
  "train_loss": [
    4.357499480247498,
    3.9113458037376403,
    3.6908481121063232,
    3.5523936986923217,
    3.4060391902923586,
    3.246412932872772,
    3.092370390892029,
    2.9497884631156923,
    2.809511923789978,
    2.6567569971084595,
    2.53772748708725,
    2.3826162219047546,
    2.2503095388412477,
    2.1449943661689757,
    2.0032083332538604,
    1.8729003429412843,
    1.7449230611324311,
    1.6300481677055358,
    1.4569201707839965,
    1.3662843883037568,
    1.2494122684001923,
    1.1129721820354461,
    1.0060248613357543,
    0.8892437517642975,
    0.7798714846372604,
    0.6893594354391098,
    0.6082479983568192,
    0.4822229161858559,
    0.3930035024881363,
    0.31798057705163957,
    0.2783873945474625,
    0.24049207642674447,
    0.1964250773191452,
    0.15752177350223065,
    0.14348544962704182,
    0.11119799651205539,
    0.09513730593025685,
    0.07941767126321793,
    0.06459760256111621,
    0.05484368242323399,
    0.04589509628713131,
    0.04043342340737581,
    0.033276528026908635,
    0.02804234754294157,
    0.023099806811660527,
    0.020864728977903722,
    0.021626569284126162,
    0.01689024390652776,
    0.015615161089226604,
    0.013291056035086513,
    0.013558206055313349,
    0.012326847994700074,
    0.01274966923519969,
    0.010720791760832071,
    0.010008446453139187,
    0.009491843776777387,
    0.009005486569367348,
    0.008564807684160769,
    0.00852299933321774,
    0.008026215364225209,
    0.008424173155799509,
    0.007777487160637975,
    0.00800097081810236,
    0.007394904550164938,
    0.007617716398090124,
    0.0072562068467959765,
    0.0071108982199803,
    0.0071227909997105595,
    0.007340188533999026,
    0.007064841943792999,
    0.006641910714097321,
    0.006994466716423631,
    0.006654758471995592,
    0.006360692321322858,
    0.0063602975336834785,
    0.006432326836511492,
    0.006777989375405013,
    0.00645936974324286,
    0.006467666337266564,
    0.006282790889963507,
    0.006082724756561219,
    0.00629680494312197,
    0.0062144500436261295,
    0.005992482020519674,
    0.006059245462529362
  ],
  "train_acc": [
    4.72,
    8.38,
    12.0,
    14.78,
    17.06,
    19.44,
    22.42,
    24.84,
    27.2,
    30.64,
    32.82,
    35.92,
    38.72,
    41.38,
    45.12,
    47.9,
    51.04,
    54.24,
    58.24,
    60.5,
    64.3,
    68.2,
    71.7,
    75.34,
    78.14,
    81.28,
    83.98,
    88.22,
    91.1,
    94.0,
    94.18,
    95.24,
    96.64,
    97.4,
    97.76,
    98.54,
    98.72,
    99.32,
    99.42,
    99.5,
    99.72,
    99.8,
    99.88,
    99.86,
    99.98,
    99.92,
    99.82,
    99.98,
    100.0,
    100.0,
    100.0,
    99.94,
    99.96,
    100.0,
    99.98,
    100.0,
    100.0,
    100.0,
    100.0,
    100.0,
    100.0,
    100.0,
    100.0,
    100.0,
    100.0,
    100.0,
    100.0,
    100.0,
    100.0,
    100.0,
    100.0,
    100.0,
    100.0,
    100.0,
    100.0,
    100.0,
    100.0,
    100.0,
    100.0,
    100.0,
    100.0,
    100.0,
    100.0,
    100.0,
    100.0
  ],
  "val_loss": [
    6.815966558456421,
    4.537937605381012,
    3.964445674419403,
    3.919027727842331,
    3.649164527654648,
    3.7587723076343535,
    3.424578791856766,
    3.572265923023224,
    3.369941920042038,
    3.486017870903015,
    3.4777773559093474,
    3.3361307084560394,
    3.34218510389328,
    3.200021094083786,
    3.2362832129001617,
    3.354758840799332,
    3.305375498533249,
    3.4643228709697724,
    3.370047575235367,
    3.214420258998871,
    3.3493787944316864,
    3.5242006182670593,
    3.326244080066681,
    3.5517740547657013,
    3.4138150036334993,
    3.3339999973773957,
    3.516719365119934,
    3.5230781555175783,
    3.4630398869514467,
    3.5681153893470765,
    3.4305200278759003,
    3.5593376040458677,
    3.493469846248627,
    3.5842248857021333,
    3.6602670907974244,
    3.5940187692642214,
    3.641616779565811,
    3.61222203373909,
    3.58010556101799,
    3.6767163038253785,
    3.6133989095687866,
    3.6453534424304963,
    3.610780084133148,
    3.627066856622696,
    3.6405865430831907,
    3.655656266212463,
    3.6354241013526916,
    3.645568925142288,
    3.6763000547885896,
    3.6533458054065706,
    3.651851141452789,
    3.6852945744991303,
    3.6912350237369536,
    3.6757328689098356,
    3.6831576108932493,
    3.7071823954582213,
    3.6906028389930725,
    3.688274246454239,
    3.686161130666733,
    3.6911683857440947,
    3.6955792605876923,
    3.69862539768219,
    3.7134721338748933,
    3.7090446650981903,
    3.71130091547966,
    3.706793600320816,
    3.7143067002296446,
    3.7098439991474152,
    3.713314247131348,
    3.715540146827698,
    3.718938463926315,
    3.722257137298584,
    3.713684839010239,
    3.7181841492652894,
    3.722893941402435,
    3.7175844311714172,
    3.7256137251853945,
    3.7199277102947237,
    3.716126960515976,
    3.7165441453456878,
    3.7186501264572143,
    3.7231032252311707,
    3.7213339269161225,
    3.720268076658249,
    3.720529782772064
  ],
  "val_acc": [
    3.81,
    7.06,
    9.99,
    10.47,
    13.9,
    14.71,
    18.54,
    18.1,
    20.29,
    19.2,
    20.52,
    22.93,
    21.81,
    25.23,
    24.82,
    24.16,
    25.53,
    25.37,
    26.45,
    28.59,
    28.19,
    27.14,
    29.52,
    28.96,
    29.62,
    31.25,
    30.84,
    30.41,
    31.9,
    31.36,
    32.32,
    32.12,
    32.66,
    33.43,
    32.19,
    34.32,
    33.37,
    34.29,
    34.6,
    34.76,
    35.11,
    34.93,
    35.15,
    35.44,
    35.2,
    35.6,
    35.86,
    35.57,
    35.67,
    36.0,
    36.2,
    35.81,
    35.78,
    36.08,
    35.89,
    35.82,
    35.97,
    35.98,
    36.0,
    35.95,
    36.23,
    36.27,
    36.06,
    36.07,
    36.09,
    36.18,
    36.1,
    36.2,
    36.25,
    36.1,
    36.04,
    36.07,
    36.22,
    36.14,
    36.06,
    36.1,
    36.01,
    36.05,
    36.08,
    36.08,
    36.11,
    36.01,
    36.09,
    35.98,
    36.07
  ],