{
  "week": 2,
  "completed_experiments": [
    "cifar10_5000epc_w10_sgd_s123",
    "cifar10_50epc_w10_sgd_s123",
    "cifar10_100epc_w5_sgd_s123",
    "cifar10_50epc_w5_sgd_s456",
    "cifar10_500epc_w0_sgd_s456",
    "cifar10_5000epc_w20_sgd_s456",
    "cifar10_1000epc_w0_sgd_s456",
    "cifar10_100epc_w20_sgd_s456",
    "cifar10_500epc_w0_sgd_s123",
    "cifar10_500epc_w20_sgd_s123",
    "cifar10_1000epc_w20_sgd_s456",
    "cifar10_50epc_w1_sgd_s123",
    "cifar10_50epc_w20_sgd_s123",
    "cifar10_5000epc_w5_sgd_s123",
    "cifar10_100epc_w0_sgd_s456",
    "cifar10_1000epc_w20_sgd_s123",
    "cifar10_50epc_w0_sgd_s123",
    "cifar10_5000epc_w1_sgd_s123",
    "cifar10_500epc_w5_sgd_s123",
    "cifar10_500epc_w10_sgd_s456",
    "cifar10_50epc_w0_sgd_s456",
    "cifar10_100epc_w1_sgd_s123",
    "cifar10_50epc_w1_sgd_s456",
    "cifar10_500epc_w1_sgd_s123",
    "cifar10_100epc_w5_sgd_s456",
    "cifar10_50epc_w5_sgd_s123",
    "cifar10_500epc_w20_sgd_s456",
    "cifar10_50epc_w20_sgd_s456",
    "cifar10_1000epc_w10_sgd_s456",
    "cifar10_1000epc_w5_sgd_s123",
    "cifar10_1000epc_w1_sgd_s456",
    "cifar10_100epc_w20_sgd_s123",
    "cifar10_100epc_w10_sgd_s123",
    "cifar10_5000epc_w0_sgd_s456",
    "cifar10_50epc_w10_sgd_s456",
    "cifar10_500epc_w10_sgd_s123",
    "cifar10_1000epc_w1_sgd_s123",
    "cifar10_5000epc_w5_sgd_s456",
    "cifar10_1000epc_w0_sgd_s123",
    "cifar10_1000epc_w10_sgd_s123",
    "cifar10_100epc_w1_sgd_s456",
    "cifar10_5000epc_w0_sgd_s123",
    "cifar10_5000epc_w20_sgd_s123",
    "cifar10_5000epc_w10_sgd_s456",
    "cifar10_100epc_w0_sgd_s123",
    "cifar10_5000epc_w1_sgd_s456",
    "cifar10_100epc_w10_sgd_s456",
    "cifar10_500epc_w1_sgd_s456",
    "cifar10_1000epc_w5_sgd_s456",
    "cifar10_500epc_w5_sgd_s456"
  ],
  "results": [
    {
      "experiment_name": "cifar10_5000epc_w0_sgd_s123",
      "dataset": "cifar10",
      "examples_per_class": 5000,
      "warmup_epochs": 0,
      "optimizer": "sgd",
      "seed": 123,
      "best_val_acc": 94.59,
      "final_val_acc": 94.57,
      "training_time_seconds": 3696.714216709137,
      "total_epochs": 85,
      "batch_size": 256
    },
    {
      "experiment_name": "cifar10_5000epc_w0_sgd_s456",
      "dataset": "cifar10",
      "examples_per_class": 5000,
      "warmup_epochs": 0,
      "optimizer": "sgd",
      "seed": 456,
      "best_val_acc": 94.74,
      "final_val_acc": 94.72,
      "training_time_seconds": 3692.56592130661,
      "total_epochs": 85,
      "batch_size": 256
    },
    {
      "experiment_name": "cifar10_5000epc_w1_sgd_s123",
      "dataset": "cifar10",
      "examples_per_class": 5000,
      "warmup_epochs": 1,
      "optimizer": "sgd",
      "seed": 123,
      "best_val_acc": 94.59,
      "final_val_acc": 94.53,
      "training_time_seconds": 3691.97993350029,
      "total_epochs": 85,
      "batch_size": 256
    },
    {
      "experiment_name": "cifar10_5000epc_w1_sgd_s456",
      "dataset": "cifar10",
      "examples_per_class": 5000,
      "warmup_epochs": 1,
      "optimizer": "sgd",
      "seed": 456,
      "best_val_acc": 94.37,
      "final_val_acc": 94.32,
      "training_time_seconds": 3690.0767018795013,
      "total_epochs": 85,
      "batch_size": 256
    },
    {
      "experiment_name": "cifar10_5000epc_w5_sgd_s123",
      "dataset": "cifar10",
      "examples_per_class": 5000,
      "warmup_epochs": 5,
      "optimizer": "sgd",
      "seed": 123,
      "best_val_acc": 94.99,
      "final_val_acc": 94.94,
      "training_time_seconds": 3694.5189044475555,
      "total_epochs": 85,
      "batch_size": 256
    },
    {
      "experiment_name": "cifar10_5000epc_w5_sgd_s456",
      "dataset": "cifar10",
      "examples_per_class": 5000,
      "warmup_epochs": 5,
      "optimizer": "sgd",
      "seed": 456,
      "best_val_acc": 94.72,
      "final_val_acc": 94.65,
      "training_time_seconds": 3695.971305847168,
      "total_epochs": 85,
      "batch_size": 256
    },
    {
      "experiment_name": "cifar10_5000epc_w10_sgd_s123",
      "dataset": "cifar10",
      "examples_per_class": 5000,
      "warmup_epochs": 10,
      "optimizer": "sgd",
      "seed": 123,
      "best_val_acc": 94.79,
      "final_val_acc": 94.71,
      "training_time_seconds": 3695.5262546539307,
      "total_epochs": 85,
      "batch_size": 256
    },
    {
      "experiment_name": "cifar10_5000epc_w10_sgd_s456",
      "dataset": "cifar10",
      "examples_per_class": 5000,
      "warmup_epochs": 10,
      "optimizer": "sgd",
      "seed": 456,
      "best_val_acc": 94.68,
      "final_val_acc": 94.63,
      "training_time_seconds": 3687.7630336284637,
      "total_epochs": 85,
      "batch_size": 256
    },
    {
      "experiment_name": "cifar10_5000epc_w20_sgd_s123",
      "dataset": "cifar10",
      "examples_per_class": 5000,
      "warmup_epochs": 20,
      "optimizer": "sgd",
      "seed": 123,
      "best_val_acc": 94.86,
      "final_val_acc": 94.8,
      "training_time_seconds": 3684.305585384369,
      "total_epochs": 85,
      "batch_size": 256
    },
    {
      "experiment_name": "cifar10_5000epc_w20_sgd_s456",
      "dataset": "cifar10",
      "examples_per_class": 5000,
      "warmup_epochs": 20,
      "optimizer": "sgd",
      "seed": 456,
      "best_val_acc": 94.91,
      "final_val_acc": 94.79,
      "training_time_seconds": 374.79143357276917,
      "total_epochs": 85,
      "batch_size": 256
    },
    {
      "experiment_name": "cifar10_1000epc_w0_sgd_s123",
      "dataset": "cifar10",
      "examples_per_class": 1000,
      "warmup_epochs": 0,
      "optimizer": "sgd",
      "seed": 123,
      "best_val_acc": 82.16,
      "final_val_acc": 81.79,
      "training_time_seconds": 301.6328914165497,
      "total_epochs": 85,
      "batch_size": 256
    },
    {
      "experiment_name": "cifar10_1000epc_w0_sgd_s456",
      "dataset": "cifar10",
      "examples_per_class": 1000,
      "warmup_epochs": 0,
      "optimizer": "sgd",
      "seed": 456,
      "best_val_acc": 81.45,
      "final_val_acc": 81.23,
      "training_time_seconds": 305.0344183444977,
      "total_epochs": 85,
      "batch_size": 256
    },
    {
      "experiment_name": "cifar10_1000epc_w1_sgd_s123",
      "dataset": "cifar10",
      "examples_per_class": 1000,
      "warmup_epochs": 1,
      "optimizer": "sgd",
      "seed": 123,
      "best_val_acc": 77.51,
      "final_val_acc": 77.42,
      "training_time_seconds": 307.3992817401886,
      "total_epochs": 85,
      "batch_size": 256
    },
    {
      "experiment_name": "cifar10_1000epc_w1_sgd_s456",
      "dataset": "cifar10",
      "examples_per_class": 1000,
      "warmup_epochs": 1,
      "optimizer": "sgd",
      "seed": 456,
      "best_val_acc": 77.74,
      "final_val_acc": 77.43,
      "training_time_seconds": 305.1754426956177,
      "total_epochs": 85,
      "batch_size": 256
    },
    {
      "experiment_name": "cifar10_1000epc_w5_sgd_s123",
      "dataset": "cifar10",
      "examples_per_class": 1000,
      "warmup_epochs": 5,
      "optimizer": "sgd",
      "seed": 123,
      "best_val_acc": 84.1,
      "final_val_acc": 83.85,
      "training_time_seconds": 302.56157302856445,
      "total_epochs": 85,
      "batch_size": 256
    },
    {
      "experiment_name": "cifar10_1000epc_w5_sgd_s456",
      "dataset": "cifar10",
      "examples_per_class": 1000,
      "warmup_epochs": 5,
      "optimizer": "sgd",
      "seed": 456,
      "best_val_acc": 82.96,
      "final_val_acc": 82.91,
      "training_time_seconds": 302.8249080181122,
      "total_epochs": 85,
      "batch_size": 256
    },
    {
      "experiment_name": "cifar10_1000epc_w10_sgd_s123",
      "dataset": "cifar10",
      "examples_per_class": 1000,
      "warmup_epochs": 10,
      "optimizer": "sgd",
      "seed": 123,
      "best_val_acc": 84.54,
      "final_val_acc": 84.3,
      "training_time_seconds": 300.2004392147064,
      "total_epochs": 85,