{
  "train_loss": [
    2.300784167316225,
    1.2603953348265753,
    1.1312641617324617,
    1.210996463894844,
    1.0788290682766173,
    0.8821164204014672,
    0.8260584738519456,
    0.7857387446694903,
    0.7849312143193351,
    0.7165362007088132,
    0.6879255738523271,
    0.6763593968417909,
    0.9007007032632828,
    0.7525852272907892,
    0.6060397691196866,
    0.5855481127897898,
    0.5370043052567376,
    0.506125727461444,
    0.502722442150116,
    0.44531740496555966,
    0.419274788763788,
    0.4059455609983868,
    0.38638124283817077,
    0.3614892628457811,
    0.36298177142937976,
    0.39005041701926124,
    0.30921585899260307,
    0.3073840873936812,
    0.38387589943077827,
    0.2856854730182224,
    0.25330707596408,
    0.2566514040033023,
    0.2013537788556682,
    0.1938236386825641,
    0.19772870962818465,
    0.16350085702207354,
    0.17833516436318556,
    0.14500253130164412,
    0.10795460330943267,
    0.0944397933781147,
    0.11393191655062967,
    0.09087617602199316,
    0.0657965617461337,
    0.05776780269419154,
    0.05083731383395692,
    0.079052591489421,
    0.03370766310642163,
    0.058617999932418265,
    0.037229464260033436,
    0.022484858753159642,
    0.01934301624229799,
    0.04118592442116804,
    0.01916451135184616,
    0.010966852016281337,
    0.017311247017156955,
    0.020339039037935436,
    0.005056007713493373,
    0.0036752260089593213,
    0.007262341679759427,
    0.009810785665952912,
    0.019781322515983548,
    0.00809774998601319,
    0.004147418043834882,
    0.0036529838624927732,
    0.0025411972326562842,
    0.0024881644268235606,
    0.0018177761408474504,
    0.005362901637757507,
    0.0054638612847257816,
    0.002644725415545205,
    0.003083854980003606,
    0.004886336372389148,
    0.002515164614629207,
    0.0025106522403398734,
    0.0033508304331917316,
    0.0027501613965594312,
    0.0021268899533121535,
    0.0017239607534267837,
    0.0015796156027742352,
    0.003233535218492357,
    0.0017403258777145918,
    0.0017847829149104655,
    0.0028063207282684743,
    0.0020254487640664186,
    0.00216219455049011
  ],
  "train_acc": [
    38.833333333333336,
    53.78888888888889,
    61.27777777777778,
    59.333333333333336,
    60.422222222222224,
    66.0,
    68.4888888888889,
    70.24444444444444,
    70.47777777777777,
    73.12222222222222,
    74.14444444444445,
    77.55555555555556,
    67.33333333333333,
    72.0111111111111,
    78.08888888888889,
    77.6,
    80.0,
    81.53333333333333,
    81.41111111111111,
    83.34444444444445,
    84.84444444444445,
    84.93333333333334,
    85.93333333333334,
    86.21111111111111,
    86.3,
    85.76666666666667,
    88.57777777777778,
    89.03333333333333,
    86.17777777777778,
    89.32222222222222,
    91.12222222222222,
    90.47777777777777,
    92.64444444444445,
    93.07777777777778,
    92.84444444444445,
    94.04444444444445,
    93.93333333333334,
    94.94444444444444,
    96.35555555555555,
    96.93333333333334,
    95.96666666666667,
    97.07777777777778,
    97.96666666666667,
    98.22222222222223,
    98.4888888888889,
    97.41111111111111,
    99.1,
    98.07777777777778,
    98.88888888888889,
    99.4,
    99.57777777777778,
    98.74444444444444,
    99.55555555555556,
    99.76666666666667,
    99.87777777777778,
    99.4,
    99.97777777777777,
    99.94444444444444,
    99.95555555555555,
    99.81111111111112,
    99.74444444444444,
    99.84444444444445,
    99.95555555555555,
    99.96666666666667,
    100.0,
    99.96666666666667,
    100.0,
    99.97777777777777,
    99.9,
    100.0,
    99.97777777777777,
    99.91111111111111,
    99.9888888888889,
    100.0,
    99.9888888888889,
    99.9888888888889,
    99.97777777777777,
    100.0,
    100.0,
    99.97777777777777,
    99.9888888888889,
    99.9888888888889,
    99.9888888888889,
    99.9888888888889,
    100.0
  ],
  "val_loss": [
    23.672783621426287,
    2.2550856286081773,
    2.449986511263354,
    5.835514459116705,
    3.1380457035426437,
    2.776258441908606,
    2.9444946564477066,
    2.6970861286952577,
    3.026459841892637,
    2.520412812972891,
    2.8710525857991187,
    2.952409810033338,
    3.0031487695102035,
    0.9058303771347835,
    1.480858432835546,
    0.8050604236537012,
    0.6772875590571041,
    2.0839961808303307,
    1.7156380743815982,
    1.4830299410326728,
    2.3447844160014184,
    0.8053578467204653,
    1.4569916766265343,
    3.095056254288246,
    1.5951000452041626,
    1.1002171204007904,
    1.0396375388934695,
    0.8718930688397638,
    0.8722756093945997,
    0.831741615616042,
    1.3648374697257732,
    1.0006488541076923,
    1.1486049212258438,
    1.179845964086467,
    0.615639616703165,
    1.032836178253437,
    0.7940966301950915,
    1.5259213242037544,
    0.7919722137780025,
    0.9463535197849932,
    0.9162985620827511,
    0.7797753132622818,
    1.1661787115294358,
    0.7609889589507004,
    1.10525348885306,
    1.30659046255309,
    1.2845273572823097,
    0.9425172805786133,
    1.2768559291444976,
    1.0956786912063072,
    0.9913614083980692,
    1.355867916140063,
    0.9951090196083332,
    1.0878159712100852,
    0.8698706606338764,
    0.9040914815047691,
    0.8455081109342903,
    0.9062589591947096,
    0.8874123404765951,
    0.8335032894693571,
    1.2542804150745785,
    1.061824498505428,
    0.8329358224211068,
    0.8576367744084062,
    0.8610853778904882,
    0.8220586119026974,
    0.9020748282301014,
    0.8414708005970922,
    0.9523668165864616,
    0.9364329000999188,
    0.9247905879185118,
    0.932239109072192,
    0.9154046157310749,
    0.8911982918607777,
    0.9161155593806299,
    0.9536268351406887,
    0.9451308784813717,
    0.9302877002748949,
    0.9412382101190502,
    0.923907473169524,
    0.9372127569954971,
    0.943952714574748,
    0.9354832521800337,
    0.9097625572105934,
    0.962755429333654
  ],
  "val_acc": [
    18.84401114206128,
    63.80222841225627,
    42.98050139275766,
    37.68802228412256,
    64.55431754874652,
    72.0891364902507,
    69.03899721448468,
    60.97493036211699,
    61.08635097493036,
    72.79944289693593,
    65.5849582172702,
    43.816155988857936,
    30.027855153203344,
    70.6824512534819,
    52.31197771587744,
    71.42061281337047,
    78.17548746518106,
    56.796657381615596,
    51.83844011142061,
    60.139275766016716,
    54.12256267409471,
    73.63509749303621,
    60.73816155988858,
    51.67130919220056,
    63.022284122562674,
    64.025069637883,
    66.96378830083566,
    72.0891364902507,
    72.8133704735376,
    72.17270194986072,
    64.69359331476323,
    68.03621169916434,
    67.6740947075209,
    67.3259052924791,
    81.54596100278552,
    68.63509749303621,
    76.016713091922,
    63.3008356545961,
    77.40947075208913,
    75.0,
    73.41225626740948,
    77.89693593314763,
    69.08077994428969,
    80.57103064066852,
    75.30640668523677,
    71.62952646239555,
    75.65459610027855,
    76.57381615598885,
    72.7158774373259,
    76.78272980501393,
    79.09470752089136,
    72.27019498607243,
    78.4958217270195,
    78.3008356545961,
    82.36768802228413,
    79.15041782729806,
    80.26462395543176,
    77.92479108635098,
    80.84958217270194,
    80.6267409470752,
    70.43175487465182,
    73.63509749303621,
    81.64345403899722,
    79.69359331476323,
    80.44568245125348,
    81.86629526462396,
    79.66573816155989,
    81.57381615598885,
    79.58217270194986,
    79.49860724233983,
    79.48467966573816,
    79.3175487465181,
    79.86072423398329,
    79.93036211699165,
    79.33147632311977,
    78.8857938718663,
    78.85793871866295,
    79.40111420612813,
    79.06685236768803,
    79.44289693593315,
    79.3175487465181,
    78.70473537604457,
    79.28969359331477,
    79.84679665738162,
    78.45403899721448
  ],