{
  "train_loss": [
    4.727930879592895,
    4.584017825126648,
    4.324378442764282,
    4.101973557472229,
    3.939387345314026,
    3.8023599982261658,
    3.6793618321418764,
    3.6051914930343627,
    3.504357647895813,
    3.3815226793289184,
    3.274298810958862,
    3.151426362991333,
    3.0191063284873962,
    2.8719688177108766,
    2.7691989302635194,
    2.6161289691925047,
    2.4899346113204954,
    2.310022437572479,
    2.151215010881424,
    2.0797681987285612,
    1.9214106857776643,
    1.7752665877342224,
    1.6361606895923615,
    1.5432095527648926,
    1.400415974855423,
    1.3079961329698562,
    1.1429991900920868,
    0.9996548622846604,
    0.9053536981344223,
    0.811864310503006,
    0.75680972635746,
    0.6539199560880661,
    0.5667231023311615,
    0.4761529311537743,
    0.40577720403671264,
    0.3089213266968727,
    0.23679615184664726,
    0.1815214730799198,
    0.152019015327096,
    0.12721951976418494,
    0.10163929983973503,
    0.08399727605283261,
    0.06240194458514452,
    0.04980516321957111,
    0.04479798302054405,
    0.03644646406173706,
    0.030418782401829957,
    0.023999364022165535,
    0.02129156389273703,
    0.020197311230003834,
    0.020592939294874667,
    0.021398971602320672,
    0.02165041505359113,
    0.017949440237134694,
    0.015434142481535674,
    0.014618110191076995,
    0.01445712661370635,
    0.013350096251815557,
    0.013922992628067732,
    0.013807803299278021,
    0.013797127036377787,
    0.013056907523423433,
    0.013095541950315237,
    0.011928267171606421,
    0.012247250881046057,
    0.012269417429342866,
    0.012203098181635142,
    0.012058257404714823,
    0.012669376423582434,
    0.012219415372237563,
    0.01183084174990654,
    0.011574160167947411,
    0.011670409701764584,
    0.011222686804831027,
    0.011925154738128186,
    0.011658224323764444,
    0.011551640648394822,
    0.011770343966782093,
    0.01138095031492412,
    0.011435164092108607,
    0.011438086442649365,
    0.011322098365053535,
    0.01147531126625836,
    0.011171269183978438,
    0.011014800937846302
  ],
  "train_acc": [
    0.78,
    2.82,
    4.56,
    6.82,
    9.86,
    11.22,
    12.84,
    14.24,
    16.12,
    17.98,
    19.74,
    22.72,
    23.86,
    27.26,
    28.6,
    31.38,
    34.14,
    37.54,
    41.3,
    43.32,
    46.9,
    50.6,
    53.58,
    55.24,
    59.24,
    62.24,
    65.98,
    71.08,
    74.08,
    76.3,
    77.08,
    80.98,
    84.86,
    86.84,
    89.04,
    92.04,
    94.46,
    96.12,
    97.0,
    97.72,
    98.38,
    98.7,
    99.22,
    99.58,
    99.66,
    99.78,
    99.72,
    99.96,
    99.96,
    99.96,
    99.96,
    99.92,
    99.86,
    99.92,
    100.0,
    100.0,
    100.0,
    99.98,
    99.98,
    99.98,
    100.0,
    99.98,
    100.0,
    100.0,
    100.0,
    100.0,
    100.0,
    100.0,
    100.0,
    100.0,
    100.0,
    100.0,
    100.0,
    100.0,
    100.0,
    100.0,
    100.0,
    100.0,
    100.0,
    100.0,
    100.0,
    100.0,
    100.0,
    100.0,
    100.0
  ],
  "val_loss": [
    4.671073067188263,
    4.811991453170776,
    4.342667090892792,
    4.2163898229599,
    4.063266944885254,
    4.161216443777084,
    4.087216758728028,
    4.136188244819641,
    4.002867424488068,
    4.079030907154083,
    3.946537137031555,
    4.003606760501862,
    3.8511030435562135,
    3.958464813232422,
    3.7839713633060454,
    3.6019951522350313,
    3.5947376787662506,
    3.504954069852829,
    3.6036311030387878,
    3.6406978189945223,
    3.9348274528980256,
    3.7420843839645386,
    3.6033718407154085,
    3.730144602060318,
    3.656589138507843,
    3.8747712135314942,
    4.075227528810501,
    3.9832106113433836,
    3.817202466726303,
    4.075139534473419,
    3.8858457446098327,
    3.9495935082435607,
    4.088992238044739,
    3.9884260952472688,
    3.904252290725708,
    3.9587320744991303,
    3.9872468948364257,
    3.9117830634117126,
    3.9137042641639708,
    4.005040782690048,
    4.022063654661179,
    3.880126827955246,
    3.8083545446395872,
    3.873956340551376,
    3.847541403770447,
    3.780264937877655,
    3.7743948459625245,
    3.7733612835407255,
    3.7357110679149628,
    3.757235199213028,
    3.7099431812763215,
    3.7638905942440033,
    3.708807331323624,
    3.689349687099457,
    3.688860124349594,
    3.6753315687179566,
    3.663550305366516,
    3.657189428806305,
    3.666341781616211,
    3.662102347612381,
    3.6544369518756867,
    3.6430758833885193,
    3.6379019260406493,
    3.6334753692150117,
    3.634261268377304,
    3.632484406232834,
    3.6311091780662537,
    3.624346226453781,
    3.6157445669174195,
    3.616669923067093,
    3.616768425703049,
    3.614902502298355,
    3.6085074663162233,
    3.6115048825740814,
    3.608007276058197,
    3.608093059062958,
    3.611570805311203,
    3.6088517904281616,
    3.604157018661499,
    3.6019304156303407,
    3.6025430798530578,
    3.6100068151950837,
    3.610598635673523,
    3.6073856890201568,
    3.60649773478508
  ],
  "val_acc": [
    0.84,
    3.4,
    6.06,
    6.42,
    8.54,
    8.32,
    10.45,
    10.32,
    11.97,
    12.06,
    14.57,
    14.96,
    15.78,
    15.36,
    17.35,
    19.99,
    21.12,
    22.33,
    21.02,
    21.32,
    20.65,
    22.23,
    24.45,
    23.98,
    25.38,
    24.71,
    23.81,
    25.74,
    26.97,
    24.81,
    26.32,
    26.91,
    26.75,
    27.3,
    29.53,
    28.43,
    29.39,
    30.49,
    29.85,
    30.36,
    30.89,
    31.19,
    31.98,
    31.03,
    32.84,
    32.66,
    32.9,
    33.31,
    33.43,
    33.13,
    33.39,
    32.97,
    33.08,
    33.52,
    33.61,
    33.65,
    33.51,
    33.64,
    33.44,
    33.45,
    33.39,
    33.51,
    33.64,
    33.5,
    33.52,
    33.85,
    33.69,
    33.68,
    33.83,
    33.8,
    33.76,
    33.91,
    33.76,
    33.84,
    33.88,
    33.83,
    33.81,
    33.73,
    33.84,
    33.82,
    33.75,
    33.75,
    33.76,
    33.7,
    33.77
  ],