{
  "train_loss": [
    4.730184260679751,
    3.7365232365471974,
    3.0803798862865994,
    2.6158028001687965,
    2.247738998763415,
    1.989550833799401,
    1.7380594380047856,
    1.5537956959130812,
    1.4130857361822713,
    1.2869148713593581,
    1.179517603650385,
    1.0839446187019348,
    0.9968941643530008,
    0.9138769841924006,
    0.8466644177631456,
    0.789788273524265,
    0.7136795669794083,
    0.6511204013106774,
    0.5939210096792299,
    0.5435076374180463,
    0.4897640317070241,
    0.44060057614530834,
    0.3907030753943385,
    0.35988952736465296,
    0.3199961060772137,
    0.2930805544768061,
    0.2532692756123689,
    0.22081555635193173,
    0.20122837564166712,
    0.19009445767317498,
    0.1666767851506569,
    0.1594893815261977,
    0.1348833138009115,
    0.12751622889571043,
    0.11220540216534722,
    0.1072263083591753,
    0.09191991820247197,
    0.08123078845365315,
    0.08633320022146312,
    0.07269122153140452,
    0.07275289359825607,
    0.06369266887100375,
    0.05073644403292208,
    0.04583867096665258,
    0.042764906467375706,
    0.042106047381970046,
    0.04259304163920484,
    0.04038588824795977,
    0.031590489124195,
    0.025801919966137836,
    0.021916266606778513,
    0.021110059301444918,
    0.020702354845172743,
    0.018015395785795942,
    0.01634143646426347,
    0.015709780410825446,
    0.01129928746792887,
    0.010998737851599688,
    0.010284130746612743,
    0.010294198024096158,
    0.008287671690317328,
    0.008335111098487539,
    0.006534410486762811,
    0.007843860447625344,
    0.005200769453207316,
    0.005225349768547208,
    0.004126943882770969,
    0.0037387216737498623,
    0.003501318250509568,
    0.0031032771714345304,
    0.0031221024454476274,
    0.0023329249146330283,
    0.0025764416430468615,
    0.0024382635978958092,
    0.002259588489880339,
    0.0021515757285595436,
    0.0020431384678255313,
    0.001745269682236985,
    0.001551396139375913,
    0.0016870846884557977,
    0.001455570746341492,
    0.0014258279398021915,
    0.0013798489196734428,
    0.0013228905412762863,
    0.0015737660565088047
  ],
  "train_acc": [
    0.908,
    12.822,
    23.516,
    32.46,
    40.046,
    45.678,
    51.81,
    56.086,
    59.498,
    62.604,
    65.454,
    68.006,
    70.298,
    72.184,
    74.282,
    75.848,
    77.902,
    79.728,
    81.158,
    82.626,
    84.438,
    85.938,
    87.412,
    88.27,
    89.538,
    90.526,
    91.812,
    92.878,
    93.368,
    93.78,
    94.61,
    94.742,
    95.716,
    95.912,
    96.356,
    96.59,
    97.168,
    97.466,
    97.254,
    97.744,
    97.69,
    98.018,
    98.494,
    98.626,
    98.758,
    98.772,
    98.734,
    98.824,
    99.104,
    99.308,
    99.482,
    99.422,
    99.422,
    99.56,
    99.58,
    99.606,
    99.734,
    99.744,
    99.754,
    99.766,
    99.806,
    99.808,
    99.854,
    99.84,
    99.922,
    99.898,
    99.92,
    99.932,
    99.928,
    99.948,
    99.938,
    99.954,
    99.952,
    99.95,
    99.952,
    99.95,
    99.96,
    99.966,
    99.974,
    99.964,
    99.97,
    99.972,
    99.982,
    99.982,
    99.966
  ],
  "val_loss": [
    4.708698141574859,
    3.339414042234421,
    3.1597713947296144,
    2.5871338069438936,
    2.323889452219009,
    2.2778969168663026,
    2.0455597013235094,
    1.9463029384613038,
    1.7476695418357848,
    2.0721878498792647,
    1.710428935289383,
    1.693261843919754,
    1.5372042506933212,
    1.508701393008232,
    1.4332638680934906,
    1.4998353123664856,
    1.3963726907968521,
    1.5393573611974716,
    1.5151097297668457,
    1.3851882934570312,
    1.4918307781219482,
    1.4963757365942,
    1.5558004319667815,
    1.608633530139923,
    1.5693006068468094,
    1.5362242102622985,
    1.60984757989645,
    1.618606549501419,
    1.6859481036663055,
    1.6611490488052367,
    1.7559858828783035,
    1.7071466237306594,
    1.6691473931074143,
    1.7238367259502412,
    1.7663956612348557,
    1.7458576291799546,
    1.761067008972168,
    1.8264708012342452,
    1.7117427796125413,
    1.785789692401886,
    1.8528860181570053,
    1.7670615464448929,
    1.782319474220276,
    1.8292701870203019,
    1.8581314474344253,
    1.9033573895692826,
    1.8934954285621644,
    1.8245694667100907,
    1.8477451235055924,
    1.7916909605264664,
    1.8234653651714325,
    1.8351126790046692,
    1.8363534033298492,
    1.8488259375095368,
    1.8111184686422348,
    1.8343405723571777,
    1.821409061551094,
    1.8351969569921494,
    1.8578532576560973,
    1.8337643921375275,
    1.8710172176361084,
    1.8252504587173461,
    1.8229833602905274,
    1.8353187441825867,
    1.8027054011821746,
    1.7866144448518753,
    1.7887934997677803,
    1.7909753710031509,
    1.8097778677940368,
    1.803933921456337,
    1.8062641352415085,
    1.7913546398282052,
    1.793673813343048,
    1.7902520343661308,
    1.7961430087685586,
    1.7947246223688125,
    1.7900495857000351,
    1.798981526494026,
    1.7971629321575164,
    1.792448842525482,
    1.7913529038429261,
    1.7918781042099,
    1.7857403963804246,
    1.7964726626873015,
    1.7893493115901946
  ],
  "val_acc": [
    0.91,
    19.17,
    23.72,
    34.79,
    39.36,
    41.79,
    47.2,
    49.65,
    52.93,
    49.75,
    54.8,
    56.31,
    59.55,
    59.35,
    62.46,
    60.93,
    63.47,
    61.94,
    63.04,
    64.72,
    64.96,
    65.52,
    65.06,
    63.91,
    65.69,
    66.76,
    65.99,
    67.26,
    65.63,
    66.23,
    67.04,
    66.64,
    68.22,
    68.19,
    67.54,
    68.55,
    68.26,
    67.17,
    68.72,
    68.68,
    68.49,
    68.68,
    69.64,
    68.91,
    69.23,
    69.4,
    69.33,
    70.22,
    69.9,
    70.38,
    70.4,
    70.71,
    70.5,
    70.57,
    71.29,
    70.99,
    71.03,
    71.43,
    71.11,
    71.35,
    71.35,
    71.84,
    71.62,
    71.63,
    72.15,
    72.15,
    72.52,
    72.56,
    72.42,
    72.51,
    72.78,
    72.76,
    72.6,
    72.57,
    72.59,
    72.61,
    72.63,
    72.66,
    72.63,
    72.72,
    72.58,
    72.69,
    72.64,
    72.73,
    72.65
  ],