{
  "train_loss": [
    4.732470095157623,
    5.225559794902802,
    4.544168949127197,
    4.371010816097259,
    4.172651851177216,
    4.046833926439286,
    3.981810826063156,
    3.9011934638023376,
    3.802104091644287,
    3.734096574783325,
    3.7104360461235046,
    3.6312950909137727,
    3.5292698621749876,
    3.4849812209606172,
    3.3759012699127195,
    3.252070051431656,
    3.170800733566284,
    3.06963906288147,
    3.0146033227443696,
    2.897398513555527,
    2.8008003294467927,
    2.7058158338069918,
    2.6243887066841127,
    2.5264232397079467,
    2.4988653361797333,
    2.3627172112464905,
    2.311965662240982,
    2.3041294515132904,
    2.14105210006237,
    2.0164555609226227,
    1.8975851744413377,
    1.778561532497406,
    1.7549209028482438,
    1.7093739926815033,
    1.6903956979513168,
    1.685418075323105,
    1.4598042994737626,
    1.4531814932823182,
    1.373648354411125,
    1.2431384474039078,
    1.206878127157688,
    1.044707991182804,
    0.9907816588878632,
    0.9080643251538276,
    0.8401453554630279,
    0.7920708313584328,
    0.8065181657671928,
    0.6653859078884125,
    0.6454390555620193,
    0.5536256790161133,
    0.4535364396870136,
    0.38515468016266824,
    0.2743397165089846,
    0.2822459299117327,
    0.223368613794446,
    0.26316999047994616,
    0.21550789698958397,
    0.25841135792434217,
    0.18579219058156013,
    0.13597728908061982,
    0.18187327291816474,
    0.13023514188826085,
    0.11017797738313675,
    0.10022140396758913,
    0.09029695438221097,
    0.12137593179941178,
    0.14639429189264774,
    0.07852538591250777,
    0.07414570022374392,
    0.07984459074214101,
    0.07941338866949081,
    0.073949168715626,
    0.07467613574117422,
    0.06780440341681242,
    0.054155243653804065,
    0.05034633111208677,
    0.050568378437310456,
    0.047844827128574255,
    0.04342872053384781,
    0.05178718725219369,
    0.041139590181410314,
    0.040301976585760714,
    0.04852427802979946,
    0.04455858115106821,
    0.040444109169766304
  ],
  "train_acc": [
    0.96,
    1.26,
    2.28,
    3.1,
    4.99,
    6.02,
    6.83,
    8.23,
    9.73,
    10.66,
    11.17,
    12.92,
    14.38,
    15.37,
    16.96,
    19.31,
    20.66,
    23.11,
    24.24,
    26.91,
    27.66,
    30.31,
    31.47,
    34.01,
    34.27,
    37.0,
    38.38,
    38.12,
    42.46,
    44.61,
    47.14,
    50.52,
    50.99,
    52.37,
    53.02,
    52.46,
    58.25,
    59.08,
    60.89,
    64.78,
    65.15,
    69.87,
    70.9,
    74.03,
    75.64,
    77.03,
    76.15,
    82.2,
    81.11,
    84.47,
    87.74,
    89.98,
    94.24,
    93.34,
    95.68,
    93.79,
    95.95,
    94.64,
    96.22,
    98.53,
    96.61,
    98.26,
    98.61,
    98.81,
    99.11,
    98.68,
    97.48,
    99.35,
    99.46,
    99.51,
    99.24,
    99.5,
    99.37,
    99.43,
    99.75,
    99.8,
    99.89,
    99.86,
    99.88,
    99.86,
    99.89,
    99.93,
    99.9,
    99.96,
    99.89
  ],
  "val_loss": [
    4.701226043701172,
    4.818466091156006,
    4.446880996227264,
    4.236946785449982,
    4.108495771884918,
    4.045589017868042,
    3.9761058688163757,
    3.981963276863098,
    3.8388504922389983,
    3.8339381515979767,
    3.725270652770996,
    3.7378455460071565,
    3.6235324680805205,
    3.679717016220093,
    3.4161465406417846,
    3.711003226041794,
    3.3635099112987517,
    3.5938566982746125,
    3.403239166736603,
    3.1721373379230497,
    3.239318960905075,
    3.101460540294647,
    3.023214489221573,
    3.296304076910019,
    2.8685836374759672,
    3.2704966723918916,
    3.2593963921070097,
    2.900664722919464,
    2.9632829248905184,
    2.81756597161293,
    2.6052536368370056,
    2.864966315031052,
    2.823157411813736,
    2.6964894354343416,
    2.870456475019455,
    2.688148957490921,
    2.8149057567119598,
    2.6165831446647645,
    2.5409253627061843,
    2.5388929188251494,
    2.6932443261146544,
    2.5589370667934417,
    2.557303470373154,
    2.6399461567401885,
    2.6116872310638426,
    2.7935482919216157,
    2.6271194577217103,
    2.6132669150829315,
    2.754660910367966,
    2.6220684170722963,
    2.5996484100818633,
    2.6435800790786743,
    2.6214715898036958,
    2.7118993222713472,
    2.6698190450668333,
    2.6874897837638856,
    2.7515057563781737,
    2.6343015491962434,
    2.6389919400215147,
    2.640532249212265,
    2.686499172449112,
    2.679947131872177,
    2.6516594290733337,
    2.6910387873649597,
    2.6720538198947907,
    2.6984941124916078,
    2.6907517433166506,
    2.6503695249557495,
    2.652376562356949,
    2.6512681782245635,
    2.6757227420806884,
    2.6601311683654787,
    2.6767990469932554,
    2.657665824890137,
    2.6471958816051484,
    2.6416207194328307,
    2.645645397901535,
    2.6417843401432037,
    2.6391922771930694,
    2.6415522038936614,
    2.6481361627578734,
    2.632462376356125,
    2.6446005165576936,
    2.640895867347717,
    2.633209925889969
  ],
  "val_acc": [
    0.92,
    2.01,
    2.74,
    4.74,
    5.55,
    6.22,
    7.45,
    8.06,
    10.39,
    9.62,
    11.7,
    12.34,
    13.69,
    13.54,
    17.17,
    15.41,
    18.38,
    17.7,
    20.23,
    22.7,
    22.18,
    24.65,
    25.66,
    22.68,
    29.12,
    25.6,
    24.59,
    29.24,
    29.62,
    32.27,
    33.02,
    32.82,
    33.21,
    33.58,
    33.56,
    34.71,
    35.01,
    37.37,
    38.64,
    39.45,
    37.78,
    39.69,
    40.3,
    39.7,
    40.49,
    38.27,
    41.03,
    42.36,
    40.48,
    41.26,
    43.83,
    43.34,
    43.79,
    43.83,
    44.39,
    44.43,
    43.87,
    45.5,
    45.43,
    45.83,
    44.68,
    45.45,
    45.82,
    45.18,
    45.55,
    45.72,
    45.13,
    46.14,
    46.2,
    46.11,
    46.31,
    46.5,
    46.2,
    46.5,
    46.41,
    46.66,
    46.62,
    46.58,
    46.78,
    46.77,
    46.62,
    46.83,
    46.91,
    46.86,
    47.05
  ],