{
  "train_loss": [
    2.304362118244171,
    2.1477129459381104,
    1.8562321364879608,
    1.4428799152374268,
    1.1829075515270233,
    0.9460324645042419,
    0.9869182705879211,
    1.420320600271225,
    1.4215160012245178,
    1.1240222454071045,
    1.1386116743087769,
    1.0714779496192932,
    0.8445565104484558,
    0.8228034675121307,
    0.697942778468132,
    0.58602624386549,
    0.506068542599678,
    0.49303752928972244,
    0.3364652879536152,
    0.3876198008656502,
    0.4293960779905319,
    0.2462795153260231,
    0.20005298778414726,
    0.24066253751516342,
    0.23987848311662674,
    0.17391187697649002,
    0.13996866717934608,
    0.09771998040378094,
    0.13576421700417995,
    0.08712768740952015,
    0.1586809940636158,
    0.149476520717144,
    0.12590374425053596,
    0.1079137995839119,
    0.09737022873014212,
    0.10794938495382667,
    0.07644625753164291,
    0.02282274281606078,
    0.029283829149790108,
    0.013381494558416307,
    0.01110243727453053,
    0.0044040915672667325,
    0.0043187481933273375,
    0.007803934044204652,
    0.0019662780687212944,
    0.005331491935066879,
    0.018111802244675346,
    0.028719544759951532,
    0.03068250633077696,
    0.014573238557204604,
    0.010313748673070222,
    0.014187374676112086,
    0.0015182421047938988,
    0.0015494405815843493,
    0.001822804071707651,
    0.001412352197803557,
    0.001052506224368699,
    0.002296987375302706,
    0.000979077725787647,
    0.000740673734981101,
    0.0013833205957780592,
    0.0005847247375641018,
    0.0006956068828003481,
    0.0022467749295174144,
    0.0005065706063760445,
    0.0003560841432772577,
    0.000497203269333113,
    0.0005578279415203724,
    0.0007912791552371345,
    0.0005256383228697814,
    0.0003017591261595953,
    0.00040499763417756185,
    0.00030359604716068134,
    0.00032500082670594566,
    0.0009041866833285894,
    0.00032806994204293005,
    0.0008983680199889932,
    0.0002685251420189161,
    0.0005802066152682528,
    0.0003258421420468949,
    0.0003662533745227847,
    0.00038832647260278463,
    0.00032739258313085884,
    0.0008379651080758777,
    0.0003219703467038926
  ],
  "train_acc": [
    8.11111111111111,
    19.22222222222222,
    33.111111111111114,
    49.888888888888886,
    58.55555555555556,
    67.33333333333333,
    65.55555555555556,
    50.0,
    50.333333333333336,
    58.333333333333336,
    58.22222222222222,
    61.666666666666664,
    69.0,
    71.55555555555556,
    74.11111111111111,
    78.33333333333333,
    81.66666666666667,
    81.88888888888889,
    86.77777777777777,
    85.44444444444444,
    86.22222222222223,
    90.88888888888889,
    93.11111111111111,
    91.66666666666667,
    93.88888888888889,
    93.88888888888889,
    94.88888888888889,
    96.77777777777777,
    95.11111111111111,
    97.22222222222223,
    95.77777777777777,
    95.44444444444444,
    96.66666666666667,
    96.55555555555556,
    97.22222222222223,
    96.22222222222223,
    97.11111111111111,
    99.55555555555556,
    98.77777777777777,
    99.77777777777777,
    99.77777777777777,
    100.0,
    100.0,
    99.66666666666667,
    100.0,
    99.88888888888889,
    99.88888888888889,
    99.66666666666667,
    99.77777777777777,
    99.66666666666667,
    99.55555555555556,
    99.66666666666667,
    100.0,
    100.0,
    100.0,
    100.0,
    100.0,
    100.0,
    100.0,
    100.0,
    99.88888888888889,
    100.0,
    100.0,
    100.0,
    100.0,
    100.0,
    100.0,
    100.0,
    100.0,
    100.0,
    100.0,
    100.0,
    100.0,
    100.0,
    100.0,
    100.0,
    100.0,
    100.0,
    100.0,
    100.0,
    100.0,
    100.0,
    100.0,
    100.0,
    100.0
  ],
  "val_loss": [
    2.198273042152668,
    2.2053255377144647,
    2.078427890251423,
    1.7957556782097652,
    2.1528520008613325,
    3.0543857442921607,
    2.47387956750804,
    7.118377438906966,
    72.10128034394363,
    27.491009087398133,
    11.79913961476293,
    8.07241836087457,
    4.377199510048175,
    3.985774985675154,
    6.933271309425091,
    5.233414929488609,
    3.277762700771463,
    5.156289939222665,
    5.902127282372836,
    10.899118982512375,
    5.933613366094129,
    5.770527806775323,
    4.996988206074156,
    6.752707464941617,
    4.553944003993068,
    3.143926875344638,
    2.974714934825897,
    4.227283683316461,
    4.439731408809793,
    5.764542628978861,
    3.8590636582210145,
    5.256968391352687,
    4.8042431699818575,
    3.8431836407760094,
    3.796156381738597,
    3.9444651685912033,
    4.930463577138966,
    4.694289585639691,
    4.203309100249718,
    4.3625699733865675,
    4.088791937663637,
    3.6304294734165587,
    3.2991170636538802,
    3.247575332378519,
    3.531728008697773,
    3.7039524768960885,
    4.051382418336539,
    3.86759326375764,
    4.278674257212672,
    5.106883928693574,
    4.287310353640852,
    4.040608003221709,
    3.8593145238942115,
    3.748105867155667,
    3.6671663399400383,
    3.590052501908664,
    3.5593794132101126,
    3.52992163855454,
    3.4125371842548766,
    3.365690391639183,
    3.3648978060689467,
    3.400181400364843,
    3.4542874837743827,
    3.4805656342670837,
    3.49831065638312,
    3.510043843039151,
    3.504419047256996,
    3.5107584492913606,
    3.5160368804273934,
    3.4955842988244417,
    3.5170698988026587,
    3.5305800355713943,
    3.5322504824605483,
    3.546502413420842,
    3.5463749252516648,
    3.5472644033103156,
    3.543460225236827,
    3.545072847399218,
    3.521960710657054,
    3.509235480736042,
    3.5421699408827156,
    3.5461187239350944,
    3.5422348318428827,
    3.525056921202561,
    3.527765311043838
  ],
  "val_acc": [
    9.958217270194986,
    17.96657381615599,
    20.362116991643454,
    33.60724233983287,
    18.662952646239553,
    9.470752089136491,
    38.899721448467965,
    19.331476323119777,
    13.245125348189415,
    21.866295264623954,
    18.955431754874652,
    21.364902506963787,
    20.779944289693592,
    30.584958217270195,
    12.562674094707521,
    19.512534818941504,
    33.5933147632312,
    13.802228412256268,
    15.041782729805014,
    23.91364902506964,
    35.47353760445682,
    36.476323119777156,
    38.63509749303621,
    24.05292479108635,
    35.32033426183844,
    45.863509749303624,
    56.14206128133705,
    40.55710306406685,
    42.77158774373259,
    45.459610027855156,
    50.069637883008355,
    35.0,
    45.08356545961003,
    43.17548746518106,
    41.532033426183844,
    55.40389972144847,
    49.317548746518106,
    42.938718662952645,
    42.24233983286908,
    38.35654596100279,
    42.71587743732591,
    56.81058495821727,
    61.16991643454039,
    62.78551532033426,
    60.43175487465181,
    56.65738161559889,
    50.250696378830085,
    57.5208913649025,
    57.25626740947075,
    62.674094707520894,
    60.682451253481894,
    60.571030640668525,
    63.844011142061284,
    64.30362116991644,
    63.844011142061284,
    63.31476323119777,
    63.06406685236769,
    62.28412256267409,
    61.78272980501393,
    61.72701949860724,
    61.991643454039,
    61.852367688022284,
    61.420612813370475,
    61.5041782729805,
    61.713091922005574,
    61.68523676880223,
    61.880222841225624,
    62.033426183844014,
    62.15877437325905,
    62.15877437325905,
    62.22841225626741,
    62.25626740947075,
    62.17270194986072,
    62.17270194986072,
    62.270194986072426,
    62.22841225626741,
    62.42339832869081,
    62.353760445682454,
    62.4791086350975,
    62.353760445682454,
    62.28412256267409,
    62.089136490250695,
    62.10306406685237,
    62.22841225626741,
    62.17270194986072
  ],