{
  "train_loss": [
    0.6672075682065703,
    0.3615938021208752,
    0.24902006755159659,
    0.20508963060141963,
    0.15775682959197598,
    0.13562156497077507,
    0.11982953832061453,
    0.09624697928401557,
    0.08153353033545004,
    0.06592466153035109,
    0.06567731371615082,
    0.05116021838462488,
    0.035557088971307334,
    0.039160626927200196,
    0.04503891895927319,
    0.027200544243069915,
    0.02606463013349143,
    0.02649964953889139,
    0.018859436439180918,
    0.01884271362955174,
    0.015719601652315097,
    0.018795841605341677,
    0.019030151338401167,
    0.016999014329154637,
    0.013023056024725189,
    0.015632282177235043,
    0.016677064016965396,
    0.010158322062290443,
    0.011677425859075314,
    0.011721286006253318,
    0.0081151098109496,
    0.011115934581208752,
    0.011087625054311833,
    0.01014553794596974,
    0.009459157329812033,
    0.012870620387812696,
    0.002576883210126239,
    0.001380509694213701,
    0.0012473362638316262,
    0.0006465916761933179,
    0.010657256281154498,
    0.0076548927896841305,
    0.0076574165513275975,
    0.004577504172878186,
    0.0017523392443350035,
    0.0008771586202246082,
    0.002930659560599286,
    0.0015287587695163231,
    0.0025235071107193685,
    0.003453245354111542,
    0.0010381293944667711,
    0.0004934529955459187,
    0.0011793528802699752,
    0.0011081907311088137,
    0.0010703722649571484,
    0.000488419968320386,
    0.0002946114465616616,
    0.00034685439405150606,
    0.0002743417745795734,
    0.00029860946813962323,
    0.0002192989131773712,
    0.00021393928145130303,
    0.00029944606106110683,
    0.00022342953442685857,
    0.00010910226753195347,
    0.0003260666827942642,
    0.00015246497903831369,
    0.00015982459458673372,
    0.00018289168950890269,
    0.00014391278726448448,
    0.00013889150270203615,
    0.00014537528409810173,
    0.00010678753054740106,
    7.478308788287016e-05,
    7.081602335032048e-05,
    4.321582770346181e-05,
    4.876444880479043e-05,
    0.000163742807021482,
    6.235693144741494e-05,
    4.862980225213546e-05,
    3.0468530351157597e-05,
    3.4826535393893785e-05,
    3.642944276678732e-05,
    4.4224555119078765e-05,
    3.1711821261382056e-05
  ],
  "train_acc": [
    75.67555555555556,
    87.04222222222222,
    91.30444444444444,
    92.86888888888889,
    94.63777777777777,
    95.24,
    95.80222222222223,
    96.70222222222222,
    97.19111111111111,
    97.6511111111111,
    97.72,
    98.22666666666667,
    98.77555555555556,
    98.6511111111111,
    98.38444444444444,
    99.16,
    99.08888888888889,
    99.05777777777777,
    99.36,
    99.37555555555555,
    99.45333333333333,
    99.38,
    99.4,
    99.39111111111112,
    99.5911111111111,
    99.49555555555555,
    99.43777777777778,
    99.63333333333334,
    99.61777777777777,
    99.59555555555555,
    99.71333333333334,
    99.64666666666666,
    99.61111111111111,
    99.65555555555555,
    99.7,
    99.56888888888889,
    99.91777777777777,
    99.96444444444444,
    99.96444444444444,
    99.98222222222222,
    99.66,
    99.75333333333333,
    99.74222222222222,
    99.85111111111111,
    99.94444444444444,
    99.98,
    99.94666666666667,
    99.95555555555555,
    99.92666666666666,
    99.87777777777778,
    99.96666666666667,
    99.99111111111111,
    99.95777777777778,
    99.96888888888888,
    99.96666666666667,
    99.99555555555555,
    99.99111111111111,
    99.98666666666666,
    99.9888888888889,
    99.99111111111111,
    99.99333333333334,
    99.9888888888889,
    99.9888888888889,
    99.99333333333334,
    99.99777777777778,
    99.98666666666666,
    99.99333333333334,
    99.99333333333334,
    99.99333333333334,
    99.99555555555555,
    99.99333333333334,
    99.99555555555555,
    99.99555555555555,
    99.99777777777778,
    100.0,
    100.0,
    100.0,
    99.99333333333334,
    99.99555555555555,
    100.0,
    100.0,
    100.0,
    100.0,
    100.0,
    100.0
  ],
  "val_loss": [
    1.180245734494308,
    1.2019649106880714,
    1.0593327509945836,
    0.7844936477726904,
    0.8251608322406637,
    0.7288629505141028,
    1.4126675971623124,
    0.7567675350041225,
    1.0201906459084873,
    0.9521413979859188,
    0.9302203295559719,
    1.040547997787081,
    1.2216122828680893,
    1.0254338938614418,
    0.9412130091724724,
    1.231546270436254,
    0.9182321244272692,
    0.9242303381706106,
    0.9892690448925413,
    1.0007160398466834,
    1.5096510689834068,
    0.7899256852166406,
    1.8686350912883365,
    1.123585496483178,
    0.9798841558653733,
    0.7859120659273247,
    1.1112270416884586,
    1.1071053697117443,
    0.8430260769252119,
    0.9619842880758745,
    1.0921196197641307,
    0.8770208908566113,
    1.08114781461913,
    0.9188385646918724,
    1.115932944776683,
    1.0332997009671967,
    0.9052740959771748,
    1.1926585658742437,
    0.8446519678008968,
    0.9134253191536871,
    0.8998696660173351,
    0.872459036009065,
    0.9408894273741492,
    1.0495467083207493,
    1.0050013621562515,
    1.007444686416922,
    0.9284316347590809,
    1.1377193723516217,
    1.199167539333475,
    1.093793507280021,
    0.9760330735609449,
    1.085327670491975,
    1.0248678740884722,
    1.538025772777097,
    1.154824486066555,
    1.1746686224279732,
    1.054793231189251,
    1.061657154868389,
    1.0837037347514054,
    1.0692185019624645,
    1.1136978114473408,
    1.2304080385586311,
    1.0125066936016083,
    1.1482511799910973,
    1.0783347369268024,
    1.0872866090001732,
    1.172315474214225,
    1.1282674567452793,
    1.17412837260756,
    1.1503281254192879,
    1.1763405383660877,
    1.099947907287499,
    1.1441718057311814,
    1.1553967605377067,
    1.1553308146780934,
    1.1181896097701172,
    1.183430268332876,
    1.1028912555554817,
    1.113126817962219,
    1.1688523194913207,
    1.145078797278733,
    1.1401419505990784,
    1.1134628468546375,
    1.1160339749064938,
    1.166402905665595
  ],