{
  "train_loss": [
    2.7263283729553223,
    2.238929033279419,
    2.0742639303207397,
    1.8939777612686157,
    1.8070719838142395,
    1.6127316355705261,
    1.5596766471862793,
    1.4470125436782837,
    1.3922744989395142,
    1.2951489090919495,
    1.251699447631836,
    1.1715733408927917,
    1.034633219242096,
    0.9450349807739258,
    0.871635377407074,
    0.8182384371757507,
    0.7518262267112732,
    0.7185216248035431,
    0.608079731464386,
    0.5986371040344238,
    0.501415491104126,
    0.4826848953962326,
    0.39672207832336426,
    0.36243869364261627,
    0.43189769983291626,
    0.3313920348882675,
    0.28563594818115234,
    0.2672477215528488,
    0.20815818011760712,
    0.2056754156947136,
    0.20941013097763062,
    0.1412946656346321,
    0.1329679898917675,
    0.13944509252905846,
    0.10084787383675575,
    0.10182823985815048,
    0.08559896051883698,
    0.08014548942446709,
    0.08239177614450455,
    0.056770917028188705,
    0.06343639269471169,
    0.04918142594397068,
    0.04294409416615963,
    0.05151042528450489,
    0.027375103905797005,
    0.029618196189403534,
    0.03249403089284897,
    0.03842175006866455,
    0.02166562806814909,
    0.01823011925444007,
    0.018260898534208536,
    0.018345534801483154,
    0.018262116238474846,
    0.012718267738819122,
    0.01382363261654973,
    0.0216099601238966,
    0.00992501899600029,
    0.009060003329068422,
    0.006229902617633343,
    0.009096704423427582,
    0.0063888998702168465,
    0.008120138198137283,
    0.008916887454688549,
    0.0073234401643276215,
    0.005087923025712371,
    0.008912415243685246,
    0.0054757436737418175,
    0.004655047552660108,
    0.00500874500721693,
    0.004612818593159318,
    0.004085796652361751,
    0.006882238667458296,
    0.004985475912690163,
    0.004270577570423484,
    0.0049991372507065535,
    0.004271954181604087,
    0.00569623988121748,
    0.003894990310072899,
    0.004424530430696905,
    0.004609562456607819,
    0.006318632047623396,
    0.004397161770612001,
    0.005259245401248336,
    0.0049416436813771725,
    0.0038373388815671206
  ],
  "train_acc": [
    10.8,
    20.8,
    22.8,
    34.0,
    34.2,
    39.0,
    41.4,
    46.8,
    48.2,
    49.2,
    53.4,
    57.8,
    61.8,
    66.2,
    67.4,
    72.0,
    73.8,
    75.6,
    79.8,
    79.8,
    81.8,
    83.8,
    86.8,
    87.4,
    85.2,
    89.0,
    93.0,
    93.0,
    93.2,
    93.0,
    93.2,
    96.2,
    96.8,
    96.0,
    97.8,
    96.6,
    97.8,
    98.6,
    97.4,
    99.2,
    99.0,
    99.2,
    99.0,
    98.6,
    99.8,
    99.8,
    99.4,
    98.8,
    99.6,
    99.8,
    100.0,
    99.6,
    99.8,
    100.0,
    100.0,
    99.8,
    100.0,
    100.0,
    100.0,
    100.0,
    100.0,
    100.0,
    100.0,
    99.8,
    100.0,
    99.8,
    100.0,
    100.0,
    100.0,
    100.0,
    100.0,
    100.0,
    100.0,
    100.0,
    100.0,
    100.0,
    100.0,
    100.0,
    100.0,
    100.0,
    100.0,
    100.0,
    100.0,
    100.0,
    100.0
  ],
  "val_loss": [
    3.279588896036148,
    2.4898284673690796,
    2.497254931926727,
    2.3955276787281035,
    2.6634751737117766,
    3.4652551412582397,
    2.9645503997802733,
    2.420345801115036,
    2.294652134180069,
    2.6035631239414214,
    2.4253895938396455,
    2.2593997687101366,
    2.290887546539307,
    2.759533631801605,
    3.0383307576179504,
    2.8415555357933044,
    2.726266026496887,
    2.9489124715328217,
    3.031516486406326,
    3.1465919733047487,
    2.977832353115082,
    2.9358509719371795,
    3.093057483434677,
    3.0449725151062013,
    3.0168828070163727,
    3.250380277633667,
    3.0573662638664247,
    3.141687345504761,
    3.3499734103679657,
    3.256120055913925,
    3.1824127554893495,
    3.1691411197185517,
    3.1651385962963103,
    3.194167882204056,
    3.4719756662845613,
    3.3344400763511657,
    3.2457803785800934,
    3.41362584233284,
    3.4741863906383514,
    3.408193963766098,
    3.364823591709137,
    3.210907357931137,
    3.2146782696247103,
    3.225897270441055,
    3.3089833199977874,
    3.4216183006763456,
    3.432679760456085,
    3.442564481496811,
    3.4711164772510528,
    3.48035352230072,
    3.4422220826148986,
    3.4507203102111816,
    3.4789709568023683,
    3.4791788041591643,
    3.4538412570953367,
    3.397453558444977,
    3.3556886494159697,
    3.345060348510742,
    3.339420610666275,
    3.3335732936859133,
    3.323775511980057,
    3.314420759677887,
    3.306952202320099,
    3.303140860795975,
    3.3046413898468017,
    3.306962049007416,
    3.311491483449936,
    3.3169010818004607,
    3.3183258891105654,
    3.3220614016056063,
    3.3247084498405455,
    3.3218103289604186,
    3.324914902448654,
    3.32653346657753,
    3.330447643995285,
    3.328962469100952,
    3.3295693039894103,
    3.3309491991996767,
    3.3310599505901335,
    3.334803915023804,
    3.335057246685028,
    3.33675217628479,
    3.33952716588974,
    3.340579491853714,
    3.335481882095337
  ],
  "val_acc": [
    10.05,
    9.83,
    18.4,
    20.65,
    19.49,
    21.78,
    24.41,
    27.59,
    29.22,
    29.21,
    32.38,
    33.79,
    32.51,
    29.87,
    30.03,
    32.72,
    34.78,
    33.97,
    33.24,
    35.74,
    36.96,
    35.94,
    35.31,
    38.14,
    37.57,
    37.21,
    39.61,
    38.46,
    36.48,
    37.12,
    39.21,
    40.03,
    41.3,
    40.57,
    38.5,
    39.22,
    40.13,
    39.42,
    40.7,
    41.38,
    41.65,
    41.97,
    42.24,
    41.79,
    41.11,
    40.64,
    41.02,
    41.58,
    42.2,
    42.08,
    42.03,
    41.68,
    41.5,
    41.65,
    41.58,
    41.94,
    42.39,
    42.33,
    42.17,
    42.14,
    42.07,
    42.17,
    42.12,
    42.1,
    42.06,
    42.07,
    41.98,
    41.94,
    42.0,
    42.04,
    42.19,
    42.31,
    42.41,
    42.5,
    42.55,
    42.54,
    42.61,
    42.56,
    42.62,
    42.56,
    42.52,
    42.51,
    42.49,
    42.48,
    42.51
  ],