{
  "train_loss": [
    4.729596814330743,
    4.307620244366782,
    3.591828613865132,
    3.1101016998291016,
    2.6691042269979204,
    2.329149471253765,
    2.0635430168132394,
    1.8427160795854063,
    1.6944091891755864,
    1.5407222971624257,
    1.4295098203785566,
    1.3377622043599888,
    1.2637575913448722,
    1.1928415602567244,
    1.1383984475111475,
    1.0889701268502645,
    1.0334808768666521,
    0.9982932444129672,
    0.9484510473450836,
    0.9259389350000693,
    0.8767650732580496,
    0.8536627484219415,
    0.8119833216983445,
    0.7890388728404532,
    0.7501768497179966,
    0.7295866228488027,
    0.7053014097773299,
    0.6677974679944466,
    0.6488599092984686,
    0.6202381054053501,
    0.5921651842642803,
    0.5588324789185913,
    0.547173978874878,
    0.5142141163957362,
    0.49363825135693257,
    0.46913987215684383,
    0.44253733997442285,
    0.4192085787653923,
    0.3978777080774307,
    0.37732905483975704,
    0.35067574421362,
    0.33259682995932444,
    0.31080573880854917,
    0.28953134055648533,
    0.2573819217481175,
    0.24079430034878302,
    0.2136594545552317,
    0.20121168246378704,
    0.17884081187753045,
    0.15083504901552686,
    0.14692559336521188,
    0.11458547816288714,
    0.10234218128785795,
    0.08597658806461461,
    0.06842444743961096,
    0.05802322431866612,
    0.04362530337304485,
    0.03647279361148878,
    0.02683228494751514,
    0.02265786618108348,
    0.02007368955362056,
    0.01777099054876943,
    0.01485491383877792,
    0.015038596366399102,
    0.013727927934473418,
    0.012487279522061651,
    0.01240150852375949,
    0.011931078774588448,
    0.011351877148738322,
    0.011402563538820463,
    0.011030609690945367,
    0.011025042349130524,
    0.010653586008072811,
    0.010414814643029655,
    0.010574839500786394,
    0.010235478690521297,
    0.010036252671852708,
    0.01019892886005418,
    0.010180185886328014,
    0.009824240554067097,
    0.009894371802481462,
    0.009693852086475462,
    0.009935338634579462,
    0.009905721607370948,
    0.009879766576163167
  ],
  "train_acc": [
    0.89,
    5.426,
    13.734,
    22.588,
    30.986,
    37.874,
    43.798,
    48.858,
    52.606,
    56.254,
    59.184,
    61.34,
    63.226,
    65.218,
    66.556,
    68.266,
    69.55,
    70.486,
    71.702,
    72.356,
    73.686,
    74.41,
    75.478,
    76.064,
    77.486,
    77.772,
    78.552,
    79.638,
    79.876,
    80.81,
    81.846,
    82.934,
    83.03,
    84.142,
    84.58,
    85.504,
    86.276,
    86.962,
    87.66,
    88.212,
    89.082,
    89.744,
    90.4,
    91.32,
    92.22,
    92.826,
    93.692,
    94.13,
    94.954,
    95.848,
    95.918,
    97.084,
    97.432,
    97.988,
    98.494,
    98.86,
    99.228,
    99.446,
    99.674,
    99.764,
    99.828,
    99.832,
    99.922,
    99.892,
    99.93,
    99.942,
    99.932,
    99.954,
    99.954,
    99.952,
    99.96,
    99.968,
    99.97,
    99.966,
    99.954,
    99.966,
    99.974,
    99.96,
    99.974,
    99.978,
    99.962,
    99.974,
    99.964,
    99.966,
    99.956
  ],
  "val_loss": [
    4.70923627614975,
    3.8934044420719145,
    3.4910585999488832,
    3.0156652867794036,
    2.655097943544388,
    2.698910915851593,
    2.041494905948639,
    1.9996585965156555,
    1.9226767897605896,
    1.800462821125984,
    1.861154806613922,
    1.7202050685882568,
    1.7158800482749939,
    1.7093043625354767,
    1.706642174720764,
    1.6580528974533082,
    1.7824728608131408,
    1.5327899634838105,
    1.5355961501598359,
    1.5224261164665223,
    1.615270745754242,
    1.4730667114257812,
    1.6859834730625152,
    1.6658788293600082,
    1.462424623966217,
    1.366220310330391,
    1.4315715998411178,
    1.4644874453544616,
    1.506434690952301,
    1.5797051995992661,
    1.536420527100563,
    1.4359093397855758,
    1.4129672974348069,
    1.4948316276073457,
    1.5638061672449113,
    1.4784370213747025,
    1.5189126938581468,
    1.384029558300972,
    1.4349387526512145,
    1.5134236305952071,
    1.5625659435987473,
    1.509559941291809,
    1.4450813770294189,
    1.4935656100511552,
    1.4461142808198928,
    1.4070368617773057,
    1.4721332162618637,
    1.3526096194982529,
    1.3372469037771224,
    1.2969727158546447,
    1.2799257591366768,
    1.2409297555685044,
    1.219218422472477,
    1.2043119937181472,
    1.165458756685257,
    1.15672098249197,
    1.1174255073070527,
    1.0706480845808983,
    1.0491774886846543,
    1.0513665974140167,
    1.0419098034501075,
    1.0110147774219513,
    1.003191003203392,
    0.985410350561142,
    0.9783780843019485,
    0.9793708324432373,
    0.9706088662147522,
    0.9641799941658974,
    0.9640709310770035,
    0.9629152700304985,
    0.9578933581709862,
    0.9567791193723678,
    0.9517830833792686,
    0.9495491832494736,
    0.9491265013813972,
    0.9495172619819641,
    0.9446330338716507,
    0.9444009736180305,
    0.9428330674767494,
    0.9441325485706329,
    0.9430156767368316,
    0.9435859605669975,
    0.9439710438251495,
    0.9420990765094757,
    0.9420673608779907
  ],
  "val_acc": [
    0.94,
    9.34,
    16.29,
    24.89,
    32.21,
    31.81,
    44.81,
    46.17,
    48.34,
    50.68,
    50.22,
    53.78,
    53.97,
    53.89,
    55.35,
    55.38,
    53.75,
    58.09,
    59.1,
    59.4,
    57.22,
    60.69,
    55.65,
    57.4,
    60.62,
    62.96,
    62.26,
    62.29,
    61.53,
    59.85,
    61.4,
    63.5,
    63.84,
    62.22,
    62.38,
    63.03,
    63.64,
    65.41,
    64.71,
    64.52,
    63.39,
    63.48,
    65.79,
    65.04,
    65.85,
    67.08,
    65.88,
    68.13,
    68.11,
    69.23,
    69.92,
    70.36,
    70.78,
    71.0,
    72.07,
    72.43,
    73.03,
    73.7,
    74.17,
    73.94,
    74.04,
    74.62,
    75.09,
    75.34,
    75.27,
    75.46,
    75.39,
    75.78,
    75.54,
    75.58,
    75.81,
    75.59,
    75.76,
    75.89,
    75.87,
    75.76,
    75.99,
    75.9,
    75.91,
    75.98,
    76.01,
    75.8,
    75.92,
    75.98,
    75.97
  ],