{
  "train_loss": [
    2.311495141549544,
    0.905164085328579,
    0.5076631729237058,
    0.37914126281711186,
    0.3126169244166125,
    0.2547502468594096,
    0.2375837194055996,
    0.18356873768127777,
    0.1861035025424578,
    0.17490603791719134,
    0.12827976945449004,
    0.11813124233264137,
    0.10180816710503264,
    0.09894124414263801,
    0.09097782903435556,
    0.10379177082160657,
    0.09582311506594786,
    0.13910931020721115,
    0.11280707245565612,
    0.08754289413759993,
    0.06956398550590331,
    0.07163100666366518,
    0.05649578738534315,
    0.06518666143529117,
    0.057107183277945624,
    0.05140758340712637,
    0.057390500431541695,
    0.0535193845174614,
    0.04778617252701555,
    0.04662347977070815,
    0.05231374127536335,
    0.04959116558629004,
    0.046780075623907826,
    0.052878280519507825,
    0.03841019458857111,
    0.04976867239879952,
    0.0296240064648869,
    0.030185334937414154,
    0.03624215604345822,
    0.04368006787262857,
    0.03263250383051028,
    0.026358926160769028,
    0.048672900037755346,
    0.030031504016898743,
    0.022227937274940567,
    0.022692354960864494,
    0.02526719838682435,
    0.014995361965371889,
    0.017444073114099658,
    0.013369385215231556,
    0.02211517261193049,
    0.018743710870198396,
    0.01587010976271069,
    0.012362871434809429,
    0.006890781192024323,
    0.006867280804726761,
    0.00823300656404833,
    0.004951317490022947,
    0.0019054728419922123,
    0.0020990254417318447,
    0.001866560076119971,
    0.0012857258979321077,
    0.0012054420074657007,
    0.0012879635327077597,
    0.0011192680212843698,
    0.0012128847328395668,
    0.0013497594372893218,
    0.0012365971957809631,
    0.0012908370511220048,
    0.0011172703350232703,
    0.001108607508781874,
    0.0010975055404494262,
    0.0012516111912025901,
    0.0010796959865150382,
    0.0010527072269972202,
    0.0010285563135270918,
    0.001032624021635539,
    0.0011413557625597935,
    0.0010647463218033822,
    0.0010671623121280309,
    0.0009936453934642486,
    0.0010304952328707177,
    0.0010267589578606103,
    0.0010017147188508798,
    0.0010678964807249774
  ],
  "train_acc": [
    7.855555555555555,
    67.01555555555555,
    81.62,
    86.2311111111111,
    88.78222222222222,
    90.78222222222222,
    91.40444444444445,
    93.48,
    93.5,
    93.99777777777778,
    95.59333333333333,
    95.94888888888889,
    96.40222222222222,
    96.51777777777778,
    96.85333333333334,
    96.43777777777778,
    96.80888888888889,
    95.43111111111111,
    96.12666666666667,
    96.92888888888889,
    97.61555555555556,
    97.48222222222222,
    98.13111111111111,
    97.81333333333333,
    98.06,
    98.32666666666667,
    98.00666666666666,
    98.1511111111111,
    98.43111111111111,
    98.37777777777778,
    98.18444444444444,
    98.37777777777778,
    98.43777777777778,
    98.24666666666667,
    98.74888888888889,
    98.36888888888889,
    99.04666666666667,
    99.00222222222222,
    98.79555555555555,
    98.59777777777778,
    98.92444444444445,
    99.1511111111111,
    98.42444444444445,
    99.03111111111112,
    99.30222222222223,
    99.25555555555556,
    99.18,
    99.56444444444445,
    99.45333333333333,
    99.55111111111111,
    99.28444444444445,
    99.42666666666666,
    99.54,
    99.6511111111111,
    99.83333333333333,
    99.82222222222222,
    99.78888888888889,
    99.89555555555556,
    99.97777777777777,
    99.96444444444444,
    99.98222222222222,
    99.9888888888889,
    99.9888888888889,
    99.99111111111111,
    99.99333333333334,
    99.99333333333334,
    99.98666666666666,
    99.99111111111111,
    99.9888888888889,
    99.99555555555555,
    99.99555555555555,
    99.99777777777778,
    99.99333333333334,
    99.99777777777778,
    99.99555555555555,
    100.0,
    99.99777777777778,
    99.99333333333334,
    99.99777777777778,
    99.99777777777778,
    100.0,
    100.0,
    99.99777777777778,
    100.0,
    99.99777777777778
  ],
  "val_loss": [
    2.3199222005646805,
    1.404499469132259,
    1.4640605572996468,
    1.3530799027146965,
    0.8935616242474523,
    1.321035804419682,
    0.7190311509987404,
    2.228528072094095,
    1.3863022389083073,
    0.8270022971876736,
    2.0122109528245598,
    0.8659731334653394,
    0.6097328498445708,
    0.6416614132708517,
    1.2388296661705807,
    2.708476448881215,
    0.9427307186455562,
    1.0989042664396351,
    1.514137966879483,
    1.4900278099651993,
    0.6287307780364464,
    0.8360228209659971,
    1.1286352667315254,
    0.623017068053114,
    0.6529114451901666,
    1.056613720696548,
    0.7776157229111113,
    0.6259522931329136,
    0.777091988201799,
    1.081863888378801,
    0.8232124324502617,
    1.2172751878869945,
    1.1706935285494244,
    1.4486737744561557,
    0.5818580173212906,
    0.841049011411338,
    0.48621162566645393,
    0.964040148874809,
    0.8878239948174049,
    0.7305603972796736,
    0.7209589851313624,
    0.7648544052037699,
    0.5898493918879278,
    0.4643411795640814,
    0.4187730674085946,
    0.8548582689515476,
    0.35997992869595,
    0.7197041264895735,
    0.5112405470732985,
    0.5101464313679728,
    0.6828458422216875,
    0.4405053559819172,
    0.5188492906504664,
    1.3879540254329812,
    0.7378101369430279,
    0.3556850943072089,
    0.40104559731894523,
    0.4339181112832037,
    0.4454107114980961,
    0.6039827512256031,
    0.36800999528375167,
    0.3685847744345665,
    0.3503382537385513,
    0.6494358125431784,
    0.39347616762950505,
    0.3594528842588951,
    0.3896932506869579,
    0.4299931479939099,
    0.4202533831884121,
    0.37280805100654735,
    0.7662355868980802,
    0.3846328941912487,
    0.38364950233492356,
    0.3850977960331687,
    0.3824918984339155,
    0.39223503449867514,
    0.38579655567119864,
    0.3897593257756069,
    0.38923244794894907,
    0.389158528940431,
    0.4008201114062605,
    0.3723615135612159,
    0.37668019738690606,
    0.37551021678694363,
    0.3931305845235956
  ],