{
  "train_loss": [
    4.727930879592895,
    4.594762778282165,
    4.401497626304627,
    4.180639243125915,
    4.030354297161102,
    3.852594184875488,
    3.733866775035858,
    3.6520647764205934,
    3.5415089964866637,
    3.4207263588905334,
    3.3220556735992433,
    3.2221009016036986,
    3.177521896362305,
    3.0423860907554627,
    2.9716997861862184,
    2.8660987615585327,
    2.8020999312400816,
    2.6853692173957824,
    2.5760605692863465,
    2.449907624721527,
    2.3682897806167604,
    2.1879335820674894,
    2.068279540538788,
    1.9076556742191315,
    1.7529918611049653,
    1.6365010261535644,
    1.4394491553306579,
    1.2697523593902589,
    1.199059969186783,
    1.0786276638507843,
    0.972436785697937,
    0.8564098656177521,
    0.7573534995317459,
    0.6462136328220367,
    0.5754373922944069,
    0.5107749968767166,
    0.4224470153450966,
    0.34590801894664763,
    0.2799884989857674,
    0.20864385813474656,
    0.1667942512780428,
    0.14896626509726046,
    0.10539668425917625,
    0.08831548541784287,
    0.06754058450460435,
    0.05759903844445944,
    0.04691466372460127,
    0.0350774597376585,
    0.031119546946138145,
    0.029966461844742297,
    0.02391842920333147,
    0.01932935989461839,
    0.01931314542889595,
    0.017232285579666495,
    0.015400277450680733,
    0.014452345948666335,
    0.013481535110622644,
    0.012594361742958426,
    0.012479554722085595,
    0.01230660523287952,
    0.012232467858120799,
    0.011621677875518798,
    0.011924088420346379,
    0.010938230389729141,
    0.01135218171402812,
    0.011047773854807019,
    0.011353059532120824,
    0.010810735123232006,
    0.011365038994699716,
    0.01142646842636168,
    0.010873102629557253,
    0.010712373862043023,
    0.010853317566215992,
    0.010533341439440846,
    0.0108101527672261,
    0.010730230901390313,
    0.010772094875574113,
    0.011075017973780632,
    0.010646556084975601,
    0.01023254431784153,
    0.010265350714325905,
    0.010573839349672199,
    0.010614265967160464,
    0.009925680188462137,
    0.010181140573695301
  ],
  "train_acc": [
    0.78,
    1.98,
    3.92,
    5.6,
    8.5,
    10.3,
    11.38,
    13.18,
    14.72,
    17.04,
    18.78,
    20.76,
    21.28,
    24.42,
    24.92,
    27.3,
    27.72,
    30.86,
    31.98,
    35.86,
    37.24,
    40.6,
    43.16,
    47.18,
    50.7,
    52.12,
    58.36,
    62.94,
    64.62,
    68.54,
    70.7,
    74.22,
    77.64,
    80.64,
    83.26,
    85.14,
    88.18,
    90.52,
    92.78,
    95.2,
    96.54,
    96.84,
    98.3,
    98.58,
    99.04,
    99.26,
    99.32,
    99.68,
    99.78,
    99.72,
    99.88,
    99.92,
    99.88,
    99.86,
    99.94,
    100.0,
    100.0,
    100.0,
    100.0,
    99.98,
    100.0,
    100.0,
    99.98,
    100.0,
    100.0,
    100.0,
    100.0,
    100.0,
    100.0,
    100.0,
    100.0,
    100.0,
    100.0,
    100.0,
    100.0,
    100.0,
    100.0,
    100.0,
    100.0,
    100.0,
    100.0,
    100.0,
    100.0,
    100.0,
    100.0
  ],
  "val_loss": [
    4.671073067188263,
    4.52099609375,
    4.392166936397553,
    4.202890491485595,
    4.03164986371994,
    3.9919581770896913,
    3.930156409740448,
    4.025517749786377,
    3.8391543090343476,
    4.027454245090484,
    3.8355092763900758,
    3.8065782725811004,
    4.079995667934417,
    3.932137018442154,
    3.942465579509735,
    3.808914840221405,
    4.110368877649307,
    3.809200882911682,
    3.741725045442581,
    4.072435027360916,
    3.963289797306061,
    3.927388644218445,
    3.72121125459671,
    4.049101042747497,
    3.790387588739395,
    4.163149964809418,
    3.8015034198760986,
    3.8932812035083773,
    3.924625372886658,
    3.981328308582306,
    4.108062183856964,
    4.034014713764191,
    3.8838575065135954,
    4.0168180704116825,
    3.9445955038070677,
    4.251612180471421,
    4.142742556333542,
    4.231170010566712,
    4.0613794267177585,
    4.102548778057098,
    4.078669947385788,
    4.002429431676864,
    3.976970076560974,
    3.9264375269412994,
    3.902447098493576,
    3.8630636394023896,
    3.9772533416748046,
    3.821435862779617,
    3.8029169380664825,
    3.753127646446228,
    3.7830218851566313,
    3.7219727098941804,
    3.714988386631012,
    3.6926050186157227,
    3.6923136949539184,
    3.6857428550720215,
    3.6623494744300844,
    3.6559478282928466,
    3.6551328361034394,
    3.6398783206939695,
    3.627840441465378,
    3.628613531589508,
    3.632149338722229,
    3.621145659685135,
    3.617121493816376,
    3.616574704647064,
    3.6167789459228517,
    3.5942867398262024,
    3.5905439436435698,
    3.5910796880722047,
    3.582437831163406,
    3.5848998367786407,
    3.5820852756500243,
    3.5811374723911285,
    3.580646789073944,
    3.5774671018123625,
    3.5827820122241976,
    3.5802423655986786,
    3.5736896336078643,
    3.573767787218094,
    3.575362229347229,
    3.581791889667511,
    3.58035129904747,
    3.579418820142746,
    3.576052647829056
  ],
  "val_acc": [
    0.84,
    3.3,
    4.94,
    7.2,
    8.44,
    8.42,
    10.48,
    10.61,
    12.29,
    12.09,
    14.56,
    15.65,
    13.45,
    15.55,
    16.28,
    17.24,
    16.42,
    19.19,
    19.2,
    17.56,
    19.37,
    17.57,
    21.35,
    21.2,
    21.83,
    21.41,
    24.26,
    25.73,
    24.65,
    24.92,
    24.09,
    24.94,
    26.48,
    26.37,
    28.03,
    26.39,
    27.31,
    27.73,
    27.6,
    29.7,
    29.74,
    29.74,
    30.95,
    30.96,
    31.55,
    31.68,
    31.64,
    32.4,
    32.17,
    32.89,
    32.35,
    32.9,
    32.94,
    32.94,
    33.01,
    32.85,
    33.21,
    33.01,
    33.07,
    33.08,
    33.24,
    33.24,
    33.14,
    33.21,
    33.33,
    33.21,
    33.23,
    33.29,
    33.32,
    33.37,
    33.29,
    33.29,
    33.26,
    33.3,
    33.34,
    33.3,
    33.33,
    33.31,
    33.36,
    33.4,
    33.29,
    33.32,
    33.33,
    33.28,
    33.23
  ],