{
  "train_loss": [
    2.308552715513441,
    7.804055240419176,
    1.9101916021770902,
    1.524138159222073,
    1.3447067605124579,
    1.1402265694406297,
    1.0805371238125696,
    1.0245899028248258,
    0.9942265252272288,
    0.9703713423675961,
    0.9465418193075392,
    0.9511641528871324,
    0.9173488285806444,
    0.8807244532638125,
    0.8472515576415591,
    0.7828942371739281,
    0.7809531158871121,
    0.7384935882356432,
    0.7432883381843567,
    0.7284746170043945,
    0.7193843424320221,
    0.6937253011597527,
    0.6433662424484888,
    0.6190177102883657,
    0.6505923668543497,
    0.6033448312017653,
    0.5695406794548035,
    0.5793708744976256,
    0.5218704955445396,
    0.5062724136643939,
    0.48656870755884385,
    0.4772396402226554,
    0.43031148943636155,
    0.4119580123159621,
    0.43401696450180477,
    0.4342457900444667,
    0.3945569412575828,
    0.3840291168954637,
    0.35398710436291164,
    0.32426464226510787,
    0.3052242663171556,
    0.2535839130481084,
    0.2831825489799182,
    0.2500511631369591,
    0.2175400811764929,
    0.23532337860928643,
    0.19880756404664782,
    0.19507108049260247,
    0.16817006634341347,
    0.1602978871928321,
    0.16601823518673578,
    0.14557758511768448,
    0.10970832159121831,
    0.11241965533958541,
    0.10440751661856969,
    0.09305271030300194,
    0.07683857923580541,
    0.07253069099452761,
    0.052568150477276906,
    0.04525977931916714,
    0.03823701250884268,
    0.04661548210100995,
    0.036389064147240587,
    0.03400030773546961,
    0.025388637143704627,
    0.023128316789451573,
    0.025946547458362248,
    0.022613934706896544,
    0.017340259833468333,
    0.015332437353208661,
    0.015651306939414807,
    0.014716047948847214,
    0.013015316747542884,
    0.01273510586987767,
    0.01061721503113707,
    0.011073082530250153,
    0.012244708680858215,
    0.009882584835092226,
    0.016126148764871888,
    0.010411420009202428,
    0.010904639209103253,
    0.009499041467077203,
    0.009485485937653316,
    0.01007511244258947,
    0.014012494253822498
  ],
  "train_acc": [
    8.28888888888889,
    20.2,
    31.644444444444446,
    41.333333333333336,
    49.6,
    55.6,
    57.84444444444444,
    60.08888888888889,
    60.22222222222222,
    62.48888888888889,
    62.46666666666667,
    63.955555555555556,
    64.4888888888889,
    65.08888888888889,
    66.84444444444445,
    70.15555555555555,
    69.62222222222222,
    71.35555555555555,
    71.55555555555556,
    72.06666666666666,
    72.06666666666666,
    73.13333333333334,
    75.02222222222223,
    75.88888888888889,
    74.71111111111111,
    76.8,
    78.55555555555556,
    78.0,
    79.75555555555556,
    80.53333333333333,
    80.86666666666666,
    81.55555555555556,
    83.2,
    84.2,
    83.86666666666666,
    83.55555555555556,
    85.8,
    85.33333333333333,
    86.73333333333333,
    88.11111111111111,
    88.68888888888888,
    90.28888888888889,
    89.44444444444444,
    91.33333333333333,
    92.22222222222223,
    91.28888888888889,
    93.04444444444445,
    92.77777777777777,
    94.26666666666667,
    94.4888888888889,
    94.02222222222223,
    94.97777777777777,
    96.68888888888888,
    96.53333333333333,
    96.66666666666667,
    97.08888888888889,
    97.86666666666666,
    97.71111111111111,
    98.53333333333333,
    98.84444444444445,
    99.17777777777778,
    98.82222222222222,
    99.11111111111111,
    99.13333333333334,
    99.55555555555556,
    99.68888888888888,
    99.44444444444444,
    99.66666666666667,
    99.8,
    99.82222222222222,
    99.8,
    99.82222222222222,
    99.84444444444445,
    99.82222222222222,
    99.95555555555555,
    99.91111111111111,
    99.88888888888889,
    99.93333333333334,
    99.77777777777777,
    99.95555555555555,
    99.93333333333334,
    99.95555555555555,
    99.97777777777777,
    99.95555555555555,
    99.84444444444445
  ],
  "val_loss": [
    2.2154132744361617,
    3240.7268571524783,
    6.2508526382775145,
    3.2496793598964295,
    1.1745956725087658,
    1.2114266280470223,
    1.3102831717195182,
    1.1396518082454288,
    1.3281068678559929,
    1.3726756161656872,
    1.7263153092614536,
    1.1900287907699059,
    1.125909622373252,
    1.072170615196228,
    1.3242316883185814,
    1.0256314051562343,
    1.3857503471703365,
    1.1046484893765942,
    1.0823895211877494,
    1.6826893707801556,
    0.8840958989899734,
    1.3838954752889172,
    0.968098219098716,
    1.3751416822959637,
    1.2629626496084805,
    1.0695835310837318,
    0.7822673279663612,
    1.5730487683723713,
    1.0623284845516598,
    0.8729354636422519,
    1.1508533975173687,
    0.8814657844346145,
    0.9190558523967348,
    1.4207600601788224,
    2.9144204978285164,
    3.6148165505507897,
    1.1302914311145913,
    0.999656603254121,
    1.3602502304932167,
    2.1793437579582475,
    0.931979356140926,
    0.9094392780599923,
    1.1159681533945018,
    1.0329344457593457,
    1.340652570642274,
    1.007769241415221,
    2.7511721438375014,
    1.2988804866527688,
    0.8678138995992726,
    1.462492187475336,
    1.2505890172103356,
    1.2547980814144528,
    1.1043830452294185,
    1.384350164183255,
    1.197682314905627,
    1.1511690431627735,
    1.2139454936159069,
    1.2054862791094287,
    1.403736213157917,
    1.2055722392838577,
    1.5024401011138127,
    1.233216117168295,
    1.0994533670359645,
    1.2791249053231601,
    1.2336189726303364,
    1.1967439260976067,
    1.2185008978021556,
    1.2129870262639275,
    1.1681193709373474,
    1.1291681692518036,
    1.2610765181738754,
    1.2309027663592635,
    1.210171010987512,
    1.2380894237551197,
    1.18957081128811,
    1.177544106697214,
    1.1666396979627938,
    1.1898560565093468,
    1.2038737309390102,
    1.2003129967327775,
    1.1998746518431038,
    1.1927698439565197,
    1.1784640550613403,
    1.2053959225786144,
    1.1999468453999222
  ],
  "val_acc": [
    9.038997214484679,
    21.08635097493036,
    37.729805013927574,
    29.69359331476323,
    55.75208913649025,
    53.050139275766014,
    53.09192200557103,
    57.15877437325905,
    53.42618384401114,
    50.891364902506965,
    43.56545961002786,
    58.871866295264624,
    63.050139275766014,
    64.86072423398329,
    56.81058495821727,
    67.07520891364902,
    55.37604456824513,
    63.67688022284123,
    62.17270194986072,
    60.26462395543175,
    71.49025069637884,
    56.420612813370475,
    66.6016713091922,
    52.910863509749305,
    54.401114206128135,
    67.70194986072423,
    75.43175487465182,
    52.381615598885794,
    67.3259052924791,
    69.3175487465181,
    64.6100278551532,
    73.21727019498607,
    71.39275766016713,
    60.64066852367688,
    38.92757660167131,
    37.89693593314763,
    68.34261838440112,
    66.54596100278552,
    60.1949860724234,
    55.626740947075206,
    72.15877437325905,
    74.20612813370474,
    68.45403899721448,
    74.025069637883,
    63.3983286908078,
    74.24791086350974,
    53.07799442896936,
    67.93871866295265,
    77.24233983286908,
    63.5933147632312,
    71.35097493036211,
    70.5849582172702,
    73.3983286908078,
    67.7158774373259,
    73.85793871866295,
    73.28690807799443,
    72.3259052924791,
    74.06685236768803,
    69.91643454038997,
    73.2033426183844,
    67.33983286908078,
    72.38161559888579,
    75.86350974930362,
    72.13091922005572,
    72.2841225626741,
    73.73259052924791,
    73.60724233983287,
    74.23398328690807,
    74.91643454038997,
    75.69637883008356,
    72.85515320334262,
    73.66295264623956,
    74.16434540389972,
    73.6908077994429,
    74.4150417827298,
    74.74930362116991,
    75.08356545961003,
    74.59610027855153,
    74.06685236768803,
    74.19220055710306,
    74.4150417827298,
    74.19220055710306,
    74.55431754874652,
    73.96935933147633,
    74.33147632311977
  ],