{
  "train_loss": [
    4.730184260679751,
    4.305707813525687,
    3.6069671438664805,
    3.134727482893029,
    2.684056663999752,
    2.2977136105907205,
    2.0170890348298207,
    1.7938339278406026,
    1.6210814720513869,
    1.489778449948953,
    1.390691616097275,
    1.2985350088197358,
    1.2283814336572374,
    1.1706490510580492,
    1.1062943494441557,
    1.068271436861583,
    1.0205068703816862,
    0.9861471233319263,
    0.9417554200912008,
    0.9061607490388714,
    0.8728751683113526,
    0.8367542925537849,
    0.8039848238837962,
    0.7807000686927718,
    0.7429621970775176,
    0.7301755161309729,
    0.6990589259230361,
    0.6564792114861158,
    0.640027293441247,
    0.6158405676180002,
    0.600589032075843,
    0.572676561468718,
    0.5323179096591716,
    0.5132537523702699,
    0.4868664037512273,
    0.4691932219631818,
    0.4537442078699871,
    0.41973136160142566,
    0.41244329375271893,
    0.3797393606937661,
    0.3527292587167146,
    0.32742135614460827,
    0.29909734519160525,
    0.2826658678146041,
    0.26465015189380064,
    0.23229594680727744,
    0.22303504702083918,
    0.201721048324692,
    0.1710507339436789,
    0.16488034456816256,
    0.15113412607841345,
    0.1130478780108447,
    0.09968380719347268,
    0.086872631075735,
    0.06521858991484861,
    0.055610543791660846,
    0.04508613478582429,
    0.0366223585240695,
    0.02949559246665057,
    0.025154215678078483,
    0.01934908046292103,
    0.018264996880969525,
    0.016515016056863323,
    0.015009365980608426,
    0.013828161224836901,
    0.012874759336914487,
    0.012508211396064381,
    0.01173080626770626,
    0.011458263929686224,
    0.011170954845028416,
    0.011493876961306954,
    0.010340124967374973,
    0.010805830620799442,
    0.010500718129095527,
    0.010142499531087066,
    0.010262190865599836,
    0.01025093022059193,
    0.01001064789871096,
    0.009854566902207325,
    0.010006236644195659,
    0.009799859902289296,
    0.009674634373442707,
    0.009678111506664023,
    0.009393795975483954,
    0.009600661077289557
  ],
  "train_acc": [
    0.908,
    5.164,
    13.45,
    22.076,
    30.556,
    38.704,
    44.95,
    49.966,
    54.498,
    57.56,
    59.94,
    62.506,
    64.356,
    65.762,
    67.538,
    68.294,
    69.968,
    70.68,
    71.742,
    72.89,
    73.82,
    74.79,
    75.718,
    76.31,
    77.434,
    77.906,
    78.606,
    79.988,
    80.234,
    81.094,
    81.514,
    82.202,
    83.446,
    84.276,
    84.976,
    85.346,
    85.886,
    87.042,
    87.278,
    88.148,
    88.984,
    89.944,
    91.048,
    91.322,
    91.996,
    93.022,
    93.378,
    94.132,
    95.106,
    95.26,
    95.884,
    97.126,
    97.514,
    97.896,
    98.582,
    98.896,
    99.19,
    99.442,
    99.608,
    99.716,
    99.838,
    99.82,
    99.894,
    99.912,
    99.922,
    99.928,
    99.946,
    99.96,
    99.954,
    99.954,
    99.934,
    99.964,
    99.954,
    99.962,
    99.958,
    99.954,
    99.966,
    99.976,
    99.972,
    99.956,
    99.964,
    99.978,
    99.98,
    99.984,
    99.976
  ],
  "val_loss": [
    4.708698141574859,
    3.8493376970291138,
    3.485393911600113,
    3.0456528425216676,
    2.599857246875763,
    2.4524918377399443,
    2.253133308887482,
    2.0140332698822023,
    2.010080447793007,
    2.136867818236351,
    1.7932426512241364,
    1.6250004380941392,
    1.7276851654052734,
    1.6609821408987044,
    1.515148201584816,
    1.5840403258800506,
    1.6803076535463333,
    1.453719937801361,
    1.5590694338083266,
    1.5304475843906402,
    1.6448310315608978,
    1.5420088440179824,
    1.436185260117054,
    1.5298408329486848,
    1.3818200081586838,
    1.5898389041423797,
    1.4307290643453598,
    1.525733682513237,
    1.4386154532432556,
    1.4996418714523316,
    1.647506096959114,
    1.3384412199258804,
    1.518200933933258,
    1.4432096570730208,
    1.5726220071315766,
    1.5540160268545151,
    1.5499469637870789,
    1.4715793296694755,
    1.4008146971464157,
    1.5607971638441085,
    1.4808545917272569,
    1.4399340897798538,
    1.4198370933532716,
    1.4153523772954941,
    1.4291777282953262,
    1.3348366677761079,
    1.3932743191719055,
    1.3571885913610457,
    1.3296596467494965,
    1.4104634523391724,
    1.2715661630034447,
    1.255588948726654,
    1.2918427124619485,
    1.2322132229804992,
    1.1759295776486396,
    1.1620862513780594,
    1.104090654850006,
    1.0818627387285233,
    1.0591852366924286,
    1.0506117641925812,
    1.0255266398191452,
    1.010094590485096,
    1.0114952489733695,
    1.0061684459447862,
    0.9920824110507965,
    0.9721012800931931,
    0.9703953117132187,
    0.9654732584953308,
    0.9630698397755623,
    0.9559919625520706,
    0.953124612569809,
    0.9540077611804009,
    0.9487096160650254,
    0.9495246052742005,
    0.9493720605969429,
    0.9472383067011834,
    0.9458457142114639,
    0.9493104010820389,
    0.9495576411485672,
    0.9446061238646507,
    0.9469117388129235,
    0.9477699145674705,
    0.9469498202204705,
    0.9444239124655723,
    0.9454855054616929
  ],
  "val_acc": [
    0.91,
    9.91,
    16.61,
    25.29,
    31.76,
    36.74,
    41.28,
    46.1,
    47.56,
    45.79,
    51.05,
    55.63,
    53.72,
    55.12,
    58.8,
    57.0,
    54.64,
    60.38,
    58.16,
    59.49,
    58.49,
    60.14,
    61.68,
    61.06,
    62.38,
    59.71,
    62.66,
    61.25,
    62.83,
    61.5,
    60.17,
    65.61,
    63.17,
    63.72,
    61.86,
    62.34,
    62.32,
    64.21,
    64.76,
    63.48,
    64.02,
    65.98,
    66.54,
    65.54,
    65.48,
    67.74,
    66.98,
    67.43,
    68.63,
    67.7,
    69.96,
    69.97,
    69.74,
    71.73,
    71.93,
    72.61,
    73.46,
    74.17,
    74.66,
    74.96,
    75.06,
    75.24,
    75.35,
    75.78,
    75.69,
    75.82,
    75.86,
    76.12,
    76.06,
    76.33,
    76.22,
    76.32,
    76.57,
    76.55,
    76.45,
    76.5,
    76.47,
    76.36,
    76.34,
    76.4,
    76.53,
    76.39,
    76.23,
    76.47,
    76.51
  ],