{
  "train_loss": [
    4.529616117477417,
    4.08858962059021,
    3.8846278369426726,
    3.7435962080955507,
    3.6058592021465303,
    3.4853948593139648,
    3.3631460070610046,
    3.332150387763977,
    3.198903214931488,
    3.0583648920059203,
    3.014220780134201,
    2.9335144579410555,
    2.784138548374176,
    2.6936533987522124,
    2.6196485102176665,
    2.5239000260829925,
    2.378079217672348,
    2.2433285892009733,
    2.1823412775993347,
    2.0281618475914,
    1.984264087677002,
    1.828077644109726,
    1.789225897192955,
    1.6691488474607468,
    1.6200077772140502,
    1.548194658756256,
    1.4620924711227417,
    1.4294750571250916,
    1.4223421543836594,
    1.2319369167089462,
    1.0952871888875961,
    1.0451649323105812,
    0.9829408973455429,
    0.8592508479952812,
    0.8763464003801346,
    1.047856329381466,
    0.7464187607169152,
    0.7508483901619911,
    0.6392758689820767,
    0.5884597666561604,
    0.6064230777323246,
    0.5379217058420181,
    0.44756455942988393,
    0.3705703534185886,
    0.31249035336077213,
    0.2785216636955738,
    0.3220255557447672,
    0.2504191864281893,
    0.28306110575795174,
    0.2503253761678934,
    0.18143363296985626,
    0.11133552957326173,
    0.1184550167992711,
    0.11452003587037325,
    0.08317428566515446,
    0.06711180098354816,
    0.059913025423884395,
    0.07850081967189908,
    0.06134280571714044,
    0.046482436219230296,
    0.0554714263882488,
    0.04075569496490061,
    0.038963581109419464,
    0.03899213643744588,
    0.040195457031950356,
    0.03620252357795835,
    0.0391392475925386,
    0.036202462902292606,
    0.03059354852885008,
    0.04071209579706192,
    0.05187798170372844,
    0.03528502769768238,
    0.029743457771837713,
    0.028396624140441418,
    0.024681056383997202,
    0.026726887840777636,
    0.02818645630031824,
    0.025683662854135036,
    0.024903503665700554,
    0.027822450920939445,
    0.02313972436822951,
    0.022496458934620024,
    0.02299390216358006,
    0.023282804200425743,
    0.022405762458220124
  ],
  "train_acc": [
    3.79,
    7.31,
    9.24,
    11.18,
    13.17,
    15.38,
    17.72,
    18.41,
    20.86,
    22.64,
    23.86,
    25.28,
    27.94,
    30.53,
    32.01,
    33.11,
    37.04,
    38.34,
    41.36,
    44.06,
    45.39,
    48.6,
    49.68,
    53.18,
    54.3,
    55.65,
    58.51,
    59.21,
    59.23,
    63.79,
    68.08,
    69.18,
    71.1,
    74.14,
    74.85,
    68.74,
    78.42,
    77.6,
    81.52,
    83.69,
    82.57,
    84.74,
    87.19,
    89.74,
    91.83,
    93.32,
    91.55,
    94.23,
    93.07,
    93.75,
    95.86,
    98.1,
    98.12,
    97.92,
    98.94,
    99.27,
    99.48,
    98.93,
    99.26,
    99.81,
    99.43,
    99.85,
    99.71,
    99.83,
    99.77,
    99.86,
    99.8,
    99.85,
    99.89,
    99.86,
    99.46,
    99.88,
    99.96,
    99.95,
    99.98,
    99.95,
    99.92,
    99.96,
    99.96,
    99.94,
    100.0,
    99.97,
    99.99,
    99.98,
    99.98
  ],
  "val_loss": [
    4.977855610847473,
    3.957526516914368,
    3.9315465569496153,
    3.7579210996627808,
    3.6453118085861207,
    3.5929055333137514,
    3.6051224529743195,
    3.4203369557857513,
    3.552544242143631,
    3.365142911672592,
    3.3530097723007204,
    3.249452382326126,
    3.1664338529109957,
    3.2316896319389343,
    3.230651593208313,
    3.001493585109711,
    2.823440593481064,
    2.8543415546417235,
    2.7591669619083405,
    2.733371204137802,
    2.789929360151291,
    2.6970063984394073,
    2.934952753782272,
    2.903155881166458,
    2.703499412536621,
    2.5730809688568117,
    2.5667345345020296,
    2.6437690258026123,
    2.6007327497005464,
    2.588236367702484,
    2.5742293119430544,
    2.6532807648181915,
    2.5309323906898498,
    2.5154033601284027,
    2.785144120454788,
    2.5865709453821184,
    2.429141956567764,
    2.4907751053571703,
    2.6168592512607574,
    2.546188896894455,
    2.477189075946808,
    2.4333807468414306,
    2.4683015644550323,
    2.5096838623285294,
    2.5774261236190794,
    2.561101758480072,
    2.521073359251022,
    2.562296375632286,
    2.6275688111782074,
    2.5630512595176698,
    2.4950082302093506,
    2.48217117190361,
    2.487994047999382,
    2.5062234908342362,
    2.4799306869506834,
    2.478043007850647,
    2.4676967442035673,
    2.488992488384247,
    2.480215349793434,
    2.4803453147411347,
    2.4656754970550536,
    2.4644120216369627,
    2.4639402866363525,
    2.4585142552852632,
    2.445499038696289,
    2.448905822634697,
    2.446421441435814,
    2.463834899663925,
    2.454757434129715,
    2.4445815294981004,
    2.465584507584572,
    2.463706615567207,
    2.462340608239174,
    2.437839061021805,
    2.446548917889595,
    2.4279612600803375,
    2.4317948818206787,
    2.4366942167282106,
    2.4318511158227922,
    2.439728486537933,
    2.4383644640445707,
    2.424119809269905,
    2.4279464781284332,
    2.423585170507431,
    2.4254434913396836
  ],
  "val_acc": [
    4.41,
    9.49,
    9.37,
    11.12,
    13.82,
    14.76,
    15.21,
    17.81,
    16.93,
    19.02,
    19.73,
    21.42,
    22.91,
    23.58,
    22.63,
    27.5,
    29.74,
    30.34,
    32.31,
    31.99,
    32.33,
    33.72,
    30.45,
    31.48,
    35.76,
    38.44,
    37.64,
    37.63,
    36.96,
    39.5,
    38.43,
    39.84,
    41.7,
    41.92,
    40.49,
    40.85,
    44.37,
    43.94,
    42.66,
    43.85,
    44.57,
    45.07,
    46.06,
    46.43,
    45.87,
    45.98,
    46.91,
    46.57,
    46.04,
    46.43,
    47.74,
    48.87,
    48.44,
    48.93,
    49.38,
    50.0,
    49.54,
    49.49,
    49.61,
    50.15,
    49.73,
    49.91,
    50.24,
    50.19,
    50.33,
    50.15,
    50.25,
    50.23,
    50.42,
    50.24,
    50.41,
    50.13,
    50.56,
    50.31,
    50.59,
    50.69,
    50.74,
    50.78,
    50.82,
    50.98,
    50.72,
    50.97,
    51.02,
    50.78,
    50.7
  ],