{
  "train_loss": [
    2.304362118244171,
    2.1833950877189636,
    1.7715562582015991,
    1.362599104642868,
    1.2479372024536133,
    1.634428083896637,
    1.5401954352855682,
    1.326600342988968,
    1.270170897245407,
    1.0134185552597046,
    0.9897023588418961,
    1.007363647222519,
    0.8467463403940201,
    0.9075538367033005,
    0.8250945061445236,
    0.7130681127309799,
    0.7081640809774399,
    0.6928914934396744,
    0.736100509762764,
    0.6139064356684685,
    0.6160318702459335,
    0.5151356309652328,
    0.5006351470947266,
    0.5226724967360497,
    0.4982377216219902,
    0.43159449845552444,
    0.46365317702293396,
    0.36078430712223053,
    0.31839675456285477,
    0.284673348069191,
    0.22346507012844086,
    0.23510386422276497,
    0.26353468373417854,
    0.2097541093826294,
    0.1989399828016758,
    0.1828814446926117,
    0.15034034103155136,
    0.13728199526667595,
    0.10611935332417488,
    0.11847602017223835,
    0.06191308330744505,
    0.04834501910954714,
    0.03271134849637747,
    0.02412588312290609,
    0.02104600821621716,
    0.02049343171529472,
    0.04588065657299012,
    0.09567801002413034,
    0.08905571606010199,
    0.04526344407349825,
    0.06981148570775986,
    0.035920639522373676,
    0.02092430181801319,
    0.01711193472146988,
    0.015866719535551965,
    0.011559857870452106,
    0.005949353100731969,
    0.006043806904926896,
    0.005639338807668537,
    0.0033405510475859046,
    0.002465231082169339,
    0.0030447285971604288,
    0.002684119390323758,
    0.0021047047921456397,
    0.002355790347792208,
    0.0014792302681598812,
    0.0013367346837185323,
    0.001831467670854181,
    0.0018705670663621277,
    0.0012490606459323317,
    0.0009744421404320747,
    0.0014641058223787695,
    0.0008883589325705543,
    0.0011604848696151748,
    0.0013359464646782726,
    0.0010787371138576418,
    0.0012877510016551241,
    0.0008369111747015268,
    0.0011481634137453511,
    0.0007789014780428261,
    0.000991652166703716,
    0.0014588340854970738,
    0.0008330867567565292,
    0.001458394166547805,
    0.0010960263898596168
  ],
  "train_acc": [
    8.11111111111111,
    18.0,
    35.111111111111114,
    48.666666666666664,
    56.44444444444444,
    47.0,
    49.77777777777778,
    53.333333333333336,
    54.111111111111114,
    61.44444444444444,
    62.22222222222222,
    65.44444444444444,
    69.66666666666667,
    66.88888888888889,
    72.0,
    74.0,
    74.77777777777777,
    76.55555555555556,
    73.33333333333333,
    76.11111111111111,
    80.44444444444444,
    79.33333333333333,
    81.0,
    79.44444444444444,
    81.88888888888889,
    82.88888888888889,
    83.88888888888889,
    86.22222222222223,
    89.55555555555556,
    90.66666666666667,
    91.22222222222223,
    91.33333333333333,
    91.33333333333333,
    91.0,
    92.55555555555556,
    93.44444444444444,
    95.0,
    95.22222222222223,
    96.55555555555556,
    95.33333333333333,
    97.33333333333333,
    98.55555555555556,
    99.11111111111111,
    99.55555555555556,
    99.44444444444444,
    99.22222222222223,
    99.0,
    98.44444444444444,
    96.66666666666667,
    98.55555555555556,
    97.44444444444444,
    99.22222222222223,
    99.55555555555556,
    99.55555555555556,
    99.77777777777777,
    99.88888888888889,
    99.88888888888889,
    100.0,
    100.0,
    100.0,
    100.0,
    100.0,
    100.0,
    100.0,
    100.0,
    100.0,
    100.0,
    100.0,
    100.0,
    100.0,
    100.0,
    100.0,
    100.0,
    100.0,
    100.0,
    100.0,
    100.0,
    100.0,
    100.0,
    100.0,
    100.0,
    100.0,
    100.0,
    100.0,
    100.0
  ],
  "val_loss": [
    2.198273042152668,
    2.2161570910749764,
    1.7655228170855293,
    1.771707062063546,
    2.965799126131781,
    4.955220025161217,
    36.00379897808207,
    49.70864309113601,
    37.67805816387308,
    8.243346855558197,
    12.915889509792986,
    6.561742420854239,
    6.281915064515738,
    5.012328698717314,
    5.481242508723818,
    4.02831219804698,
    3.4033395216382782,
    6.195594557400407,
    5.142896919414915,
    4.474066323247449,
    5.276739095819408,
    4.571163547450099,
    6.066901840012649,
    4.3658899562112214,
    6.386385490154398,
    5.455122840815577,
    3.4040931339921623,
    2.831977135148542,
    3.0556278434293023,
    3.3142158327431512,
    2.6792723639258025,
    3.532996490083892,
    3.4014597267940125,
    3.5922165163632096,
    3.327036142349243,
    3.3763208697582114,
    3.0792101786054413,
    2.713578096751509,
    3.178369846837274,
    3.105509268826452,
    2.8335172575095604,
    2.76077689384592,
    2.5368309267636002,
    2.688454373129483,
    3.1555597946561615,
    2.5600499366891794,
    2.6237190591877906,
    3.4686719590219957,
    3.8005652633206597,
    3.827960622721705,
    3.815273745306607,
    5.6122556719286685,
    5.504969892830684,
    4.760323680680374,
    4.322858818646135,
    4.099724728485634,
    4.0361793534509065,
    3.7953953003061227,
    3.6048872183109153,
    3.644610910580076,
    3.647275476620115,
    3.613694162204348,
    3.6156123301078535,
    3.6119590298882844,
    3.597936852224942,
    3.626524123652228,
    3.647960379205901,
    3.670544821640541,
    3.675948036128077,
    3.6629111807921837,
    3.6864956288502135,
    3.7091202859220833,
    3.7144366091695327,
    3.729746045737431,
    3.7280598591113914,
    3.7265404503920982,
    3.7266138216544844,
    3.7294649502326704,
    3.7058646185644744,
    3.6781060490114936,
    3.7251622594636062,
    3.730439001116259,
    3.731832298739203,
    3.7168797747842195,
    3.7103005154379485
  ],
  "val_acc": [
    9.958217270194986,
    17.493036211699163,
    39.7075208913649,
    39.94428969359331,
    36.5041782729805,
    19.275766016713092,
    22.228412256267408,
    6.211699164345404,
    13.871866295264624,
    16.629526462395543,
    18.676880222841227,
    29.35933147632312,
    22.32590529247911,
    32.033426183844014,
    34.17827298050139,
    44.136490250696376,
    44.67966573816156,
    21.323119777158773,
    58.32869080779944,
    41.14206128133705,
    37.674094707520894,
    46.96378830083565,
    27.96657381615599,
    39.30362116991643,
    41.65738161559889,
    35.682451253481894,
    56.6016713091922,
    72.43732590529248,
    54.01114206128134,
    44.76323119777159,
    62.84122562674095,
    42.50696378830084,
    48.760445682451255,
    59.860724233983284,
    65.77994428969359,
    62.57660167130919,
    62.799442896935936,
    64.6100278551532,
    69.73537604456824,
    65.91922005571031,
    67.33983286908078,
    68.02228412256268,
    69.97214484679665,
    66.35097493036211,
    58.440111420612816,
    71.36490250696379,
    70.18105849582173,
    51.852367688022284,
    61.740947075208915,
    64.69359331476323,
    66.51810584958217,
    49.48467966573816,
    51.90807799442897,
    60.139275766016716,
    66.75487465181058,
    66.72701949860725,
    63.32869080779944,
    67.13091922005572,
    69.66573816155989,
    68.80222841225627,
    68.76044568245125,
    69.97214484679665,
    70.76601671309193,
    71.40668523676881,
    71.76880222841226,
    71.86629526462396,
    71.94986072423399,
    71.93593314763231,
    71.86629526462396,
    71.6991643454039,
    71.67130919220055,
    71.72701949860725,
    71.7966573816156,
    71.72701949860725,
    71.88022284122563,
    71.74094707520891,
    71.93593314763231,
    71.97771587743732,
    72.0891364902507,
    71.83844011142061,
    71.67130919220055,
    71.53203342618384,
    71.5041782729805,
    71.62952646239555,
    71.54596100278552
  ],