{
  "train_loss": [
    3.024281985229916,
    1.9477541248003643,
    1.1728444894154866,
    1.2376252346568637,
    1.166139201985465,
    1.0461484226915572,
    0.9888310101297166,
    0.9168929391437106,
    0.8814438117874993,
    0.8570895658599006,
    0.8362694084644318,
    0.837272047996521,
    0.7903521656990051,
    0.7877555754449632,
    0.7405150731404623,
    0.6913581523630354,
    0.6958910756640964,
    0.6531920863522424,
    0.6730818715360429,
    0.6447223491138883,
    0.632765198747317,
    0.5935490859879388,
    0.5116562015480466,
    0.5133216248618232,
    0.5139967252810796,
    0.4801594598425759,
    0.43411270611815983,
    0.4244690885146459,
    0.3705916735861037,
    0.34776868091689217,
    0.3237089870704545,
    0.31793567538261414,
    0.27022403395838207,
    0.2741832617256377,
    0.24736142655213675,
    0.2251642710632748,
    0.21317438781261444,
    0.19138017545143762,
    0.1514455253879229,
    0.1548613210519155,
    0.1350227114227083,
    0.14421529902352226,
    0.14663995305697122,
    0.10500625003543165,
    0.07360269460413191,
    0.0799128133803606,
    0.07310175109240744,
    0.050370163594683014,
    0.050925822721587286,
    0.062204323812491365,
    0.05770973530080584,
    0.03115259726635284,
    0.025940306355348892,
    0.02197769711104532,
    0.02710305498395529,
    0.01524917701155775,
    0.008177393180732098,
    0.006527891382575035,
    0.003951791292315142,
    0.003021182369492534,
    0.00278156161463509,
    0.002923141492323743,
    0.0020800536181519013,
    0.0024286326046826113,
    0.002006235057100033,
    0.001844294505038609,
    0.0024161712175959516,
    0.0017076445639961297,
    0.0014397264490576668,
    0.0015353327875749932,
    0.0015653114791752563,
    0.0015848300277462436,
    0.0013975143924148546,
    0.0018427027906808588,
    0.0013642735333026697,
    0.0015127422585566011,
    0.001632602616963494,
    0.001488559458973921,
    0.002850183741732811,
    0.0014413042291481462,
    0.0016244652409416933,
    0.001226659207734176,
    0.0012013233984665324,
    0.0013989383425925756,
    0.0017764998451133983
  ],
  "train_acc": [
    31.622222222222224,
    44.044444444444444,
    55.8,
    57.51111111111111,
    59.48888888888889,
    61.31111111111111,
    63.0,
    63.93333333333333,
    65.75555555555556,
    66.44444444444444,
    67.44444444444444,
    67.5111111111111,
    69.08888888888889,
    70.37777777777778,
    71.06666666666666,
    73.06666666666666,
    73.02222222222223,
    75.24444444444444,
    74.68888888888888,
    75.71111111111111,
    76.15555555555555,
    77.73333333333333,
    80.33333333333333,
    80.91111111111111,
    81.15555555555555,
    81.62222222222222,
    83.91111111111111,
    84.22222222222223,
    86.02222222222223,
    87.02222222222223,
    88.04444444444445,
    87.8,
    89.37777777777778,
    90.02222222222223,
    90.6,
    91.64444444444445,
    92.13333333333334,
    93.08888888888889,
    94.66666666666667,
    94.4,
    95.17777777777778,
    94.82222222222222,
    94.71111111111111,
    96.26666666666667,
    97.46666666666667,
    97.53333333333333,
    97.57777777777778,
    98.37777777777778,
    98.46666666666667,
    98.04444444444445,
    98.11111111111111,
    99.13333333333334,
    99.26666666666667,
    99.55555555555556,
    99.17777777777778,
    99.64444444444445,
    99.88888888888889,
    99.88888888888889,
    99.95555555555555,
    100.0,
    100.0,
    99.97777777777777,
    100.0,
    100.0,
    100.0,
    100.0,
    100.0,
    100.0,
    100.0,
    100.0,
    100.0,
    100.0,
    99.97777777777777,
    99.97777777777777,
    100.0,
    100.0,
    100.0,
    99.97777777777777,
    99.95555555555555,
    100.0,
    100.0,
    100.0,
    100.0,
    100.0,
    100.0
  ],
  "val_loss": [
    1371.494993012527,
    1306.0182747676454,
    4.970559679228684,
    2.6842525251980485,
    2.3140959410831847,
    1.6796857118606567,
    1.794104580221505,
    1.7312159332735786,
    1.4323420257403934,
    1.713745199400803,
    1.705035573449628,
    1.693146810449403,
    2.6338255446532677,
    1.5749682886847134,
    1.4034180805600922,
    1.6473713291102443,
    1.7644787821276435,
    1.7870833853195454,
    3.096754945557693,
    1.7446585523671116,
    1.9326887171843956,
    1.3146503094969124,
    1.5123401407537789,
    1.5891573182467758,
    1.1466360112716412,
    1.4904175996780396,
    0.8700049087919038,
    2.857315836281612,
    0.9412199525997557,
    1.9725391988096566,
    1.2320117231073051,
    1.00199503734194,
    1.405430764987551,
    1.001823916517455,
    1.0518566945503498,
    1.95841318574445,
    0.9936764856864666,
    1.364612312152468,
    1.039481769348013,
    5.053922118811772,
    2.3886707404564165,
    1.946538859400256,
    2.5547657054046105,
    1.3403500174653942,
    1.3980751613090778,
    1.4966757091982612,
    1.8416047219572396,
    1.4714740884715114,
    1.1380119837563614,
    2.320360619446327,
    1.526530249365445,
    2.0384294411231734,
    1.227119889752618,
    1.3200980342667679,
    1.5391446023151791,
    1.2941477154863292,
    1.3733825272527234,
    1.3466978813039845,
    1.3929993695226208,
    1.3720741518612565,
    1.3933272937248493,
    1.3974610258793008,
    1.3705231259609092,
    1.3732756335159828,
    1.3666861530007988,
    1.3652102371741985,
    1.373478260533563,
    1.381456967057853,
    1.3807869080839485,
    1.3796122115233849,
    1.3670855061761265,
    1.378702056818995,
    1.3845766618334014,
    1.3878720382164265,
    1.3848820513692395,
    1.3947283851689305,
    1.3932991233365288,
    1.3988868491402988,
    1.3997289435616855,
    1.3842021555736148,
    1.3943505246063759,
    1.3905046972735176,
    1.3902389674351132,
    1.4047760305733517,
    1.4026186877283557
  ],
  "val_acc": [
    11.7966573816156,
    16.559888579387188,
    31.866295264623954,
    36.90807799442897,
    54.66573816155989,
    56.08635097493036,
    55.22284122562674,
    62.63231197771588,
    64.67966573816156,
    62.63231197771588,
    62.5208913649025,
    65.94707520891365,
    51.05849582172702,
    64.67966573816156,
    72.1866295264624,
    66.00278551532034,
    52.56267409470752,
    64.63788300835654,
    44.192200557103064,
    63.1058495821727,
    54.56824512534819,
    70.23676880222841,
    56.25348189415042,
    57.8133704735376,
    68.60724233983287,
    58.3008356545961,
    73.09192200557104,
    56.83844011142061,
    73.8857938718663,
    62.1866295264624,
    69.3732590529248,
    76.46239554317549,
    65.47353760445682,
    73.3008356545961,
    68.73259052924791,
    55.73816155988858,
    74.62395543175488,
    70.11142061281338,
    74.025069637883,
    50.84958217270195,
    53.27298050139276,
    61.19777158774373,
    58.31476323119777,
    73.74651810584959,
    72.38161559888579,
    73.85793871866295,
    63.77437325905292,
    72.49303621169916,
    78.53760445682451,
    56.29526462395543,
    73.008356545961,
    59.83286908077994,
    74.56824512534818,
    75.40389972144847,
    68.94150417827298,
    76.15598885793872,
    74.91643454038997,
    75.01392757660167,
    74.52646239554318,
    75.30640668523677,
    75.6267409470752,
    75.47353760445682,
    76.12813370473538,
    75.6267409470752,
    75.86350974930362,
    76.32311977715878,
    75.73816155988858,
    75.79387186629526,
    75.64066852367688,
    75.45961002785515,
    76.15598885793872,
    75.64066852367688,
    75.12534818941504,
    75.44568245125348,
    75.36211699164346,
    75.33426183844011,
    75.51532033426184,
    75.22284122562674,
    75.80779944289694,
    75.5292479108635,
    75.57103064066852,
    75.45961002785515,
    75.79387186629526,
    75.57103064066852,
    75.26462395543176
  ],