{
  "train_loss": [
    3.6219239721492844,
    2.8328879840519963,
    2.3485500873351586,
    2.026502390297092,
    1.777792099179054,
    1.5979094541802699,
    1.4553215467199987,
    1.3182564012858333,
    1.2128975215006847,
    1.103265178446867,
    1.010879134341162,
    0.931814005180281,
    0.8550489882425386,
    0.7793610007787237,
    0.7121444821965938,
    0.6503868741648537,
    0.5845396830415239,
    0.5237350688905132,
    0.4650303540485246,
    0.42752344571814244,
    0.37556741082546663,
    0.3384372473371272,
    0.28806850260921885,
    0.26058641418206446,
    0.2288622677478255,
    0.21143650134303132,
    0.1898793754148848,
    0.1639413177891045,
    0.1468580643057215,
    0.13198718880968435,
    0.13106271590353274,
    0.1102196416836612,
    0.1009089698710916,
    0.09612027392247502,
    0.09037981435124363,
    0.07682231711983985,
    0.07150142082982526,
    0.06700245745251981,
    0.0642384540536726,
    0.05383463915703552,
    0.050677804960584154,
    0.047934545085252245,
    0.04054908915327824,
    0.03710235534140802,
    0.039556640765762756,
    0.03982713681702711,
    0.036611489818564484,
    0.027371966674429725,
    0.022644847655212696,
    0.017153636889760286,
    0.015895929610432714,
    0.014517323314734943,
    0.015829445736017078,
    0.015403286332967786,
    0.01542334902166788,
    0.011732440466792988,
    0.009573002819836671,
    0.009459869115261779,
    0.007618903155124993,
    0.0072716926331441775,
    0.007212681857374858,
    0.0062269507645990475,
    0.004354768459701778,
    0.005668504302905474,
    0.004422623235304669,
    0.004407487488328004,
    0.004432650320101244,
    0.0037291630352989827,
    0.003286686281338619,
    0.0027357839366863005,
    0.003320113927712759,
    0.002643487794854564,
    0.002600790042434914,
    0.0020578629215490265,
    0.0022851315776019226,
    0.0018375916434725157,
    0.0015830840680532024,
    0.001775954969254636,
    0.0016293413173858722,
    0.0015534252740266941,
    0.0014756617634628462,
    0.0016044312636653076,
    0.0015376184653307842,
    0.001442009719725394,
    0.0013287709748232262
  ],
  "train_acc": [
    14.23,
    27.634,
    37.562,
    44.754,
    50.488,
    54.54,
    58.49,
    61.772,
    64.58,
    67.468,
    69.768,
    72.09,
    74.008,
    76.166,
    78.018,
    79.792,
    81.55,
    83.456,
    85.306,
    86.21,
    87.952,
    88.96,
    90.646,
    91.518,
    92.676,
    93.068,
    93.898,
    94.71,
    95.324,
    95.93,
    95.842,
    96.504,
    96.89,
    96.974,
    97.182,
    97.668,
    97.734,
    97.88,
    98.034,
    98.454,
    98.558,
    98.56,
    98.884,
    98.968,
    98.822,
    98.886,
    98.886,
    99.284,
    99.388,
    99.604,
    99.654,
    99.64,
    99.612,
    99.626,
    99.61,
    99.77,
    99.796,
    99.808,
    99.846,
    99.828,
    99.85,
    99.878,
    99.934,
    99.884,
    99.922,
    99.912,
    99.91,
    99.922,
    99.938,
    99.958,
    99.94,
    99.954,
    99.95,
    99.966,
    99.954,
    99.968,
    99.978,
    99.966,
    99.962,
    99.97,
    99.968,
    99.968,
    99.97,
    99.972,
    99.978
  ],
  "val_loss": [
    3.2624718844890594,
    2.6603649616241456,
    2.4689862549304964,
    2.4026482820510866,
    2.096345591545105,
    2.0254752784967422,
    1.7453975558280945,
    1.5798429697752,
    1.584916079044342,
    1.5048240840435028,
    1.5959746897220612,
    1.455456006526947,
    1.5222806334495544,
    1.4740550965070724,
    1.5143754869699477,
    1.4088821917772294,
    1.438427311182022,
    1.4461000084877014,
    1.5547484427690506,
    1.5232022911310197,
    1.5300820589065551,
    1.5039697408676147,
    1.6476464837789535,
    1.5680172801017762,
    1.642750546336174,
    1.6093745619058608,
    1.6203509539365768,
    1.6015687584877014,
    1.7350179076194763,
    1.7709530860185623,
    1.787507379055023,
    1.7469132840633392,
    1.774022826552391,
    1.72438425719738,
    1.8318327516317368,
    1.8534871906042099,
    1.7828813046216965,
    1.7844814211130142,
    1.8344192564487458,
    1.8459575712680816,
    1.836535570025444,
    1.8584337741136552,
    1.8567485064268112,
    1.897917741537094,
    1.9750421285629272,
    1.8380579203367233,
    1.8859474897384643,
    1.9012655675411225,
    1.9116816908121108,
    1.859392237663269,
    1.8625182032585144,
    1.9298029601573945,
    1.9650048285722732,
    1.9263287484645844,
    1.9182504266500473,
    1.9094526082277299,
    1.9094670951366424,
    1.894147378206253,
    1.9199278622865676,
    1.9118796378374099,
    1.8955374002456664,
    1.8903089672327043,
    1.903167462348938,
    1.9231162637472152,
    1.9200700014829635,
    1.9269323855638505,
    1.9212061583995819,
    1.9202779352664947,
    1.9283112853765487,
    1.9245137691497802,
    1.9218324065208434,
    1.9056107968091964,
    1.9053855806589126,
    1.9103899449110031,
    1.9159835040569306,
    1.9114375293254853,
    1.9059039235115052,
    1.911479851603508,
    1.9073969721794128,
    1.9100170344114304,
    1.9098137080669404,
    1.9059101611375808,
    1.9098447233438491,
    1.9114424347877503,
    1.9120942324399948
  ],
  "val_acc": [
    20.8,
    31.72,
    37.12,
    39.57,
    46.01,
    47.26,
    52.22,
    55.8,
    56.91,
    59.49,
    57.98,
    61.08,
    61.11,
    61.43,
    62.2,
    63.79,
    64.31,
    64.75,
    64.46,
    64.85,
    64.52,
    65.87,
    64.04,
    66.1,
    66.29,
    67.03,
    67.27,
    67.23,
    66.69,
    67.09,
    66.68,
    67.21,
    68.02,
    68.14,
    66.77,
    67.55,
    69.07,
    68.75,
    68.56,
    69.29,
    69.2,
    69.45,
    69.37,
    69.11,
    68.12,
    69.34,
    69.52,
    69.77,
    70.03,
    70.45,
    70.51,
    70.18,
    70.17,
    69.9,
    70.34,
    70.49,
    70.64,
    70.75,
    70.8,
    70.98,
    71.02,
    71.21,
    71.46,
    71.19,
    71.4,
    71.21,
    71.46,
    71.57,
    71.51,
    71.42,
    71.39,
    71.51,
    71.7,
    71.57,
    71.71,
    71.64,
    71.66,
    71.82,
    71.71,
    71.74,
    71.78,
    71.89,
    71.83,
    71.87,
    71.73
  ],