{
  "train_loss": [
    2.304362118244171,
    2.3304083347320557,
    1.857137143611908,
    2.762400895357132,
    2.3975764214992523,
    1.543678879737854,
    1.3169667422771454,
    1.2574519217014313,
    1.0899223387241364,
    1.059729591012001,
    1.0281380116939545,
    0.9733687788248062,
    0.9527325183153152,
    0.9411847293376923,
    0.9369301497936249,
    0.845301479101181,
    0.8185522258281708,
    0.7985907346010208,
    0.8033570349216461,
    0.7852940857410431,
    0.7628767639398575,
    0.7017669081687927,
    0.6756074875593185,
    0.732278898358345,
    0.7113915085792542,
    0.6133415848016739,
    0.637437716126442,
    0.598368301987648,
    0.6306987255811691,
    0.6217870563268661,
    0.5812354236841202,
    0.5567347705364227,
    0.5238159149885178,
    0.4902680665254593,
    0.4915110021829605,
    0.5195485204458237,
    0.458077110350132,
    0.4571467712521553,
    0.43432924151420593,
    0.3952236995100975,
    0.37510569393634796,
    0.3159007877111435,
    0.29882771521806717,
    0.27432946488261223,
    0.3006942346692085,
    0.30601146072149277,
    0.2716665044426918,
    0.39600199460983276,
    0.3147507309913635,
    0.28193388134241104,
    0.2686754949390888,
    0.21517952904105186,
    0.1854143850505352,
    0.16325519792735577,
    0.2856382690370083,
    0.18909744173288345,
    0.13854347169399261,
    0.11850357614457607,
    0.1313073020428419,
    0.07536604441702366,
    0.0639900928363204,
    0.06227356754243374,
    0.05493008252233267,
    0.050944010727107525,
    0.04762284178286791,
    0.04141141241416335,
    0.03086754633113742,
    0.03274832433089614,
    0.027933319099247456,
    0.024361412972211838,
    0.018184104934334755,
    0.024393072817474604,
    0.015664921374991536,
    0.013065573060885072,
    0.01575637818314135,
    0.012564220232889056,
    0.01582361594773829,
    0.012359981425106525,
    0.013874815194867551,
    0.009968743193894625,
    0.013485362753272057,
    0.015546310693025589,
    0.01112823118455708,
    0.01841199421323836,
    0.012809810694307089
  ],
  "train_acc": [
    8.11111111111111,
    18.444444444444443,
    37.44444444444444,
    36.888888888888886,
    33.22222222222222,
    50.44444444444444,
    45.333333333333336,
    52.333333333333336,
    55.888888888888886,
    59.0,
    61.22222222222222,
    62.55555555555556,
    64.55555555555556,
    62.44444444444444,
    65.66666666666667,
    67.44444444444444,
    68.77777777777777,
    71.77777777777777,
    71.55555555555556,
    68.33333333333333,
    70.44444444444444,
    74.11111111111111,
    73.55555555555556,
    73.22222222222223,
    74.22222222222223,
    77.44444444444444,
    78.22222222222223,
    78.55555555555556,
    77.33333333333333,
    76.66666666666667,
    79.22222222222223,
    80.66666666666667,
    81.66666666666667,
    82.77777777777777,
    83.44444444444444,
    83.88888888888889,
    84.44444444444444,
    82.88888888888889,
    83.11111111111111,
    85.33333333333333,
    87.22222222222223,
    88.88888888888889,
    90.0,
    89.55555555555556,
    88.88888888888889,
    88.77777777777777,
    90.22222222222223,
    90.33333333333333,
    90.44444444444444,
    92.0,
    93.0,
    94.88888888888889,
    94.33333333333333,
    95.44444444444444,
    94.66666666666667,
    93.66666666666667,
    95.33333333333333,
    96.88888888888889,
    95.55555555555556,
    98.11111111111111,
    98.55555555555556,
    98.33333333333333,
    98.66666666666667,
    98.66666666666667,
    99.11111111111111,
    99.11111111111111,
    99.55555555555556,
    99.55555555555556,
    99.88888888888889,
    99.66666666666667,
    99.88888888888889,
    99.66666666666667,
    99.77777777777777,
    100.0,
    99.77777777777777,
    100.0,
    99.77777777777777,
    100.0,
    100.0,
    100.0,
    100.0,
    100.0,
    100.0,
    99.66666666666667,
    100.0
  ],
  "val_loss": [
    2.198273042152668,
    2.1723427608095367,
    2.6108173995182433,
    55.401552003005456,
    15128.002087823275,
    8382.822198275862,
    2793.192824791218,
    600.276960701778,
    192.8797491665544,
    29.003878363247576,
    11.049842686488711,
    5.737615141375311,
    3.31572045128921,
    3.201118025286444,
    2.7447945496131636,
    2.493358640835203,
    2.5792004157756936,
    2.492250393176901,
    2.025148165637049,
    2.3461013045804253,
    2.0576984800141433,
    1.8082045152269561,
    3.2655857349264212,
    1.9827481014975186,
    1.987176122336552,
    1.821224599049009,
    1.9711188900059666,
    2.006322544196556,
    2.8479227033154717,
    2.0032592456916283,
    2.4344752615895766,
    2.2122696555893997,
    2.058586196652774,
    2.3368625846402398,
    2.8985928831429315,
    2.517839193344116,
    3.18940572080941,
    2.9169286160633483,
    2.4937282184074663,
    2.231400049965957,
    2.2324398941007155,
    1.9951866947371384,
    1.932562025456593,
    2.349102922554674,
    2.1817396118723114,
    2.4225416635644845,
    2.424533860436801,
    2.9545224082881005,
    3.0056774040748335,
    3.3624934451333406,
    1.9726960247960583,
    1.949851895200795,
    1.9398748586917747,
    2.0889134900323274,
    2.213352141709163,
    2.1645236261959733,
    2.2154869087811173,
    2.0882132382228455,
    2.003897687484478,
    2.0615421204731383,
    2.190387561403472,
    2.1600326135240753,
    2.077385326911663,
    2.0182889103889465,
    2.0807245640919128,
    2.044471942145249,
    2.0448690447314033,
    2.0641823143794618,
    2.0455477813194536,
    2.0329671645986624,
    2.051689793323648,
    2.0647164829846085,
    2.081883722338183,
    2.0930570775064927,
    2.0905947520815094,
    2.09315013063365,
    2.0956725868685493,
    2.0992075040422637,
    2.0937135219573975,
    2.084094491498224,
    2.0975990788689973,
    2.096048535971806,
    2.097489393990615,
    2.093297296556933,
    2.102186449642839
  ],
  "val_acc": [
    9.958217270194986,
    21.323119777158773,
    33.440111420612816,
    15.487465181058496,
    11.7966573816156,
    11.7966573816156,
    11.7966573816156,
    11.7966573816156,
    14.79108635097493,
    15.139275766016713,
    14.24791086350975,
    21.545961002785514,
    38.259052924791085,
    26.295264623955433,
    41.96378830083565,
    50.139275766016716,
    44.540389972144844,
    50.0974930362117,
    61.54596100278552,
    47.95264623955432,
    60.626740947075206,
    64.3732590529248,
    42.15877437325905,
    61.8941504178273,
    53.440111420612816,
    59.77715877437326,
    58.85793871866295,
    60.40389972144847,
    46.39275766016713,
    66.15598885793872,
    47.938718662952645,
    59.108635097493035,
    69.08077994428969,
    49.97214484679666,
    49.88857938718663,
    56.01671309192201,
    49.080779944289695,
    38.77437325905292,
    53.816155988857936,
    61.155988857938716,
    61.183844011142064,
    66.7966573816156,
    70.34818941504179,
    57.381615598885794,
    67.95264623955431,
    62.00557103064067,
    58.969359331476326,
    49.73537604456825,
    48.85793871866295,
    51.768802228412255,
    69.42896935933148,
    69.40111420612813,
    71.18384401114206,
    71.53203342618384,
    66.57381615598885,
    68.41225626740948,
    68.2033426183844,
    70.5292479108635,
    70.47353760445682,
    71.55988857938719,
    69.27576601671309,
    70.02785515320335,
    70.96100278551532,
    73.46796657381616,
    72.13091922005572,
    72.39554317548746,
    71.62952646239555,
    71.00278551532034,
    71.76880222841226,
    72.43732590529248,
    72.50696378830084,
    72.6740947075209,
    72.59052924791087,
    72.6740947075209,
    73.09192200557104,
    73.18941504178272,
    73.008356545961,
    73.3008356545961,
    73.02228412256268,
    73.05013927576601,
    73.11977715877437,
    72.96657381615599,
    72.88300835654596,
    72.82729805013928,
    72.7158774373259
  ],