{
  "train_loss": [
    4.727930879592895,
    4.621228337287903,
    4.28055591583252,
    4.066893076896667,
    3.9683621644973757,
    3.8263200759887694,
    3.6519139766693116,
    3.501509463787079,
    3.3672576785087585,
    3.1931301236152647,
    3.100458824634552,
    2.9893404245376587,
    2.8620057821273805,
    2.716109871864319,
    2.640211284160614,
    2.519625246524811,
    2.447186326980591,
    2.2704951643943785,
    2.1209800362586977,
    2.0750198543071745,
    1.8962896406650542,
    1.7302982270717622,
    1.6215253174304962,
    1.5071701765060426,
    1.3693942368030547,
    1.3089620053768158,
    1.1579411059617997,
    1.0379216879606248,
    0.9241780787706375,
    0.8118170350790024,
    0.7532756090164184,
    0.635117182135582,
    0.5531376957893371,
    0.466117125749588,
    0.3880260124802589,
    0.3072222627699375,
    0.2655956566333771,
    0.22341711148619653,
    0.1929129809141159,
    0.16588156372308732,
    0.13246903531253337,
    0.10221870131790638,
    0.07960311491042375,
    0.06397384144365788,
    0.049383451230823994,
    0.03776288647204638,
    0.035252280067652464,
    0.02798689855262637,
    0.024479293543845416,
    0.022683271672576666,
    0.022079217433929443,
    0.01968616107478738,
    0.019925138726830483,
    0.01672431230545044,
    0.01630853870883584,
    0.015110821090638637,
    0.015180393867194653,
    0.014500382775440811,
    0.014158573374152184,
    0.014638767903670668,
    0.014651073748245836,
    0.014180701179429888,
    0.014138255408033729,
    0.01277519129216671,
    0.013698136527091264,
    0.012742675468325615,
    0.012477622972801328,
    0.012580440193414689,
    0.012711188942193984,
    0.01286229183897376,
    0.012524623703211547,
    0.012632020469754934,
    0.01244220295920968,
    0.011500784102827311,
    0.012237330758944153,
    0.012053246004506945,
    0.01202546744607389,
    0.01258819862268865,
    0.011956653045490383,
    0.012004601350054146,
    0.011889891792088747,
    0.012083398317918182,
    0.011862436309456825,
    0.011462027952075005,
    0.011858568293973804
  ],
  "train_acc": [
    0.78,
    2.94,
    5.02,
    7.62,
    9.2,
    11.38,
    12.7,
    16.02,
    16.82,
    21.1,
    22.54,
    24.84,
    25.94,
    30.42,
    30.42,
    33.26,
    35.32,
    38.3,
    41.44,
    42.34,
    46.86,
    51.36,
    53.7,
    56.76,
    60.46,
    61.92,
    66.5,
    70.7,
    72.92,
    76.44,
    78.24,
    82.02,
    84.3,
    86.78,
    89.8,
    92.56,
    93.98,
    94.94,
    96.1,
    96.62,
    97.48,
    98.58,
    98.76,
    99.36,
    99.6,
    99.82,
    99.7,
    99.84,
    99.94,
    99.86,
    99.96,
    99.96,
    99.9,
    99.98,
    99.98,
    99.98,
    100.0,
    99.98,
    99.96,
    99.98,
    99.98,
    99.98,
    100.0,
    100.0,
    100.0,
    100.0,
    100.0,
    100.0,
    100.0,
    100.0,
    100.0,
    100.0,
    100.0,
    100.0,
    100.0,
    100.0,
    100.0,
    100.0,
    100.0,
    100.0,
    100.0,
    100.0,
    100.0,
    100.0,
    100.0
  ],
  "val_loss": [
    4.671073067188263,
    5.6493735074996945,
    4.399883586168289,
    4.522154450416565,
    4.450351190567017,
    4.426879525184631,
    3.9022713959217072,
    3.987382930517197,
    3.7062713861465455,
    3.7574276685714723,
    3.7465229094028474,
    3.602963399887085,
    3.554599928855896,
    3.991241031885147,
    3.868303972482681,
    3.54996879696846,
    3.5248701512813567,
    3.5151528477668763,
    3.5070052325725554,
    3.6350399017333985,
    3.570430260896683,
    3.489717960357666,
    3.7364538848400115,
    3.810811400413513,
    3.6024230897426603,
    3.639622324705124,
    3.7943023085594176,
    3.767147296667099,
    3.851542055606842,
    3.84003609418869,
    3.8565077602863314,
    3.936280071735382,
    4.129807120561599,
    3.8324267685413362,
    3.8952084600925447,
    4.0937673389911655,
    3.9204321920871736,
    3.870071017742157,
    3.9706310629844666,
    4.01801922917366,
    3.9003542244434355,
    3.7946202576160433,
    3.8653137266635893,
    3.8344684064388277,
    3.828141075372696,
    3.7494012117385864,
    3.784931468963623,
    3.778138464689255,
    3.7335601568222048,
    3.7294123351573942,
    3.6939311385154725,
    3.7294533491134643,
    3.6778676927089693,
    3.681466221809387,
    3.6727509438991546,
    3.67272469997406,
    3.653538554906845,
    3.652111625671387,
    3.646239757537842,
    3.6472872674465178,
    3.6404657483100893,
    3.6368178486824037,
    3.636170369386673,
    3.627089250087738,
    3.629295825958252,
    3.6263310492038725,
    3.624731707572937,
    3.618026089668274,
    3.613934117555618,
    3.6174814224243166,
    3.607872927188873,
    3.6129132509231567,
    3.608647459745407,
    3.6082456588745115,
    3.608371216058731,
    3.6049900949001312,
    3.611866134405136,
    3.606609934568405,
    3.601700448989868,
    3.6029192090034483,
    3.603963977098465,
    3.6078843891620638,
    3.610289013385773,
    3.607577294111252,
    3.6068791687488555
  ],
  "val_acc": [
    0.84,
    3.0,
    6.07,
    7.34,
    8.11,
    9.28,
    11.25,
    10.93,
    13.98,
    13.65,
    16.2,
    18.33,
    18.36,
    16.35,
    17.33,
    20.59,
    21.24,
    21.8,
    22.53,
    22.28,
    23.23,
    24.19,
    22.77,
    24.7,
    25.43,
    25.67,
    25.75,
    25.93,
    26.6,
    26.33,
    26.87,
    27.17,
    26.93,
    29.6,
    28.14,
    27.98,
    29.43,
    30.85,
    29.85,
    30.61,
    31.87,
    32.34,
    32.18,
    32.25,
    33.48,
    33.33,
    33.22,
    33.65,
    33.58,
    34.11,
    33.86,
    33.99,
    34.07,
    34.34,
    34.66,
    34.5,
    34.54,
    34.68,
    34.6,
    34.55,
    34.55,
    34.7,
    34.62,
    34.58,
    34.86,
    34.84,
    34.78,
    34.8,
    34.78,
    34.74,
    34.78,
    34.88,
    34.79,
    34.72,
    34.88,
    34.94,
    34.83,
    34.86,
    34.82,
    35.0,
    34.87,
    34.88,
    34.83,
    34.85,
    34.96
  ],