{
  "train_loss": [
    2.3091276023122997,
    1.6060660547680325,
    0.8269446823332045,
    0.7771053810914358,
    0.6705770177973641,
    0.6251163805524508,
    0.5262830389870538,
    0.47795920073986053,
    0.6967189245753818,
    0.5571927453080813,
    0.48274411012729007,
    0.3371807858347893,
    0.28622885296742123,
    0.3682418540120125,
    0.30114128937323886,
    0.17144783793224228,
    0.139331160320176,
    0.1506158204542266,
    0.15526067051622602,
    0.10574614639497465,
    0.03971952119738691,
    0.05786735091047982,
    0.05097362838892473,
    0.02169668680936512,
    0.055138732229049005,
    0.05230747965267963,
    0.02254773674455161,
    0.03695661440077755,
    0.02345882907199363,
    0.00809170294734132,
    0.004847928715106618,
    0.013425771913413579,
    0.013698553155538522,
    0.04073791133446826,
    0.03709261049516499,
    0.010156264489827057,
    0.011738121874966763,
    0.027266723090886243,
    0.0054302355129038915,
    0.005464444231216071,
    0.04596236112087758,
    0.00968696551798429,
    0.007424568020117779,
    0.0028475028520915657,
    0.008235063821808176,
    0.07414145450780375,
    0.015385470650572743,
    0.016135158114290487,
    0.006712210723587002,
    0.003686329938419577,
    0.002950487231525282,
    0.006847393854210774,
    0.001604002264179548,
    0.0010475051595777688,
    0.0006810287199591079,
    0.000794354067895458,
    0.0006559337068918265,
    0.0005106598833258937,
    0.0027147811136577125,
    0.003498636126298354,
    0.0023851065634517,
    0.0012845708818834585,
    0.0007206645920329416,
    0.0010486966784810647,
    0.0007521890139388335,
    0.0005110367896526845,
    0.0006927867636679568,
    0.0018097822766220714,
    0.0010358362811126022,
    0.0007302515562817765,
    0.0007419142792868014,
    0.0006352486638610975,
    0.000494182188251418,
    0.0006955072329017437,
    0.0006965373314516102,
    0.0005668874586667193,
    0.000551946897758171,
    0.000486926832915439,
    0.0005267271873081983,
    0.0006034139975478562,
    0.00047027613860943046,
    0.0006390236295475108,
    0.000522496722826165,
    0.0005059323545234898,
    0.0030859384755280595
  ],
  "train_acc": [
    8.155555555555555,
    46.72222222222222,
    68.63333333333334,
    72.95555555555555,
    75.86666666666666,
    77.7,
    80.74444444444444,
    82.92222222222222,
    76.26666666666667,
    80.44444444444444,
    82.96666666666667,
    87.53333333333333,
    90.65555555555555,
    87.22222222222223,
    89.11111111111111,
    94.21111111111111,
    95.5,
    95.15555555555555,
    94.65555555555555,
    96.32222222222222,
    98.71111111111111,
    98.25555555555556,
    98.24444444444444,
    99.36666666666666,
    98.47777777777777,
    98.2,
    99.26666666666667,
    98.78888888888889,
    99.28888888888889,
    99.78888888888889,
    99.95555555555555,
    99.63333333333334,
    99.66666666666667,
    98.72222222222223,
    98.81111111111112,
    99.68888888888888,
    99.7,
    99.18888888888888,
    99.87777777777778,
    99.93333333333334,
    98.56666666666666,
    99.75555555555556,
    99.8,
    99.92222222222222,
    99.96666666666667,
    97.87777777777778,
    99.65555555555555,
    99.55555555555556,
    99.83333333333333,
    99.91111111111111,
    99.92222222222222,
    99.82222222222222,
    99.9888888888889,
    99.97777777777777,
    100.0,
    100.0,
    100.0,
    100.0,
    99.9888888888889,
    99.93333333333334,
    99.95555555555555,
    99.97777777777777,
    100.0,
    99.9888888888889,
    100.0,
    100.0,
    100.0,
    99.9888888888889,
    100.0,
    100.0,
    100.0,
    100.0,
    100.0,
    100.0,
    100.0,
    100.0,
    100.0,
    100.0,
    100.0,
    100.0,
    100.0,
    100.0,
    100.0,
    100.0,
    99.9888888888889
  ],
  "val_loss": [
    2.2519104151890197,
    3.1636970043182373,
    2.6017312222513658,
    2.9453517527415833,
    4.262944369480528,
    1.1392326334427143,
    1.9714920068609303,
    4.457191639933093,
    3.7968792833130935,
    3.035330127025473,
    2.1352860845368484,
    1.1474738902059094,
    5.219536066055298,
    1.24922749913972,
    2.0608495186115134,
    2.023605334347692,
    1.6356137908738235,
    1.3569681377246463,
    2.036674084334538,
    2.224846391842283,
    2.3589629756993262,
    1.8340860810773125,
    1.5745011896922672,
    1.9387608684342483,
    1.8781112432479858,
    1.202436050464367,
    1.3344950922604264,
    1.7216429998134744,
    1.5734145826306836,
    1.4761139359967461,
    1.396142201177005,
    1.2773086038129082,
    2.3757713909806877,
    1.6976948154383693,
    1.640438174379283,
    1.434888667073743,
    1.4181659468289078,
    1.232013244053413,
    1.1976006935382713,
    1.7180750164492378,
    1.5514965262906304,
    1.3998152757513111,
    1.218299715683378,
    1.136690343248433,
    1.3165649710030392,
    1.0884410471751773,
    1.1436195106341922,
    1.1413109014774192,
    1.155264092930432,
    1.2040254494239544,
    1.2704345748342316,
    1.014566385540469,
    1.154660282463863,
    1.0951494512886837,
    1.0524516270078461,
    1.0339103772722442,
    1.0587787052680706,
    1.1011115086489711,
    1.022941600659798,
    1.2076386562709152,
    0.9988120521964698,
    0.9696186236266432,
    0.9734235601178531,
    1.0244521529510104,
    0.9776987947266678,
    0.9502943733642841,
    0.9930727666821973,
    0.9535952159043016,
    0.9667591853388424,
    0.9845823635315073,
    0.9580203048114119,
    0.9712316321915594,
    0.9669019980677243,
    0.9890637377212788,
    0.9642316339344814,
    0.9474998178153202,
    0.9564004478783443,
    0.9562056886738745,
    0.9489009781130429,
    0.9332490902522514,
    0.9330104959422144,
    0.9928262500927366,
    0.9479701960908955,
    0.9666494233854885,
    0.9753525226280607
  ],
  "val_acc": [
    2.33983286908078,
    27.841225626740947,
    55.891364902506965,
    41.51810584958217,
    33.70473537604457,
    66.37883008356546,
    62.45125348189415,
    46.90807799442897,
    46.39275766016713,
    30.94707520891365,
    50.72423398328691,
    67.2841225626741,
    41.030640668523674,
    77.1866295264624,
    57.95264623955432,
    59.34540389972145,
    71.05849582172702,
    75.82172701949861,
    73.66295264623956,
    63.32869080779944,
    63.63509749303621,
    77.46518105849582,
    77.15877437325905,
    73.45403899721448,
    66.28133704735376,
    83.05013927576601,
    78.7883008356546,
    76.14206128133705,
    79.94428969359332,
    80.50139275766017,
    82.35376044568245,
    80.87743732590529,
    72.64623955431755,
    75.82172701949861,
    79.52646239554318,
    76.18384401114206,
    77.63231197771587,
    80.43175487465182,
    80.0974930362117,
    71.36490250696379,
    76.32311977715878,
    77.00557103064067,
    82.96657381615599,
    82.1866295264624,
    73.3008356545961,
    79.76323119777159,
    83.85793871866295,
    82.40947075208913,
    81.5041782729805,
    82.04735376044569,
    80.96100278551532,
    83.34261838440112,
    81.94986072423399,
    82.15877437325905,
    83.28690807799443,
    82.96657381615599,
    82.07520891364902,
    81.40668523676881,
    84.28969359331477,
    78.53760445682451,
    81.71309192200557,
    84.3175487465181,
    83.76044568245125,
    82.49303621169916,
    82.35376044568245,
    82.6740947075209,
    82.14484679665738,
    82.61838440111421,
    82.98050139275766,
    82.52089136490251,
    83.008356545961,
    82.95264623955431,
    83.24512534818942,
    83.03621169916434,
    82.66016713091922,
    83.67688022284122,
    83.27298050139275,
    83.24512534818942,
    83.11977715877437,
    83.35654596100278,
    83.45403899721448,
    82.33983286908078,
    83.38440111420613,
    83.56545961002786,
    82.72980501392757
  ],