{
  "train_loss": [
    2.308414578437805,
    2.237125515937805,
    2.0456855297088623,
    1.653229832649231,
    1.4316222071647644,
    1.1267014145851135,
    0.9701316356658936,
    1.5768480896949768,
    2.049474358558655,
    2.0406636595726013,
    3.438223958015442,
    2.4990615844726562,
    1.78056138753891,
    1.5858219265937805,
    1.5090743899345398,
    1.7588440775871277,
    1.2540980577468872,
    1.2549265623092651,
    1.4930246472358704,
    1.0287891328334808,
    0.9702114462852478,
    0.946650356054306,
    0.9456765949726105,
    1.0013780295848846,
    0.9028376340866089,
    0.8061035573482513,
    0.7728531062602997,
    0.7837827503681183,
    0.8150300979614258,
    0.7911061644554138,
    0.809853196144104,
    0.6762436628341675,
    0.6625889241695404,
    0.655408501625061,
    0.6025711894035339,
    0.6397937536239624,
    0.6050958633422852,
    0.6108033657073975,
    0.5665068924427032,
    0.6001894474029541,
    0.5516529232263565,
    0.5977846682071686,
    0.5704373419284821,
    0.5196132659912109,
    0.4976166784763336,
    0.5284273624420166,
    0.5111709833145142,
    0.4390680193901062,
    0.4191044867038727,
    0.4316527992486954,
    0.3955671340227127,
    0.38501957058906555,
    0.3708783984184265,
    0.39054255187511444,
    0.36363713443279266,
    0.36164094507694244,
    0.3339790999889374,
    0.3178945481777191,
    0.3162453919649124,
    0.3341711312532425,
    0.29688026010990143,
    0.3121800720691681,
    0.31465238332748413,
    0.315115362405777,
    0.2820092439651489,
    0.2734564393758774,
    0.2595444321632385,
    0.26223163306713104,
    0.23649748414754868,
    0.21804441511631012,
    0.21193232387304306,
    0.2555879205465317,
    0.4415072053670883,
    0.20812254399061203,
    0.19175200164318085,
    0.21558336168527603,
    0.19476503878831863,
    0.21054137498140335,
    0.21149958670139313,
    0.1928105130791664,
    0.210685096681118,
    0.1956779956817627,
    0.1905846744775772,
    0.22270768880844116,
    0.18668871372938156
  ],
  "train_acc": [
    7.777777777777778,
    14.0,
    21.77777777777778,
    43.333333333333336,
    54.666666666666664,
    63.111111111111114,
    66.88888888888889,
    56.888888888888886,
    51.55555555555556,
    48.0,
    42.666666666666664,
    37.333333333333336,
    40.666666666666664,
    45.55555555555556,
    50.666666666666664,
    57.111111111111114,
    53.333333333333336,
    57.77777777777778,
    52.22222222222222,
    62.22222222222222,
    62.666666666666664,
    63.55555555555556,
    64.22222222222223,
    63.55555555555556,
    62.888888888888886,
    68.66666666666667,
    70.0,
    70.0,
    68.88888888888889,
    70.44444444444444,
    72.22222222222223,
    75.11111111111111,
    73.77777777777777,
    76.66666666666667,
    76.44444444444444,
    76.22222222222223,
    77.77777777777777,
    77.11111111111111,
    80.44444444444444,
    75.33333333333333,
    78.66666666666667,
    79.55555555555556,
    79.11111111111111,
    80.88888888888889,
    80.44444444444444,
    80.66666666666667,
    81.55555555555556,
    84.66666666666667,
    86.0,
    86.0,
    85.11111111111111,
    88.0,
    86.66666666666667,
    86.44444444444444,
    86.66666666666667,
    88.22222222222223,
    88.44444444444444,
    90.44444444444444,
    89.77777777777777,
    89.55555555555556,
    91.11111111111111,
    90.66666666666667,
    89.11111111111111,
    89.77777777777777,
    89.33333333333333,
    90.66666666666667,
    91.55555555555556,
    92.0,
    93.33333333333333,
    94.44444444444444,
    94.66666666666667,
    93.55555555555556,
    89.11111111111111,
    94.0,
    96.0,
    94.0,
    94.22222222222223,
    93.77777777777777,
    93.55555555555556,
    94.66666666666667,
    92.44444444444444,
    94.0,
    93.77777777777777,
    92.88888888888889,
    94.88888888888889
  ],
  "val_loss": [
    2.1924124092891297,
    2.1757692797430632,
    2.131089268059566,
    2.039381582161476,
    1.810097414871742,
    2.4867373910443535,
    4.632316918208681,
    2.9259871285537193,
    5.124920697047792,
    66.29603524043642,
    47.535016158531455,
    851.6564773033405,
    1907.0267039331898,
    1518.5520629882812,
    536.2597366859173,
    1921.142645474138,
    2203.6708142510774,
    967.3960213496767,
    844.3272789264547,
    475.22141029094826,
    227.5737094221444,
    127.841389360099,
    66.53136102084456,
    42.54424253003351,
    28.092985482051454,
    16.792101317438586,
    13.387556158263108,
    9.246388624454367,
    5.208747354047052,
    5.77715146952662,
    6.12415861261302,
    5.483344143834607,
    4.475954935468477,
    3.247586801134307,
    2.274511530481536,
    2.0357692652735215,
    2.247094614752408,
    2.2721496409383315,
    2.7878635669576712,
    2.2479329849111624,
    2.130877577025315,
    2.0369324396396506,
    2.133575986171591,
    2.3050894531710395,
    2.5558087085855417,
    2.4895681882726737,
    2.5376089359151908,
    2.3054033024557707,
    2.083082310084639,
    2.051253133806689,
    2.1857015469978593,
    2.1826873031155816,
    2.2040523208420852,
    2.275392672111248,
    2.7860263709364266,
    2.907761314819599,
    2.8860449379888076,
    2.8334895577924004,
    2.684336144348671,
    2.20768731626971,
    1.9761271764492165,
    1.8497269523554836,
    1.816409892049329,
    1.7214559028888572,
    1.669430424427164,
    1.7029424864670326,
    1.789916626338301,
    1.8400430227148121,
    1.8552899730616603,
    1.8828971015995946,
    1.8707931452784046,
    1.876523441281812,
    1.883421223739098,
    1.9928005933761597,
    2.09135848489301,
    2.175910777059095,
    2.2526130429629623,
    2.2843861168828505,
    2.3544345230891786,
    2.411005192789538,
    2.4620151601988693,
    2.5049353714646965,
    2.5285693448165367,
    2.5686686737784026,
    2.5636405492651053
  ],
  "val_acc": [
    8.885793871866296,
    22.200557103064067,
    20.779944289693592,
    22.841225626740947,
    29.415041782729805,
    10.30640668523677,
    9.025069637883009,
    24.79108635097493,
    39.09470752089136,
    15.515320334261839,
    8.969359331476323,
    11.7966573816156,
    11.7966573816156,
    13.105849582172702,
    15.055710306406684,
    12.562674094707521,
    11.7966573816156,
    6.072423398328691,
    11.7966573816156,
    11.7966573816156,
    17.11699164345404,
    17.841225626740947,
    15.027855153203342,
    16.643454038997213,
    20.905292479108635,
    23.774373259052926,
    22.771587743732592,
    28.62116991643454,
    33.50974930362117,
    26.364902506963787,
    29.484679665738163,
    32.85515320334262,
    36.19777158774373,
    42.86908077994429,
    52.36768802228412,
    61.05849582172702,
    56.54596100278552,
    54.9025069637883,
    52.36768802228412,
    61.4066852367688,
    63.18941504178273,
    62.938718662952645,
    63.34261838440111,
    62.53481894150418,
    60.73816155988858,
    57.85515320334262,
    54.373259052924794,
    59.06685236768802,
    61.86629526462396,
    64.56824512534818,
    66.46239554317549,
    68.17548746518106,
    68.59331476323119,
    67.07520891364902,
    61.19777158774373,
    59.56824512534819,
    57.8133704735376,
    59.97214484679666,
    62.938718662952645,
    64.6100278551532,
    65.30640668523677,
    65.43175487465182,
    66.83844011142061,
    68.17548746518106,
    68.64902506963789,
    69.52646239554318,
    68.52367688022284,
    68.2033426183844,
    69.10863509749304,
    69.42896935933148,
    70.02785515320335,
    70.01392757660167,
    69.79108635097494,
    69.81894150417827,
    69.33147632311977,
    68.9275766016713,
    68.23119777158774,
    67.60445682451254,
    67.14484679665738,
    66.97771587743732,
    66.83844011142061,
    66.49025069637884,
    66.29526462395543,
    65.79387186629526,
    65.69637883008356
  ],