{
  "train_loss": [
    4.729596814330743,
    4.098079620575418,
    3.4975686207109566,
    3.0939867241042003,
    2.748845886211006,
    2.455222551919976,
    2.219548454698251,
    2.0079538049746533,
    1.8472183237270432,
    1.7021079069497633,
    1.5782304600793489,
    1.4796077444845317,
    1.3406772692592777,
    1.2682224232323316,
    1.2000760703670734,
    1.134076945331632,
    1.0627276544668236,
    1.0096228253476474,
    0.9561576499622695,
    0.888317521433441,
    0.8445619116632306,
    0.7955788258387118,
    0.7138409882175679,
    0.6451791305931247,
    0.6269303186207401,
    0.5680226420565527,
    0.5236190014651844,
    0.4799608986596672,
    0.42333061263269306,
    0.38862034267916973,
    0.3385890971641151,
    0.30553531806383816,
    0.2802488998490937,
    0.2653331597696762,
    0.23344408842373868,
    0.2204351144633731,
    0.1850817488620476,
    0.17806829998687823,
    0.16753682209064766,
    0.1478179610733475,
    0.13393307344189712,
    0.12794421540991385,
    0.10240860501950493,
    0.11379532225201933,
    0.09685236778186292,
    0.08033658345515023,
    0.07131629266148927,
    0.06755840075107253,
    0.060740857860263515,
    0.05516187766832965,
    0.053077818322166494,
    0.05542121905054213,
    0.051053192813367565,
    0.03960337980688378,
    0.0319748139246462,
    0.02673315266574904,
    0.023901963979480977,
    0.019248355669444616,
    0.01709659064986876,
    0.019952674721823816,
    0.01724659042356878,
    0.012964265872439255,
    0.011121828598445472,
    0.011607427441643323,
    0.010834721372016154,
    0.008153530769050121,
    0.0067223283605963675,
    0.005644785689323076,
    0.005481982548728262,
    0.005377801005403055,
    0.00341487703494471,
    0.003470752207973345,
    0.003709735004029389,
    0.0029999078091053405,
    0.002137962502887121,
    0.0023762922765501794,
    0.002130482406254468,
    0.0020131657235039286,
    0.001849967105211975,
    0.0018473115434266664,
    0.0018012405146561963,
    0.001394403309172865,
    0.0017954758504299894,
    0.0015841534073768677,
    0.0014810707851916514
  ],
  "train_acc": [
    0.89,
    8.518,
    16.866,
    23.888,
    30.174,
    36.138,
    41.182,
    45.57,
    49.368,
    52.724,
    55.494,
    57.992,
    61.594,
    63.44,
    64.938,
    66.58,
    68.484,
    69.876,
    71.43,
    73.154,
    74.216,
    75.49,
    77.878,
    79.91,
    80.226,
    81.956,
    83.368,
    84.516,
    86.352,
    87.548,
    88.972,
    90.022,
    90.872,
    91.31,
    92.318,
    92.666,
    94.072,
    94.242,
    94.532,
    95.082,
    95.628,
    95.848,
    96.708,
    96.242,
    96.934,
    97.438,
    97.76,
    97.872,
    98.18,
    98.3,
    98.394,
    98.264,
    98.418,
    98.828,
    99.086,
    99.28,
    99.32,
    99.498,
    99.556,
    99.496,
    99.55,
    99.682,
    99.742,
    99.726,
    99.744,
    99.82,
    99.852,
    99.894,
    99.876,
    99.894,
    99.926,
    99.94,
    99.92,
    99.93,
    99.968,
    99.958,
    99.954,
    99.95,
    99.954,
    99.952,
    99.958,
    99.98,
    99.958,
    99.97,
    99.97
  ],
  "val_loss": [
    4.70923627614975,
    3.7347740113735197,
    3.274547332525253,
    2.916738396883011,
    2.683807760477066,
    2.527560243010521,
    2.2755881428718565,
    2.0414638757705688,
    2.1521528214216232,
    1.9164934992790221,
    1.9767344295978546,
    1.8578627705574036,
    1.6768982231616973,
    1.6497113913297654,
    1.7056148678064347,
    1.7962966054677962,
    1.6790949732065201,
    1.750203189253807,
    1.871819445490837,
    1.5220081567764283,
    1.7639210194349288,
    1.662972655892372,
    1.6674760341644288,
    1.6364692002534866,
    1.6641004770994186,
    1.6078355759382248,
    1.6196504920721053,
    1.5817199915647506,
    1.7819280296564102,
    1.5360976815223695,
    1.7310436069965363,
    1.6476364195346833,
    1.697192645072937,
    1.637146097421646,
    1.7615999162197113,
    1.6637639343738555,
    1.7476364821195602,
    1.764010766148567,
    1.7108857929706573,
    1.7990104883909226,
    1.7662505507469177,
    1.7646662533283233,
    1.7998208105564117,
    1.8673941910266876,
    1.8336882650852204,
    1.84556625187397,
    1.9023438096046448,
    1.8482913702726365,
    1.8519211560487747,
    1.91669961810112,
    1.9539760291576385,
    1.9441290825605393,
    1.8551500380039214,
    1.8390907317399978,
    1.7762445151805877,
    1.8320963591337205,
    1.81819044649601,
    1.8267091453075408,
    1.99096699655056,
    1.8474017202854156,
    1.8836879462003708,
    1.8638636082410813,
    1.8499998986721038,
    1.8720986276865006,
    1.856026792526245,
    1.8352657198905944,
    1.8166631281375885,
    1.8564439564943314,
    1.8539110600948334,
    1.822543779015541,
    1.842019361257553,
    1.8495470255613327,
    1.8261529415845872,
    1.8215867549180984,
    1.8237660557031632,
    1.8141840130090714,
    1.8131975650787353,
    1.8154798835515975,
    1.8179703652858734,
    1.8151368468999862,
    1.8158121973276138,
    1.818045711517334,
    1.8189948737621306,
    1.8118584156036377,
    1.812494120001793
  ],
  "val_acc": [
    0.94,
    13.15,
    20.26,
    27.08,
    31.74,
    34.8,
    39.68,
    44.74,
    43.7,
    49.17,
    48.06,
    51.31,
    54.61,
    55.77,
    55.2,
    53.9,
    56.35,
    55.52,
    54.25,
    59.8,
    57.03,
    59.4,
    60.2,
    60.35,
    60.57,
    61.49,
    62.64,
    63.89,
    61.55,
    65.29,
    63.5,
    64.64,
    64.11,
    65.43,
    64.84,
    66.15,
    65.65,
    65.79,
    67.19,
    66.52,
    66.62,
    67.43,
    67.61,
    67.29,
    67.77,
    67.75,
    67.87,
    68.67,
    68.36,
    68.76,
    67.98,
    68.51,
    69.08,
    69.28,
    70.38,
    70.41,
    70.38,
    70.3,
    68.82,
    70.37,
    70.2,
    71.15,
    71.16,
    71.04,
    71.42,
    71.19,
    71.95,
    71.66,
    72.01,
    72.19,
    71.8,
    71.88,
    72.22,
    72.09,
    72.14,
    72.28,
    72.19,
    72.24,
    72.29,
    72.36,
    72.41,
    72.54,
    72.61,
    72.6,
    72.59
  ],