{
  "train_loss": [
    2.308552715513441,
    1.8933467004034255,
    1.0925963521003723,
    0.8621258934338888,
    0.7554597192340426,
    0.6319019728236728,
    0.560161840584543,
    0.5094056179126104,
    0.436222180724144,
    0.37447793450620437,
    0.3772783668504821,
    0.4547748433219062,
    0.3467439081933763,
    0.34776856501897174,
    0.2641584914591577,
    0.2097487991882695,
    0.13811362845202288,
    0.10695445785919826,
    0.08280381684501965,
    0.07898751770456632,
    0.11244838043219513,
    0.09482506993744108,
    0.09101401869621542,
    0.08895824435684416,
    0.07531933755510384,
    0.11818390546573533,
    0.047219671153773866,
    0.038232230529603034,
    0.030426223995164037,
    0.029333536642500095,
    0.024646802921779454,
    0.010601543349265639,
    0.004854242770104772,
    0.0010078579079062264,
    0.0007674504999562891,
    0.0017326793600255365,
    0.005208725790806865,
    0.0030320051834375286,
    0.0016061633189868492,
    0.00037868873672171804,
    0.00034245850757643994,
    0.00021444392445523085,
    0.00023715871066087857,
    0.00018886519723714123,
    0.00026392882217704836,
    0.0001972575749581059,
    0.0002003309216686628,
    0.00018736217882380716,
    0.00019290667559188377,
    0.00017712384902147783,
    0.00020138505391918847,
    0.0002632304466614086,
    0.00019294334520559965,
    0.00028494782600319013,
    0.0002623624002606246,
    0.0003536879760051508,
    0.000293204834128523,
    0.0002133734455532653,
    0.0001798001200465175,
    0.0002004117907037855,
    0.00021285513422400173,
    0.0002258414040423102,
    0.00020467248921502486,
    0.00032360315971244645,
    0.00019561045014092492,
    0.00022144836839288473,
    0.00026144974981434643,
    0.00022349763538740162,
    0.00019491314661637362,
    0.0002487653004613498,
    0.0002598650769666872,
    0.00020468140024200288,
    0.00020441862337368852,
    0.0002543266932156661,
    0.00020199462515948754,
    0.000266207068408322,
    0.00021686502885940071,
    0.00022730693065871796,
    0.0003460608616781731,
    0.00024195995663629018,
    0.0002671431850305655,
    0.00019849417246102044,
    0.00020748397623214664,
    0.00023832709606116018,
    0.0002458979094323392
  ],
  "train_acc": [
    8.28888888888889,
    33.13333333333333,
    58.355555555555554,
    67.77777777777777,
    72.6,
    76.91111111111111,
    80.4,
    82.15555555555555,
    84.55555555555556,
    87.46666666666667,
    86.95555555555555,
    85.73333333333333,
    88.46666666666667,
    88.91111111111111,
    91.15555555555555,
    93.24444444444444,
    95.55555555555556,
    96.35555555555555,
    97.44444444444444,
    97.53333333333333,
    96.26666666666667,
    96.93333333333334,
    97.04444444444445,
    97.17777777777778,
    97.5111111111111,
    96.73333333333333,
    98.57777777777778,
    98.8,
    98.97777777777777,
    99.11111111111111,
    99.35555555555555,
    99.73333333333333,
    99.91111111111111,
    100.0,
    100.0,
    99.91111111111111,
    99.84444444444445,
    99.93333333333334,
    99.97777777777777,
    100.0,
    100.0,
    100.0,
    100.0,
    100.0,
    100.0,
    100.0,
    100.0,
    100.0,
    100.0,
    100.0,
    100.0,
    100.0,
    100.0,
    100.0,
    100.0,
    100.0,
    100.0,
    100.0,
    100.0,
    100.0,
    100.0,
    100.0,
    100.0,
    100.0,
    100.0,
    100.0,
    100.0,
    100.0,
    100.0,
    100.0,
    100.0,
    100.0,
    100.0,
    100.0,
    100.0,
    100.0,
    100.0,
    100.0,
    100.0,
    100.0,
    100.0,
    100.0,
    100.0,
    100.0,
    100.0
  ],
  "val_loss": [
    2.2154132744361617,
    1.5954223830124428,
    2.291021285385921,
    2.6691687929219214,
    2.851099704873973,
    6.233326550187735,
    3.1648576259613037,
    5.453824585881726,
    4.506114433551657,
    3.1198560122785897,
    3.6100063241761307,
    6.033932225457553,
    3.2427777257458916,
    3.110829336889859,
    2.1237262610731453,
    2.7253084388272515,
    2.807019221371618,
    2.5130810038796785,
    2.3697728124158135,
    3.6159398473542312,
    3.7868914193120498,
    3.9179417511512495,
    3.544510134335222,
    4.106632684839183,
    3.3884304720779945,
    3.352786503989121,
    2.124842639627128,
    3.3045106509636186,
    3.3288670038354806,
    3.4607570006929596,
    3.8973018383157663,
    2.426670662288008,
    2.2107099787942293,
    2.0806962950476287,
    1.9782241665083786,
    1.943276647863717,
    4.046274037196718,
    1.9702575001223335,
    1.8888491022175755,
    1.9060179652838871,
    1.8071836233139038,
    1.7643250124207859,
    1.7370867996380246,
    1.7253795738877922,
    1.706329584121704,
    1.6832859639463753,
    1.672204194397762,
    1.660868223371177,
    1.643525925175897,
    1.6409791831312508,
    1.6092749998487275,
    1.6056846462447067,
    1.5986076017905926,
    1.5920737694049705,
    1.57700718065788,
    1.574387501026022,
    1.575375273309905,
    1.5582556395695126,
    1.5509171403687576,
    1.5314751329093144,
    1.5283180290255054,
    1.5113414156025853,
    1.522188951229227,
    1.5132612668234726,
    1.5140776778089589,
    1.5103732635234963,
    1.5076754134276817,
    1.5060551680367569,
    1.48349653852397,
    1.4987465842016812,
    1.4856001960820164,
    1.4896653479543225,
    1.475801866630028,
    1.4905545136024212,
    1.4826969401589756,
    1.484650599545446,
    1.4872400472904075,
    1.4861611251173348,
    1.487063804577137,
    1.474522454985257,
    1.497201379003196,
    1.4856903779095616,
    1.4893063327361797,
    1.4852467795898174,
    1.4823527685527145
  ],
  "val_acc": [
    9.038997214484679,
    37.618384401114206,
    43.119777158774376,
    38.41225626740947,
    26.991643454038996,
    36.5041782729805,
    38.67688022284123,
    31.977715877437326,
    38.35654596100279,
    60.389972144846794,
    37.63231197771588,
    28.008356545961004,
    42.43732590529248,
    64.66573816155989,
    58.03621169916435,
    56.58774373259053,
    65.02785515320335,
    69.19220055710306,
    68.28690807799443,
    51.58774373259053,
    60.682451253481894,
    61.64345403899721,
    54.108635097493035,
    57.53481894150418,
    67.88300835654596,
    69.06685236768803,
    69.4707520891365,
    69.67966573816156,
    63.3983286908078,
    62.50696378830084,
    48.77437325905292,
    64.8050139275766,
    73.09192200557104,
    75.54317548746518,
    76.82451253481894,
    76.68523676880223,
    56.559888579387184,
    73.85793871866295,
    76.62952646239555,
    75.041782729805,
    77.15877437325905,
    77.82729805013928,
    77.82729805013928,
    78.07799442896936,
    78.1058495821727,
    78.32869080779945,
    78.21727019498607,
    78.37047353760445,
    78.62116991643454,
    78.16155988857939,
    78.59331476323119,
    78.4958217270195,
    78.45403899721448,
    78.6908077994429,
    78.56545961002786,
    78.21727019498607,
    78.41225626740948,
    78.62116991643454,
    78.74651810584959,
    78.8857938718663,
    78.7883008356546,
    78.7883008356546,
    78.7883008356546,
    78.42618384401115,
    78.63509749303621,
    78.83008356545962,
    78.73259052924791,
    78.62116991643454,
    78.63509749303621,
    78.84401114206128,
    79.08077994428969,
    78.8857938718663,
    78.59331476323119,
    78.85793871866295,
    78.80222841225627,
    78.67688022284122,
    78.80222841225627,
    78.6908077994429,
    78.76044568245125,
    78.87186629526462,
    78.71866295264624,
    78.76044568245125,
    78.87186629526462,
    78.71866295264624,
    78.67688022284122
  ],