{
  "train_loss": [
    2.308414578437805,
    4.481247544288635,
    7.039883613586426,
    4.777256965637207,
    4.4756858348846436,
    3.893915295600891,
    4.807029485702515,
    3.121885061264038,
    3.446217656135559,
    4.623657584190369,
    2.2054443359375,
    2.265596866607666,
    2.16345751285553,
    1.973267674446106,
    2.0402188301086426,
    2.060853958129883,
    1.876631259918213,
    1.8271475434303284,
    1.906738519668579,
    1.817468285560608,
    1.788374662399292,
    1.8068501353263855,
    1.7911722660064697,
    1.8596436977386475,
    1.7343176007270813,
    1.7038977146148682,
    1.6741573214530945,
    1.6588937640190125,
    1.6404012441635132,
    1.6122433543205261,
    1.6310190558433533,
    1.5460938811302185,
    1.5276060104370117,
    1.4711066484451294,
    1.4640082716941833,
    1.409210205078125,
    1.3844672441482544,
    1.3693512082099915,
    1.33268803358078,
    1.3334595561027527,
    1.3415961861610413,
    1.3335893750190735,
    1.2569953799247742,
    1.2194622159004211,
    1.217215895652771,
    1.1793766617774963,
    1.186861276626587,
    1.1571475863456726,
    1.1414490938186646,
    1.1340301632881165,
    1.1197827458381653,
    1.106872320175171,
    1.0656577348709106,
    1.0826229453086853,
    1.0912957787513733,
    1.05052250623703,
    1.0278014242649078,
    1.0179091691970825,
    0.9958211183547974,
    1.0877504646778107,
    0.9712107479572296,
    0.9673683643341064,
    0.9821722507476807,
    0.9797044992446899,
    0.9396780729293823,
    0.9222515523433685,
    0.9218058586120605,
    0.9080554246902466,
    0.9027926325798035,
    0.885407418012619,
    0.8669184744358063,
    0.8931036591529846,
    0.9573653936386108,
    0.8772271573543549,
    0.8578525483608246,
    0.8801203370094299,
    0.8375402987003326,
    0.8710574805736542,
    0.8417711555957794,
    0.8569971024990082,
    0.8600452244281769,
    0.8805205523967743,
    0.8423026502132416,
    0.8897164762020111,
    0.840214878320694
  ],
  "train_acc": [
    7.777777777777778,
    8.0,
    16.444444444444443,
    21.11111111111111,
    17.77777777777778,
    18.22222222222222,
    22.0,
    23.555555555555557,
    23.333333333333332,
    22.444444444444443,
    18.88888888888889,
    18.0,
    14.88888888888889,
    26.0,
    28.22222222222222,
    31.77777777777778,
    30.666666666666668,
    30.666666666666668,
    29.333333333333332,
    29.77777777777778,
    30.22222222222222,
    31.333333333333332,
    29.555555555555557,
    30.444444444444443,
    33.77777777777778,
    30.666666666666668,
    31.11111111111111,
    32.666666666666664,
    34.888888888888886,
    33.55555555555556,
    35.333333333333336,
    37.111111111111114,
    40.44444444444444,
    42.666666666666664,
    43.55555555555556,
    47.333333333333336,
    48.666666666666664,
    45.111111111111114,
    48.44444444444444,
    48.44444444444444,
    49.77777777777778,
    50.44444444444444,
    50.666666666666664,
    52.888888888888886,
    53.55555555555556,
    55.77777777777778,
    53.55555555555556,
    55.55555555555556,
    56.666666666666664,
    56.888888888888886,
    57.333333333333336,
    58.0,
    61.333333333333336,
    59.77777777777778,
    57.77777777777778,
    60.0,
    58.888888888888886,
    60.0,
    61.333333333333336,
    60.666666666666664,
    62.888888888888886,
    61.55555555555556,
    63.55555555555556,
    63.111111111111114,
    62.888888888888886,
    64.88888888888889,
    63.111111111111114,
    67.33333333333333,
    65.33333333333333,
    68.22222222222223,
    68.0,
    66.0,
    64.0,
    67.55555555555556,
    69.33333333333333,
    64.0,
    69.55555555555556,
    67.11111111111111,
    69.33333333333333,
    68.0,
    67.55555555555556,
    65.11111111111111,
    67.77777777777777,
    66.88888888888889,
    70.0
  ],
  "val_loss": [
    2.1924124092891297,
    4.642322532061873,
    334.6255503687365,
    4675.553029027478,
    5082.781565699084,
    5424.046891837284,
    5079.964557516164,
    11607.824656519397,
    31007.983230064656,
    9783.48275862069,
    4110.715247844828,
    1673.5737136314656,
    668.9251403808594,
    474.0649245689655,
    296.2973359206627,
    192.77633614375674,
    114.96136290451577,
    63.89383250269397,
    40.880965134193154,
    34.2754938191381,
    41.3828344673946,
    35.879453856369544,
    18.978831948905157,
    9.852469427832242,
    5.081821301887775,
    2.639796051485785,
    2.880039149317248,
    2.9399609319094955,
    2.3653829837667533,
    1.8803009082531106,
    1.7273046230447704,
    1.6692799946357464,
    1.5879333224789849,
    1.528276410596124,
    1.533257143250827,
    1.4783599335571815,
    1.4824222778451854,
    1.5288579052892224,
    1.4984407877099926,
    1.448594302966677,
    1.3986232034091293,
    1.2491105137200191,
    1.174703569247805,
    1.1831877807091022,
    1.139980957425874,
    1.1723606380923042,
    1.1163127710079324,
    1.082722281587535,
    1.160646866107809,
    1.1459239926831475,
    1.141135676153775,
    1.184648398695321,
    1.0936724338038215,
    1.0582561513473248,
    1.0512237836574685,
    1.064482179181329,
    1.0534618044721669,
    1.035304307937622,
    1.0293677901399547,
    1.0589390335411861,
    1.0902287405112694,
    1.1149071002828663,
    1.1037572272892655,
    1.094214595597366,
    1.0537211525029149,
    1.052699123990947,
    1.0552336039214298,
    1.0430502912093853,
    1.0384868218980987,
    1.041854831679114,
    1.047720510384132,
    1.0552198599124778,
    1.0482075132172683,
    1.032593949087735,
    1.0364932294549614,
    1.0503244502791043,
    1.052433928539013,
    1.0533292827935055,
    1.0504806473337371,
    1.0443474876469578,
    1.042416712333416,
    1.0447189746231869,
    1.0431227992320884,
    1.0477911932715054,
    1.0497754688920646
  ],
  "val_acc": [
    8.885793871866296,
    25.08356545961003,
    18.676880222841227,
    14.415041782729805,
    20.01392757660167,
    11.7966573816156,
    1.8802228412256268,
    12.367688022284122,
    10.84958217270195,
    12.883008356545961,
    15.86350974930362,
    6.49025069637883,
    16.880222841225628,
    17.33983286908078,
    17.688022284122564,
    17.284122562674096,
    16.949860724233982,
    17.172701949860723,
    17.855153203342617,
    18.551532033426184,
    18.662952646239553,
    20.01392757660167,
    23.969359331476323,
    23.76044568245125,
    24.178272980501394,
    26.002785515320333,
    24.025069637883007,
    23.690807799442897,
    24.98607242339833,
    29.44289693593315,
    32.43732590529248,
    32.22841225626741,
    38.3983286908078,
    45.626740947075206,
    47.10306406685237,
    49.87465181058496,
    49.080779944289695,
    46.64345403899721,
    46.030640668523674,
    45.83565459610028,
    45.069637883008355,
    50.362116991643454,
    52.4791086350975,
    49.15041782729805,
    51.05849582172702,
    49.289693593314766,
    53.286908077994426,
    57.17270194986072,
    53.95543175487465,
    52.95264623955432,
    55.43175487465181,
    55.02785515320334,
    56.43454038997214,
    57.381615598885794,
    58.70473537604457,
    58.690807799442894,
    60.51532033426184,
    61.92200557103064,
    61.796657381615596,
    60.52924791086351,
    60.710306406685234,
    60.97493036211699,
    60.84958217270195,
    60.72423398328691,
    63.03621169916435,
    62.8133704735376,
    62.089136490250695,
    62.21448467966574,
    63.3008356545961,
    63.83008356545961,
    63.35654596100279,
    62.883008356545965,
    63.8857938718663,
    65.30640668523677,
    64.958217270195,
    64.55431754874652,
    64.42896935933148,
    64.67966573816156,
    64.94428969359332,
    65.1949860724234,
    65.29247910863509,
    65.37604456824512,
    65.47353760445682,
    65.51532033426184,
    65.5292479108635
  ],