{
  "train_loss": [
    2.304362118244171,
    7.6583327651023865,
    6.695296347141266,
    4.494933366775513,
    3.11360102891922,
    3.1581395268440247,
    5.75170773267746,
    4.419186592102051,
    2.746038854122162,
    2.6041396260261536,
    2.0635790824890137,
    1.9300387501716614,
    1.8341466784477234,
    1.6483865976333618,
    1.5399131774902344,
    1.4666759669780731,
    1.4545109272003174,
    1.3557156920433044,
    1.307727724313736,
    1.2661947011947632,
    1.249283254146576,
    1.1840116083621979,
    1.1549292206764221,
    1.1840595602989197,
    1.148928940296173,
    1.1005919277668,
    1.0869861245155334,
    1.0660938620567322,
    1.0575964748859406,
    1.0791297256946564,
    1.0418142080307007,
    1.0208084136247635,
    1.0353381931781769,
    0.9946812391281128,
    0.9930860996246338,
    0.9599078744649887,
    0.937831237912178,
    0.952710822224617,
    0.9597432911396027,
    0.9441672265529633,
    0.9098065793514252,
    0.8525528013706207,
    0.8887140452861786,
    0.8703796416521072,
    0.8821035772562027,
    0.844953328371048,
    0.8305541574954987,
    0.8996410071849823,
    0.8350633382797241,
    0.8010425716638565,
    0.7972877621650696,
    0.8307688981294632,
    0.7769172042608261,
    0.8277191817760468,
    0.7825354486703873,
    0.7791711688041687,
    0.7457711547613144,
    0.7081044912338257,
    0.7259826958179474,
    0.7122790068387985,
    0.6963807940483093,
    0.6628213822841644,
    0.6860426813364029,
    0.6838776767253876,
    0.6921114027500153,
    0.6449153423309326,
    0.6672685593366623,
    0.6904861032962799,
    0.6645772755146027,
    0.6524738222360611,
    0.6334917694330215,
    0.644212007522583,
    0.5860796421766281,
    0.5882636904716492,
    0.5879013538360596,
    0.564100369811058,
    0.6032521277666092,
    0.5658129900693893,
    0.5832891166210175,
    0.5540571063756943,
    0.5685839504003525,
    0.5882552266120911,
    0.5539983808994293,
    0.5761697590351105,
    0.582596018910408
  ],
  "train_acc": [
    8.11111111111111,
    17.11111111111111,
    18.77777777777778,
    26.77777777777778,
    26.444444444444443,
    25.555555555555557,
    23.555555555555557,
    24.666666666666668,
    30.0,
    26.333333333333332,
    30.77777777777778,
    38.44444444444444,
    38.666666666666664,
    41.111111111111114,
    43.111111111111114,
    45.77777777777778,
    47.77777777777778,
    48.0,
    46.111111111111114,
    51.666666666666664,
    50.0,
    52.666666666666664,
    52.666666666666664,
    53.666666666666664,
    54.888888888888886,
    54.666666666666664,
    55.44444444444444,
    56.888888888888886,
    56.44444444444444,
    56.44444444444444,
    58.77777777777778,
    60.22222222222222,
    59.55555555555556,
    60.0,
    63.0,
    63.333333333333336,
    63.22222222222222,
    64.66666666666667,
    61.77777777777778,
    63.111111111111114,
    65.77777777777777,
    68.33333333333333,
    65.77777777777777,
    67.0,
    65.44444444444444,
    67.66666666666667,
    68.66666666666667,
    69.0,
    68.77777777777777,
    71.0,
    70.11111111111111,
    68.88888888888889,
    70.66666666666667,
    70.0,
    71.11111111111111,
    71.44444444444444,
    72.11111111111111,
    73.0,
    74.66666666666667,
    74.66666666666667,
    75.22222222222223,
    75.44444444444444,
    76.0,
    75.55555555555556,
    75.0,
    76.77777777777777,
    77.55555555555556,
    74.0,
    77.77777777777777,
    77.77777777777777,
    78.22222222222223,
    77.0,
    78.66666666666667,
    77.33333333333333,
    80.44444444444444,
    79.44444444444444,
    78.88888888888889,
    80.55555555555556,
    79.77777777777777,
    80.44444444444444,
    79.11111111111111,
    79.11111111111111,
    80.88888888888889,
    79.44444444444444,
    78.33333333333333
  ],
  "val_loss": [
    2.198273042152668,
    188.1909063931169,
    810323.7413793104,
    18453.073107489225,
    384.16564625707167,
    51.98340172603213,
    25117.30893049569,
    1229.5537677633351,
    209.31108435269059,
    25.749349265263,
    7.042818365425899,
    2.212690151970962,
    2.8496465600770096,
    2.647895122396535,
    2.013114127619513,
    1.9147585424883613,
    1.907821453850845,
    1.7829031779848297,
    1.7112012279444728,
    1.716107832974401,
    1.5253077827650925,
    1.4127760015684983,
    1.3329121860964546,
    1.3010248809025204,
    1.244231207617398,
    1.1819999957906788,
    1.1840204781499402,
    1.2395614550031464,
    1.2687266982834915,
    1.3370922721665481,
    1.3268305679847454,
    1.2943734834934104,
    1.2941000297151763,
    1.2750218243434512,
    1.263724002344855,
    1.3665915480975448,
    1.3045930286933636,
    1.2268324638235157,
    1.30390530619128,
    1.3012324571609497,
    1.3217028584973565,
    1.1804279006760696,
    1.1147965316114754,
    1.1462184355176728,
    1.1922745375797665,
    1.2051068421067863,
    1.17859574638564,
    1.1920621888390903,
    1.2542509128307473,
    1.149604711039313,
    1.0781219026138043,
    1.165446784989587,
    1.182481523217826,
    1.1490946514853115,
    1.140720346878315,
    1.1002694964408875,
    1.1012900286707386,
    1.1142843982269024,
    1.0675893055981602,
    1.0984954833984375,
    1.1628851890563965,
    1.147983460590757,
    1.1413364204867134,
    1.1686523001769493,
    1.1683866402198528,
    1.148071786452984,
    1.1371174886308868,
    1.1189371902367165,
    1.1032824680722992,
    1.0935962919531197,
    1.0861880347646515,
    1.093543500735842,
    1.1160567300073032,
    1.1048604044420967,
    1.0897384450353425,
    1.1012174446007301,
    1.1142461341002892,
    1.1055846008761177,
    1.0973591578417812,
    1.0885897237679054,
    1.084200045158123,
    1.0834001611019004,
    1.0863900451824582,
    1.0904561589504111,
    1.0917380082196202
  ],
  "val_acc": [
    9.958217270194986,
    18.635097493036213,
    18.635097493036213,
    11.81058495821727,
    14.902506963788301,
    23.857938718662954,
    18.635097493036213,
    19.05292479108635,
    19.289693593314762,
    12.785515320334262,
    31.532033426183844,
    37.729805013927574,
    20.905292479108635,
    20.41782729805014,
    22.89693593314763,
    22.32590529247911,
    26.25348189415042,
    29.233983286908078,
    29.303621169916436,
    31.309192200557103,
    44.16434540389972,
    46.28133704735376,
    52.28412256267409,
    48.98328690807799,
    54.91643454038997,
    55.598885793871865,
    54.5125348189415,
    53.231197771587745,
    49.610027855153206,
    48.899721448467965,
    50.626740947075206,
    53.99721448467967,
    50.82172701949861,
    49.77715877437326,
    51.309192200557106,
    47.966573816155986,
    52.82729805013928,
    54.67966573816156,
    50.72423398328691,
    52.033426183844014,
    52.883008356545965,
    59.15041782729805,
    62.63231197771588,
    63.3008356545961,
    62.56267409470752,
    59.30362116991643,
    60.2924791086351,
    59.456824512534816,
    56.68523676880223,
    62.24233983286908,
    65.34818941504179,
    62.39554317548747,
    59.108635097493035,
    61.75487465181058,
    61.54596100278552,
    64.73537604456824,
    64.4707520891365,
    63.27298050139276,
    67.6740947075209,
    64.73537604456824,
    61.183844011142064,
    62.66016713091922,
    63.816155988857936,
    63.45403899721448,
    63.440111420612816,
    63.56545961002786,
    64.22005571030641,
    65.51532033426184,
    64.44289693593315,
    64.38718662952647,
    65.6824512534819,
    65.76601671309193,
    65.0974930362117,
    65.98885793871867,
    66.35097493036211,
    65.75208913649026,
    65.32033426183844,
    65.55710306406685,
    65.66852367688023,
    65.91922005571031,
    65.93314763231197,
    66.14206128133705,
    66.00278551532034,
    65.76601671309193,
    65.71030640668523
  ],